Excel Store Name,Excel City,Excel State,Match %,DB Store Name,DB City,DB Store ID,Status
"Vs - Mira Road Br","Thane","Maharashtra",59,"VS-Mira Road Br","Thane","store_000102","UNMATCHED"
"Vs - Goregaon (W) Br","Mumbai","Maharashtra",59,"VS-Goregaon (W) Br","Mumbai","store_000119","UNMATCHED"
"Vs - Goregaon (E) Br","Mumbai","Maharashtra",59,"VS-Goregaon (E) Br","Mumbai","store_000158","UNMATCHED"
"Croma -Mumbai-Pmc Lower Parel Mall- A027","Mumbai","Maharashtra",59,"Croma-Mumbai-PMC Lower Parel Mall","Mumbai","store_000622","UNMATCHED"
"Croma-Vapi-Gidc- A486","Vapi","Gujarat",59,"Croma-Vapi-GIDC","Vapi","store_000693","UNMATCHED"
"Sanjay Trading Company","Jabalpur","Madhya Pradesh",59,"RK TRADING COMPANY","Kanpur","store_001990","UNMATCHED"
"Croma - Kolkata-Salt Lake Sector 1- A633","Kolkata","West Bengal",58,"Croma-Kolkata-Salt Lake Sector 1","Kolkata","store_000248","UNMATCHED"
"K P Cool Point","Kolkata","West Bengal",58,"COOL POINT","Kolkata","store_002001","UNMATCHED"
"Lakshay Mobile & Electronics","Gurgaon","Haryana",58,"PRIYANKA MOBILE & ELECTRONICS","Patna","store_002133","UNMATCHED"
"Rahul Electro World","Jaipur","Rajasthan",58,"GANPATI ELECTRO WORLD","Amritsar","store_000749","UNMATCHED"
"Bharath Electronics","Bhubaneswar","Odisha",58,"BHARAT ELECTRONICS","Delhi","store_000864","UNMATCHED"
"Standerd Electronics","Lucknow","Uttar Pradesh",58,"STANDARD ELECTRONICS","Lucknow","store_002062","UNMATCHED"
"Agarwal Enterprises","Noida","Uttar Pradesh",58,"AGGARWAL ENTERPRISES","Jodhpur","store_001931","UNMATCHED"
"Mondal Distribution Pvt. Ltd","Kolkata","West Bengal",58,"MONDAL DISTRIBUTION","Kolkata","store_002015","UNMATCHED"
"Rohit Refrigeration Pvt Ltd","Kolkata","West Bengal",58,"ROHIT REFRIGERATION","Kolkata","store_002021","UNMATCHED"
"Shiva Enterprises","Amritsar","Punjab",57,"SHIVAM ENTERPRISES","Delhi","store_000887","UNMATCHED"
"Omm Electronics","Bhubaneswar","Odisha",57,"OM ELECTRONICS","Delhi","store_001793","UNMATCHED"
"Pal Electronics","Bhubaneswar","Odisha",57,"PAL ELECTRONIC","Ludhiana","store_002088","UNMATCHED"
"Pruthi Electricals","Ludhiana","Punjab",57,"PRUTHI ELECTRICAL","Ludhiana","store_002089","UNMATCHED"
"Sonu Electronics","Ludhiana","Punjab",57,"SONU ELECTRONIC","Ludhiana","store_002097","UNMATCHED"
"V.K. Electronics","Delhi","Delhi",57,"B.K. ELECTRONICS","Delhi","store_000930","UNMATCHED"
"Kanpur Cooling Services P Ltd","Lucknow","Uttar Pradesh",57,"KANPUR COOLING SERVICES PRIVATE LIM","Kanpur","store_001970","UNMATCHED"
"Kushal Home Appliances","Jagdalpur","Chhattisgarh",57,"Rakesh-Aaradhya Home Appliances","Delhi","store_002192","UNMATCHED"
"Goel Electronico","Chandigarh","Chandigarh",57,"GOEL ELECTRONICS","Amritsar","store_000751","UNMATCHED"
"Ambika Electronic","Surat","Gujarat",57,"AMBIKA ELECTRONICS","Delhi","store_000906","UNMATCHED"
"Singhania Traders","Ranchi","Jharkhand",57,"SINGHNIA TRADERS","Ranchi","store_002175","UNMATCHED"
"Anant Electronics","Indore","Madhya Pradesh",57,"ANAND ELECTRONICS","Delhi","store_000895","UNMATCHED"
"Mm Enterprises","Bhubaneswar","Odisha",57,"MI ENTERPRISES","Delhi","store_000897","UNMATCHED"
"C.L Electronics","Ludhiana","Punjab",57,"C.L .ELECTRONIC","Ludhiana","store_002067","UNMATCHED"
"Sk Enterprises","Jaipur","Rajasthan",57,"SS ENTERPRISES","Noida","store_000030","UNMATCHED"
"Sangita Radios","Lucknow","Uttar Pradesh",57,"SANGITA RADIO","Lucknow","store_002055","UNMATCHED"
"M.R. Enterprises","Dehradun","Uttarakhand",57,"MI ENTERPRISES","Delhi","store_000897","UNMATCHED"
"Gopal Electronics","Kolkata","West Bengal",57,"GOYAL ELECTRONICS","Delhi","store_000916","UNMATCHED"
"Madaan Electronics","Chandigarh","Chandigarh",57,"MADAN ELECTRONICS","Sonipat","store_000833","UNMATCHED"
"Super Electronic","Delhi","Delhi",57,"SUPER ELECTRONICS","Delhi","store_000881","UNMATCHED"
"Rama Electronics","Lucknow","Uttar Pradesh",57,"RAM ELECTRONICS","Meerut","store_000062","UNMATCHED"
"Vs - Andheri Br","Mumbai","Maharashtra",56,"VS-Chakala Andheri Br","Mumbai","store_000150","UNMATCHED"
"Guru Kirpa Enterprises","Ludhiana","Punjab",56,"GURU KIRPA ELECTRONIC","Ludhiana","store_002078","UNMATCHED"
"Air Care Electronics","Lucknow","Uttar Pradesh",56,"AIR CARE","Lucknow","store_000720","UNMATCHED"
"New Maha Laxmi Electronics","Noida","Uttar Pradesh",56,"LAXMI ELECTRONICS","Ghaziabad","store_000047","UNMATCHED"
"Dua Electronics","Amritsar","Punjab",55,"SUN ELECTRONICS","Kolkata","store_002029","UNMATCHED"
"Maan Enterprises","Amritsar","Punjab",55,"JAIN ENTERPRISES","Delhi","store_000847","UNMATCHED"
"Baba Electronics","Bhopal","Madhya Pradesh",55,"DABAS ELECTRONICS","Delhi","store_000888","UNMATCHED"
"Sgr Enterprises","Bangalore","Karnataka",55,"SS ENTERPRISES","Noida","store_000030","UNMATCHED"
"Star Enterprises","Delhi","Delhi",55,"SAI ENTERPRISES","Patna","store_002139","UNMATCHED"
"Lalit Electronics","Bhubaneswar","Odisha",55,"WALIA ELECTRONICS","Amritsar","store_000872","UNMATCHED"
"Sagar Electronics","Bhubaneswar","Odisha",55,"GAGAN ELECTRONICS","Jammu","store_001918","UNMATCHED"
"Bhatia Brothers","Chandigarh","Chandigarh",55,"BHASIN BROTHERS","Meerut","store_000026","UNMATCHED"
"Jmd Electronics","Chandigarh","Chandigarh",55,"MY ELECTRONICS","Amritsar","store_000763","UNMATCHED"
"Pawan Electronics","Delhi","Delhi",55,"MADAN ELECTRONICS","Sonipat","store_000833","UNMATCHED"
"Gaba Electronics & Electricals","Gurgaon","Haryana",55,"OM ELECTRONICS AND ELECTRICALS","Delhi","store_000865","UNMATCHED"
"Maya Enterprises","Jaipur","Rajasthan",55,"GABA ENTERPRISES","Ludhiana","store_002071","UNMATCHED"
"Niketa Telcom","Patna","Bihar",55,"NIKETA TELECOME","Patna","store_002130","UNMATCHED"
"Kalra Electronics","Mohali","Punjab",55,"WALIA ELECTRONICS","Amritsar","store_000872","UNMATCHED"
"Paras Electronics","Delhi","Delhi",55,"DABAS ELECTRONICS","Delhi","store_000888","UNMATCHED"
"Ajay Electronics","Lucknow","Uttar Pradesh",55,"AMAN ELECTRONICS","Delhi","store_000909","UNMATCHED"
"Shree Balaji Appliances","Ghaziabad","Uttar Pradesh",55,"SHREE BALAJI ENTERPRISES","Kanpur","store_001991","UNMATCHED"
"G.N. Electronics","Bhubaneswar","Odisha",55,"SUN ELECTRONICS","Kolkata","store_002029","UNMATCHED"
"Alka Electronics","Surat","Gujarat",55,"WALIA ELECTRONICS","Amritsar","store_000872","UNMATCHED"
"Milan Enterprises.","Mumbai","Maharashtra",55,"KIRAN ENTERPRISES","Kanpur","store_001971","UNMATCHED"
"Yash Electronics","Thane","Maharashtra",55,"HARSH ELECTRONICS","Delhi","store_000862","UNMATCHED"
"Zee Electronics","Mumbai","Maharashtra",55,"DEEP ELECTRONICS","Kanpur","store_001958","UNMATCHED"
"Tara Enterprises","Indore","Madhya Pradesh",55,"GABA ENTERPRISES","Ludhiana","store_002071","UNMATCHED"
"Kishan Enterprises","Bhubaneswar","Odisha",55,"KIRAN ENTERPRISES","Kanpur","store_001971","UNMATCHED"
"Psr Enterprises","Lucknow","Uttar Pradesh",55,"SS ENTERPRISES","Noida","store_000030","UNMATCHED"
"Sunita Electronics","Bhubaneswar","Odisha",55,"RUNGTA ELECTRONICS","Lucknow","store_002053","UNMATCHED"
"Kamal Electronics","Ludhiana","Punjab",55,"KUMAR ELECTRONICS","Delhi","store_000852","UNMATCHED"
"Avishan Traders","Lucknow","Uttar Pradesh",55,"VISHAL TRADERS","Gorakhpur","store_000748","UNMATCHED"
"Bapi Electronics","Lucknow","Uttar Pradesh",55,"GAVI ELECTRONICS","Ludhiana","store_002073","UNMATCHED"
"Av Enterprises","Ghaziabad","Uttar Pradesh",55,"AGS ENTERPRISES","Patna","store_002107","UNMATCHED"
"Garg Enterprises","Noida","Uttar Pradesh",55,"KANG ENTERPRISES","Ludhiana","store_002081","UNMATCHED"
"Aas Electronics","Delhi","Delhi",55,"RAM ELECTRONICS","Meerut","store_000062","UNMATCHED"
"Sahu Electronics","Bareilly","Uttar Pradesh",55,"SIDHU ELECTRONICS","Ludhiana","store_002096","UNMATCHED"
"Kbm Electronics","Delhi","Delhi",55,"RAM ELECTRONICS","Meerut","store_000062","UNMATCHED"
"Maa Electronics","Sambalpur","Odisha",55,"RAM ELECTRONICS","Meerut","store_000062","UNMATCHED"
"Janta Electronics","Chandigarh","Chandigarh",55,"GANGA ELECTRONICS","Hooghly","store_001076","UNMATCHED"
"M S Rr Services","Ghaziabad","Uttar Pradesh",54,"ASP - M S SHREE SERVICES","Pune","store_001354","UNMATCHED"
"Raj Electronics Link Road","Bhubaneswar","Odisha",54,"RAJ ELECTRONICS","Delhi","store_000880","UNMATCHED"
"Ideal Home Appliances","Ernakulam","Kerala",54,"Rakesh-Aaradhya Home Appliances","Delhi","store_002192","UNMATCHED"
"Pal Electronics & Mobile World","Ludhiana","Punjab",54,"ELECTRONICS WORLD","Udaipur","store_002181","UNMATCHED"
"Shri Thakur Electronics","Kanpur","Uttar Pradesh",54,"SHRI BALA JI ELECTRONICS","Kanpur","store_001992","UNMATCHED"
"Arohi Electrical & Electronics","Lucknow","Uttar Pradesh",54,"MAMATA ELECTRICAL AND ELECTRONICS","Bhubaneswar","store_001666","UNMATCHED"
"K.M Enterprise","Kolkata","West Bengal",54,"UMA ENTERPRISE","Howrah","store_001080","UNMATCHED"
"VS -Delhi(Hauz Khas)","Delhi","Delhi",53,"VS-Delhi(Hauz Khas)","Delhi","store_000113","UNMATCHED"
"VS -Ts(Jubilee Hills)","Hyderabad","Telangana",53,"VS-Ts(Jubilee Hills)","Hyderabad","store_000116","UNMATCHED"
"VS -Delhi(Mahavir Enclave)","Delhi","Delhi",53,"VS-Delhi(Mahavir Enclave)","Delhi","store_000121","UNMATCHED"
"VS -Ts(Vivekananda Nagar)","Hyderabad","Telangana",53,"VS-Ts(Vivekananda Nagar)","Hyderabad","store_000122","UNMATCHED"
"VS -Surat(Varachha) Br","Surat","Gujarat",53,"VS-Surat(Varachha) Br","Surat","store_000126","UNMATCHED"
"VS -Surat(Mota Varachha)","Surat","Gujarat",53,"VS-Surat(Mota Varachha)","Surat","store_000134","UNMATCHED"
"VS -Surat(Parvat Patiya)","Surat","Gujarat",53,"VS-Surat(Parvat Patiya)","Surat","store_000148","UNMATCHED"
"VS -Surat(Ved Road)","Surat","Gujarat",53,"VS-Surat(Ved Road)","Surat","store_000156","UNMATCHED"
"VS -Ahmedabad(Vishala) Br","Ahmedabad","Gujarat",53,"VS-Ahmedabad(Vishala) Br","Ahmedabad","store_000173","UNMATCHED"
"VS -Delhi(Roop Nagar)","Delhi","Delhi",53,"VS-Delhi(Roop Nagar)","Delhi","store_000180","UNMATCHED"
"VS -Ahmedabad(Odhav) Br","Ahmedabad","Gujarat",53,"VS-Ahmedabad(Odhav) Br","Ahmedabad","store_000195","UNMATCHED"
"VS -Ts(Paradise Circle)","Hyderabad","Telangana",53,"VS-Ts(Paradise Circle)","Hyderabad","store_000199","UNMATCHED"
"VS -Ahmedabad(R3Mall) Br","Ahmedabad","Gujarat",53,"VS-Ahmedabad(R3Mall) Br","Ahmedabad","store_000201","UNMATCHED"
"VS -Ulhasnagar Br","Thane","Maharashtra",53,"VS-Ulhasnagar Br","Thane","store_000205","UNMATCHED"
"VS -Ahmedabad(Rakhial) Br","Ahmedabad","Gujarat",53,"VS-Ahmedabad(Rakhial) Br","Ahmedabad","store_000208","UNMATCHED"
"VS -Delhi(Budh Vihar)","Delhi","Delhi",53,"VS-Delhi(Budh Vihar)","Delhi","store_000212","UNMATCHED"
"VS -Vadodara(Manjalpur) Br","Vadodara","Gujarat",53,"VS-Vadodara(Manjalpur) Br","Vadodara","store_000220","UNMATCHED"
"VS -Ap(Rajahmundry-Jln Road)","Rajahmundry","Andhra Pradesh",53,"VS-Ap(Rajahmundry-Jln Road)","Rajahmundry","store_000221","UNMATCHED"
"VS -Ts(Wrg-Pochamma Maidan)","Hyderabad","Telangana",53,"VS-Ts(Wrg-Pochamma Maidan)","Hyderabad","store_000227","UNMATCHED"
"VS -Vadodara(Kothi Road)","Vadodara","Gujarat",53,"VS-Vadodara(Kothi Road)","Vadodara","store_000231","UNMATCHED"
"Croma -Indore-Vijay Nagar Square- A186","Indore","Madhya Pradesh",53,"Croma-Indore-Vijay Nagar Square","Indore","store_000336","UNMATCHED"
"Croma -Gurugram-Mall Fifty One- A316","Gurugram","Haryana",53,"Croma-Gurugram-Mall Fifty One","Gurugram","store_000424","UNMATCHED"
"Croma - Siliguri-Dwarika Mahabir Square- A589","Siliguri","West Bengal",53,"Croma-Siliguri-Dwarika Mahabir Square","Siliguri","store_000457","UNMATCHED"
"Croma -Navi Mumbai-Seawoods Mall- A141","Mumbai","Maharashtra",53,"Croma-Navi Mumbai-Seawoods Mall","Mumbai","store_000632","UNMATCHED"
"Master Electronics","Baharaich","Uttar Pradesh",53,"MAYUR ELECTRONICS","Delhi","store_000928","UNMATCHED"
"Malik Enterprises","Jind","Haryana",53,"JAIN ENTERPRISES","Delhi","store_000847","UNMATCHED"
"Aakash Electronics","Jhajjar","Haryana",53,"HARSH ELECTRONICS","Delhi","store_000862","UNMATCHED"
"Durga Electronics","Gurugram","Haryana",53,"GUPTA ELECTRONICS","Amritsar","store_000752","UNMATCHED"
"Anand Enterprises","Bhubaneswar","Odisha",53,"AJAY ENTERPRISES","Kanpur","store_001952","UNMATCHED"
"Apsara Electronics","Bhubaneswar","Odisha",53,"ARORA ELECTRONICS","Amritsar","store_000066","UNMATCHED"
"Baiju Electronics","Darbhanga","Bihar",53,"RAJ ELECTRONICS","Delhi","store_000880","UNMATCHED"
"Geeta Enterprises","Buxar","Bihar",53,"GABA ENTERPRISES","Ludhiana","store_002071","UNMATCHED"
"VS -Pune(Dange Chowk)","Pune","Maharashtra",53,"VS-Pune(Dange Chowk)","Pune","store_001641","UNMATCHED"
"Kalinga Enterprises","Bhubaneswar","Odisha",53,"KANG ENTERPRISES","Ludhiana","store_002081","UNMATCHED"
"Padhy Electronics","Bhubaneswar","Odisha",53,"MADAN ELECTRONICS","Sonipat","store_000833","UNMATCHED"
"Patro Enterprises","Bhubaneswar","Odisha",53,"LADO ENTERPRISES","Patna","store_000949","UNMATCHED"
"Shamuka Electronics","Bhubaneswar","Odisha",53,"SHAKUN ELECTRONICS","Udaipur","store_002182","UNMATCHED"
"Paras Enterprises","Chandigarh","Chandigarh",53,"AARUSH ENTERPRISES","Delhi","store_000853","UNMATCHED"
"Aarav Enterprises","Delhi","Delhi",53,"AARUSH ENTERPRISES","Delhi","store_000853","UNMATCHED"
"Kavya Enterprises","Jaipur","Rajasthan",53,"KANG ENTERPRISES","Ludhiana","store_002081","UNMATCHED"
"Reliable Service","Jaipur","Rajasthan",53,"ASP - RELIABLE SERVICE CENTER","Ghaziabad","store_001489","UNMATCHED"
"VS -Mahavir Nagar","Mumbai","Maharashtra",53,"VS-Mahavir Nagar","Mumbai","store_002201","UNMATCHED"
"Nutan Electronics","Delhi","Delhi",53,"GUPTA ELECTRONICS","Amritsar","store_000752","UNMATCHED"
"New Sky Fairy Electronics","Indore","Madhya Pradesh",53,"NEW PAYAL ELECTRONICS","Patna","store_002128","UNMATCHED"
"Samrat Electronics","Ghaziabad","Uttar Pradesh",53,"BHARAT ELECTRONICS","Delhi","store_000864","UNMATCHED"
"Swagat Electronics","Lucknow","Uttar Pradesh",53,"BHARAT ELECTRONICS","Delhi","store_000864","UNMATCHED"
"Kataria Sales Corporation","Delhi","Delhi",53,"Kataria Sales Corp Godrej","Delhi","store_001170","UNMATCHED"
"Aliyas Electronics","Ernakulam","Kerala",53,"WALIA ELECTRONICS","Amritsar","store_000872","UNMATCHED"
"Gulzar Electronics","Delhi","Delhi",53,"GUPTA ELECTRONICS","Amritsar","store_000752","UNMATCHED"
"Ultra Electronics","Delhi","Delhi",53,"ARORA ELECTRONICS","Amritsar","store_000066","UNMATCHED"
"Kiran Electronics","Mumbai","Maharashtra",53,"RAM ELECTRONICS","Meerut","store_000062","UNMATCHED"
"Shivam Electronics","Indore","Madhya Pradesh",53,"Sangam Electronics","Delhi","store_002209","UNMATCHED"
"G.S Furniture","Ludhiana","Punjab",53,"JK Furniture","Panipat","store_002206","UNMATCHED"
"Ambey Electronics","Lucknow","Uttar Pradesh",53,"BOBBY ELECTRONICS","Amritsar","store_000723","UNMATCHED"
"Amit Sales","Lucknow","Uttar Pradesh",53,"ANKIT SALES","Ranchi","store_002149","UNMATCHED"
"Tiger Electronics","Kanpur","Uttar Pradesh",53,"FINE ELECTRONICS","Faridabad","store_000799","UNMATCHED"
"Anjani Enterprises","Noida","Uttar Pradesh",53,"AJAY ENTERPRISES","Kanpur","store_001952","UNMATCHED"
"Satyam Electronic And Electricals","Noida","Uttar Pradesh",53,"OM ELECTRONICS AND ELECTRICALS","Delhi","store_000865","UNMATCHED"
"Samiya Enterprises","Ghaziabad","Uttar Pradesh",53,"SAI ENTERPRISES","Patna","store_002139","UNMATCHED"
"Sarang Electronics","Mainpuri","Uttar Pradesh",53,"MADAN ELECTRONICS","Sonipat","store_000833","UNMATCHED"
"Shiva Electricals","Noida","Uttar Pradesh",53,"SHYAM ELECTRICALS","Ghaziabad","store_000024","UNMATCHED"
"Arati Electronics","Kolkata","West Bengal",53,"RAM ELECTRONICS","Meerut","store_000062","UNMATCHED"
"Bansal Electronics","Gurgaon","Haryana",53,"Sanjay Electronics","Delhi","store_000947","UNMATCHED"
"Ganesh Electronics","Mumbai","Maharashtra",53,"HARSH ELECTRONICS","Delhi","store_000862","UNMATCHED"
"Balaji Electronics","Bardhman","West Bengal",53,"GULATI ELECTRONICS","Delhi","store_000932","UNMATCHED"
"Astik Electronics","Mayurbhanj","Odisha",53,"AMBIKA ELECTRONICS","Delhi","store_000906","UNMATCHED"
"Atul Electronics","Dehradun","Uttarakhand",53,"MAYUR ELECTRONICS","Delhi","store_000928","UNMATCHED"
"Sahara Electronics","Mumbai","Maharashtra",53,"ARORA ELECTRONICS","Amritsar","store_000066","UNMATCHED"
"R.K. Marketing","Ghaziabad","Uttar Pradesh",53,"A.G MARKETING","Kanpur","store_001948","UNMATCHED"
"Vikas Enterprises","Gurgaon","Haryana",53,"KIRAN ENTERPRISES","Kanpur","store_001971","UNMATCHED"
"Ruchi Electronics","Lucknow","Uttar Pradesh",53,"ARCHIE ELECTRONICS","Bhubaneswar","store_000920","UNMATCHED"
"Rishab Electronics","Hyderabad","Telangana",53,"KRISHNA ELECTRONICS","Delhi","store_000919","UNMATCHED"
"VS - Haryana(New Faridabad)","Faridabad","Haryana",52,"VS-Haryana(New Faridabad)","Faridabad","store_000105","UNMATCHED"
"Vs - Ahmedabad(Maninagar) Br","Ahmedabad","Gujarat",52,"VS-Ahmedabad(Maninagar) Br","Ahmedabad","store_000107","UNMATCHED"
"Vs - Pune(Dhankawadi-Satara Rd)","Pune","Maharashtra",52,"VS-Pune(Dhankawadi-Satara Rd)","Pune","store_000149","UNMATCHED"
"Vs - Kharghar(Patel Heritage)","Thane","Maharashtra",52,"VS-Kharghar(Patel Heritage)","Thane","store_000187","UNMATCHED"
"VS -Ghatkopar Br","Mumbai","Maharashtra",52,"VS-Ghatkopar Br","Mumbai","store_000188","UNMATCHED"
"VS -Ts(Sun City)","Hyderabad","Telangana",52,"VS-Ts(Sun City)","Hyderabad","store_000203","UNMATCHED"
"VS -Ap(Ntr Circle)","Vijayawada","Andhra Pradesh",52,"VS-Ap(Ntr Circle)","Vijayawada","store_000222","UNMATCHED"
"VS -Kharghar Br","Thane","Maharashtra",52,"VS-Kharghar Br","Thane","store_000224","UNMATCHED"
"VS -Boisar Br","Mumbai","Maharashtra",52,"VS-Boisar Br","Mumbai","store_000225","UNMATCHED"
"Croma -Pune-Datta Mandir Road- A377","Pune","Maharashtra",52,"Croma-Pune-Datta Mandir Road","Pune","store_000267","UNMATCHED"
"Croma - Indore-Sapna Sangeeta Road- A409","Indore","Madhya Pradesh",52,"Croma-Indore-Sapna Sangeeta Road","Indore","store_000343","UNMATCHED"
"Croma -Delhi-Vasant Kunj Mall- A161","Delhi","Delhi",52,"Croma-Delhi-Vasant Kunj Mall","Delhi","store_000376","UNMATCHED"
"Croma -Delhi-Select City Walk- A112","Delhi","Delhi",52,"Croma-Delhi-Select City Walk","Delhi","store_000382","UNMATCHED"
"Croma -Gurugram-Dlf Mega Mall- A050","Gurugram","Haryana",52,"Croma-Gurugram-Dlf Mega Mall","Gurugram","store_000417","UNMATCHED"
"Croma -Delhi-Rohini West Mall- A131","Delhi","Delhi",52,"Croma-Delhi-Rohini West Mall","Delhi","store_000420","UNMATCHED"
"Croma -Gurugram-Reach 3 Roads- A398","Gurugram","Haryana",52,"Croma-Gurugram-Reach 3 Roads","Gurugram","store_000426","UNMATCHED"
"Croma - Asansol-Bhagat Singh More- A229","Asansol","West Bengal",52,"Croma-Asansol-Bhagat Singh More","Asansol","store_000452","UNMATCHED"
"Croma -Bangalore-Mall Of Asia- A539","Bangalore","Karnataka",52,"Croma-Bangalore-Mall of Asia","Bengaluru","store_000467","UNMATCHED"
"Jain Electronic","Jind","Haryana",52,"FINE ELECTRONIC","Gurugram","store_000797","UNMATCHED"
"Mahender Electronics","Bhiwani","Haryana",52,"MAJEED ELECTRONICS","Jammu","store_001923","UNMATCHED"
"Maxxon","Bhubaneswar","Odisha",52,"ASP - MAXXON","Bhubaneswar","store_001381","UNMATCHED"
"M S Cristal Cool","Kochi","Kerala",52,"ASP - M S creative cool","Lucknow","store_001372","UNMATCHED"
"Arihant Communication","Ghaziabad","Uttar Pradesh",52,"BASANT COMMUNICATION","Delhi","store_001776","UNMATCHED"
"M S Jyotsana Enterprises","Faridabad","Haryana",52,"ASP - M S RAGHUVANSHI ENTERPRISES","Mumbai","store_001450","UNMATCHED"
"Vs - Delhi(Rohini Sector-16)","Delhi","Delhi",52,"VS-DELHI(ROHINI Sector-16)","Delhi","store_001643","UNMATCHED"
"Modern Electronics Gallery","Bhubaneswar","Odisha",52,"M/S NATIONAL ELECTRONICS GALLERY","Kanpur","store_001975","UNMATCHED"
"R K Enterprises","Jaipur","Rajasthan",52,"ASP - D K Enterprises","Delhi","store_001330","UNMATCHED"
"Meer Enterprises","Mumbai","Maharashtra",52,"MI ENTERPRISES","Delhi","store_000897","UNMATCHED"
"Anshdeep Electronics","Bhubaneswar","Odisha",52,"DEEP ELECTRONICS","Kanpur","store_001958","UNMATCHED"
"Raj Electronics Jajpur Road","Bhubaneswar","Odisha",52,"RAJ ELECTRONICS","Delhi","store_000880","UNMATCHED"
"Malik Electronic","Delhi","Delhi",52,"MTK ELECTRONIC","Delhi","store_000885","UNMATCHED"
"Hitachi Home - Electronic Center","Chandigarh","Chandigarh",52,"ELECTRONIC CENTER","Kolkata","store_002003","UNMATCHED"
"Sunshine Electronics","Indore","Madhya Pradesh",52,"SAKSHI ELECTRONICS","Patna","store_002140","UNMATCHED"
"Nagar Communication","Delhi","Delhi",52,"BASANT COMMUNICATION","Delhi","store_001776","UNMATCHED"
"Usha Enterprises","Jamnagar","Gujarat",52,"SS ENTERPRISES","Noida","store_000030","UNMATCHED"
"Rajindra Electronics","Gurgaon","Haryana",52,"RAJA ELECTRONICS","Kanpur","store_001988","UNMATCHED"
"Aary Appliances","Thane","Maharashtra",52,"BABA APPLIANCES","Lucknow","store_002038","UNMATCHED"
"R.K. Electricals","Jaipur","Rajasthan",52,"R K ELECTRICALS","Kanpur","store_001987","UNMATCHED"
"Bala Ji Trading Company","Kanpur","Uttar Pradesh",52,"RK TRADING COMPANY","Kanpur","store_001990","UNMATCHED"
"Alankar Electronics","Lucknow","Uttar Pradesh",52,"STANDARD ELECTRONICS","Lucknow","store_002062","UNMATCHED"
"M.M. Electricals","Lucknow","Uttar Pradesh",52,"AMIT ELECTRICALS","Jodhpur","store_001933","UNMATCHED"
"Ekta Electronic","Lucknow","Uttar Pradesh",52,"MTK ELECTRONIC","Delhi","store_000885","UNMATCHED"
"Bm Electricals","Noida","Uttar Pradesh",52,"AMIT ELECTRICALS","Jodhpur","store_001933","UNMATCHED"
"Nijhawan Electronics","Ghaziabad","Uttar Pradesh",52,"MAHAJAN ELECTRONICS","Delhi","store_000944","UNMATCHED"
"M/S Gupta Furniture & Electronics","Noida","Uttar Pradesh",52,"GUPTA ELECTRONICS","Amritsar","store_000752","UNMATCHED"
"B.T. Electricals","Kolkata","West Bengal",52,"AMIT ELECTRICALS","Jodhpur","store_001933","UNMATCHED"
"Rohit Refrigeration Pvt.Ltd  Burdwan","Kolkata","West Bengal",52,"ROHIT REFRIGERATION","Kolkata","store_002021","UNMATCHED"
"Kpsk Enterprises","Delhi","Delhi",52,"SS ENTERPRISES","Noida","store_000030","UNMATCHED"
"Rakesh Electronices","Delhi","Delhi",52,"Rakesh Electronics-M2K","Delhi","store_002191","UNMATCHED"
"Croma -Noida-Mall Of India- A151","Noida","Uttar Pradesh",51,"Croma-Noida-Mall of India","Noida","store_000016","UNMATCHED"
"Bharat Electricals","Meerut","Uttar Pradesh",51,"SHYAM ELECTRICALS","Ghaziabad","store_000024","UNMATCHED"
"Vs - Pune(Bhosari) Br","Pune","Maharashtra",51,"VS-Pune(Bhosari) Br","Pune","store_000082","UNMATCHED"
"Vs - Haryana(Faridabad) Br","Faridabad","Haryana",51,"VS-Haryana(Faridabad) Br","Faridabad","store_000087","UNMATCHED"
"Vs - Pune(Kothrud) Br","Pune","Maharashtra",51,"VS-Pune(Kothrud) Br","Pune","store_000091","UNMATCHED"
"Vs - Pune(Chinchwad) Br","Pune","Maharashtra",51,"VS-Pune(Chinchwad) Br","Pune","store_000093","UNMATCHED"
"Vs - Delhi(Janakpuri) Br","Delhi","Delhi",51,"VS-Delhi(Janakpuri) Br","Delhi","store_000104","UNMATCHED"
"VS - Delhi(Krishna Nagar)","Delhi","Delhi",51,"VS-DELHI(KRISHNA NAGAR)","Delhi","store_000108","UNMATCHED"
"Vs - Pune(Rahatni) Br","Pune","Maharashtra",51,"VS-Pune(Rahatni) Br","Pune","store_000114","UNMATCHED"
"Vs - Surat(Vip Road-Vesu)","Surat","Gujarat",51,"VS-Surat(Vip Road-Vesu)","Surat","store_000115","UNMATCHED"
"Vs - Delhi(Shahdara) Br","Delhi","Delhi",51,"VS-Delhi(Shahdara) Br","Delhi","store_000120","UNMATCHED"
"Vs - Haryana(Jacobpura) Br","Gurugram","Haryana",51,"VS-Haryana(Jacobpura) Br","Gurugram","store_000123","UNMATCHED"
"Vs - Delhi(Paschim Vihar)","Delhi","Delhi",51,"VS-Delhi(Paschim Vihar)","Delhi","store_000125","UNMATCHED"
"Vs - Delhi(Lajpatnagar) Br","Delhi","Delhi",51,"VS-Delhi(Lajpatnagar) Br","Delhi","store_000130","UNMATCHED"
"Vs - Delhi(Dwarka) Br","Delhi","Delhi",51,"VS-Delhi(Dwarka) Br","Delhi","store_000140","UNMATCHED"
"Vs - Haryana(Gurgaon) Br","Gurugram","Haryana",51,"VS-Haryana(Gurgaon) Br","Gurugram","store_000146","UNMATCHED"
"Vs - Pune(Hinjewadi) Br","Pune","Maharashtra",51,"VS-Pune(Hinjewadi) Br","Pune","store_000160","UNMATCHED"
"Vs - Delhi(Pitampura) Br","Delhi","Delhi",51,"VS-Delhi(Pitampura) Br","Delhi","store_000168","UNMATCHED"
"Vs - Delhi(Rohini) Br","Delhi","Delhi",51,"VS-Delhi(Rohini) Br","Delhi","store_000171","UNMATCHED"
"Vs - Delhi(Kalkaji) Br","Delhi","Delhi",51,"VS-Delhi(Kalkaji) Br","Delhi","store_000190","UNMATCHED"
"Vs - Pune(Tilak Rd)Br","Pune","Maharashtra",51,"VS-Pune(Tilak Rd)Br","Pune","store_000192","UNMATCHED"
"Vs - Nallasopara Br","Thane","Maharashtra",51,"VS-Nallasopara Br","Thane","store_000210","UNMATCHED"
"Vs - Vadodara(Kareli Baug)","Vadodara","Gujarat",51,"VS-Vadodara(Kareli Baug)","Vadodara","store_000211","UNMATCHED"
"Vs - Vadodara(Alkapuri) Br","Vadodara","Gujarat",51,"VS-Vadodara(Alkapuri) Br","Vadodara","store_000217","UNMATCHED"
"Croma - Kolkata-Nsc Bose Road- A467","Kolkata","West Bengal",51,"Croma-Kolkata-NSC Bose Road","Kolkata","store_000293","UNMATCHED"
"Croma - Kolkata-Sarat Bose Road- A180","Kolkata","West Bengal",51,"Croma-Kolkata-Sarat Bose Road","Kolkata","store_000296","UNMATCHED"
"Croma - Indore-Race Course Road- A567","Indore","Madhya Pradesh",51,"Croma-Indore-Race course Road","Indore","store_000350","UNMATCHED"
"Croma -Bangalore-J P Nagar- A056","Bangalore","Karnataka",51,"Croma-Bangalore-J P Nagar","Bengaluru","store_000483","UNMATCHED"
"Sawhney Electronics","Lucknow","Uttar Pradesh",51,"Sanjay Electronics","Delhi","store_000947","UNMATCHED"
"Gagan Traders","Sitapur","Uttar Pradesh",51,"ISHAN TRADERS","Ranchi","store_002159","UNMATCHED"
"Bohra Enterprises","Mahendragarh","Haryana",51,"SHARMA ENTERPRISES","Delhi","store_000926","UNMATCHED"
"Capital Electronics","Delhi","Delhi",51,"GUPTA ELECTRONICS","Amritsar","store_000752","UNMATCHED"
"Vipul Traders","Aurangabadh","Bihar",51,"VISHAL TRADERS","Gorakhpur","store_000748","UNMATCHED"
"Laxmi Traders","Jabalpur","Madhya Pradesh",51,"MAHI TRADERS","Jammu","store_001922","UNMATCHED"
"Arpit Enterprises","Delhi","Delhi",51,"AARUSH ENTERPRISES","Delhi","store_000853","UNMATCHED"
"M S S S Service","Maharajganj (Up)","Uttar Pradesh",51,"ASP - M S THREE STAR SERVICE","Cochin","store_001555","UNMATCHED"
"M S Maa Vaishno Enterprises","Faridabad","Haryana",51,"ASP - M S RAGHUVANSHI ENTERPRISES","Mumbai","store_001450","UNMATCHED"
"M S Star Enterprises","Hyderabad","Telangana",51,"ASP - M S RAGHUVANSHI ENTERPRISES","Mumbai","store_001450","UNMATCHED"
"Prabhu Electronics","Bhubaneswar","Odisha",51,"RAM ELECTRONICS","Meerut","store_000062","UNMATCHED"
"Shiva Electronics","Chandigarh","Chandigarh",51,"BHARAT ELECTRONICS","Delhi","store_000864","UNMATCHED"
"Indian Distributor","Jaipur","Rajasthan",51,"VINAYAK DISTRIBUTOR","Ranchi","store_002177","UNMATCHED"
"Krishna Enterprises","Ludhiana","Punjab",51,"KIRAN ENTERPRISES","Kanpur","store_001971","UNMATCHED"
"Prakash Electronics","Indore","Madhya Pradesh",51,"HARSH ELECTRONICS","Delhi","store_000862","UNMATCHED"
"Nutaan Electronics","Mumbai","Maharashtra",51,"GUPTA ELECTRONICS","Amritsar","store_000752","UNMATCHED"
"Advance Electronics","Surat","Gujarat",51,"MADAN ELECTRONICS","Sonipat","store_000833","UNMATCHED"
"Neptune Electronics","Ahmedabad","Gujarat",51,"HEMKUNT ELECTRONICS","Ranchi","store_002155","UNMATCHED"
"Nisha Enterprises","Indore","Madhya Pradesh",51,"NIRMALA ENTERPRISES","Patna","store_002131","UNMATCHED"
"Amit Marketing","Raipur","Chhattisgarh",51,"A.G MARKETING","Kanpur","store_001948","UNMATCHED"
"Cost-2-Cost Computers","Jamnagar","Gujarat",51,"COST 2 COST COMPUTERS","Jammu","store_001916","UNMATCHED"
"Dhruv Enterprises","Faridabad","Haryana",51,"AARUSH ENTERPRISES","Delhi","store_000853","UNMATCHED"
"Mumbai Enterprises","Jabalpur","Madhya Pradesh",51,"MI ENTERPRISES","Delhi","store_000897","UNMATCHED"
"Divisha Electronics","Indore","Madhya Pradesh",51,"KRISHNA ELECTRONICS","Delhi","store_000919","UNMATCHED"
"Somesh Trading","Bhubaneswar","Odisha",51,"MAHESH TRADING","Karnal","store_000837","UNMATCHED"
"M/S Bharat Enterprises","Mohali","Punjab",51,"ASP - MS Arth Enterprises","Delhi","store_001339","UNMATCHED"
"Legend Electronics","Kanpur","Uttar Pradesh",51,"ANAND ELECTRONICS","Delhi","store_000895","UNMATCHED"
"Madhur Electricals,","Lucknow","Uttar Pradesh",51,"MISHRA ELECTRICALS","Kanpur","store_001978","UNMATCHED"
"Abhishek Electronics & Modern Furniture","Kanpur","Uttar Pradesh",51,"ABHISHEK ELECTRONICS","Lucknow","store_002034","UNMATCHED"
"Ashiana Enterprises","Noida","Uttar Pradesh",51,"SHIVAM ENTERPRISES","Delhi","store_000887","UNMATCHED"
"Jyoti Electronics","Noida","Uttar Pradesh",51,"GULATI ELECTRONICS","Delhi","store_000932","UNMATCHED"
"Ganpati Enterprises","Noida","Uttar Pradesh",51,"GABA ENTERPRISES","Ludhiana","store_002071","UNMATCHED"
"M/S Vashisht Enterprises","Noida","Uttar Pradesh",51,"ASP - MS ICON ENTERPRISES","Pune","store_001408","UNMATCHED"
"Darshan Enterprises","Kolkata","West Bengal",51,"AARUSH ENTERPRISES","Delhi","store_000853","UNMATCHED"
"Namisha Enterprises","Delhi","Delhi",51,"AARUSH ENTERPRISES","Delhi","store_000853","UNMATCHED"
"Prakesh Electronics","Gurgaon","Haryana",51,"HARSH ELECTRONICS","Delhi","store_000862","UNMATCHED"
"Dixit Electronics","Mumbai","Maharashtra",51,"SAINIK ELECTRONICS","Lucknow","store_002054","UNMATCHED"
"Khurana Electronics","Ghaziabad","Uttar Pradesh",51,"KUMAR ELECTRONICS","Delhi","store_000852","UNMATCHED"
"Maa Sarala Sales And Services","Bhubaneswar","Odisha",51,"ASP - INFINITI SALES AND SERVICES","Delhi","store_001344","UNMATCHED"
"Baria Traders","Jammu","Jammu & Kashmir",51,"DARBAR TRADERS","Delhi","store_001778","UNMATCHED"
"Computer Electronics","Delhi","Delhi",51,"S N S COMPUTER AND ELECTRONICS","Patna","store_002138","UNMATCHED"
"Matoshree Electronics","Jagdalpur","Chhattisgarh",51,"DURGASHREE ELECTRONICS","Bhubaneswar","store_000988","UNMATCHED"
"Nikshan Electronics","Cochin","Kerala",51,"SAKSHI ELECTRONICS","Patna","store_002140","UNMATCHED"
"Vs - Borivali Br","Mumbai","Maharashtra",50,"VS-Borivali Br","Mumbai","store_000081","UNMATCHED"
"Vs - Ghodbunder Br","Thane","Maharashtra",50,"VS-Ghodbunder Br","Thane","store_000085","UNMATCHED"
"Vs - Bhiwandi Br","Thane","Maharashtra",50,"VS-Bhiwandi Br","Thane","store_000092","UNMATCHED"
"Vs - Prabhadevi Br","Mumbai","Maharashtra",50,"VS-Prabhadevi Br","Mumbai","store_000097","UNMATCHED"
"Vs - Dombivli Br","Thane","Maharashtra",50,"VS-Dombivli Br","Thane","store_000109","UNMATCHED"
"Vs - Pune(Baner) Br","Pune","Maharashtra",50,"VS-Pune(Baner) Br","Pune","store_000111","UNMATCHED"
"Vs - Infiniti Br","Mumbai","Maharashtra",50,"VS-Infiniti Br","Mumbai","store_000165","UNMATCHED"
"Vs - Santacruz Br","Mumbai","Maharashtra",50,"VS-Santacruz Br","Mumbai","store_000177","UNMATCHED"
"Vs - Delhi(Saket) Br","Delhi","Delhi",50,"VS-Delhi(Saket) Br","Delhi","store_000213","UNMATCHED"
"Hawa Traders","Bhubaneswar","Odisha",50,"MAHI TRADERS","Jammu","store_001922","UNMATCHED"
"Prime Enterprises","Mumbai","Maharashtra",50,"JAIN ENTERPRISES","Delhi","store_000847","UNMATCHED"
"Vs - Currey Road","Mumbai","Maharashtra",50,"VS-Currey Road","Mumbai","store_001642","UNMATCHED"
"Jagannath Electronics","Bhubaneswar","Odisha",50,"GANGA ELECTRONICS","Hooghly","store_001076","UNMATCHED"
"Mohapatra Electronics","Bhubaneswar","Odisha",50,"BHARAT ELECTRONICS","Delhi","store_000864","UNMATCHED"
"Narayani Enterprises","Bhubaneswar","Odisha",50,"AJAY ENTERPRISES","Kanpur","store_001952","UNMATCHED"
"Garg Electricals","Delhi","Delhi",50,"METRO ELECTRICALS","Meerut","store_000027","UNMATCHED"
"Anand Electrical","Dehradun","Uttarakhand",50,"ANAND ELECTRONICS","Delhi","store_000895","UNMATCHED"
"M.S. Traders","Gurgaon","Haryana",50,"MAHI TRADERS","Jammu","store_001922","UNMATCHED"
"Chandra    Communication","Jaipur","Rajasthan",50,"KHANDELWAL COMMUNICATION","Delhi","store_000927","UNMATCHED"
"Value Plus -M/S National Electronics (Kasganj)","Kasganj","Uttar Pradesh",50,"M/S NATIONAL ELECTRONICS GALLERY","Kanpur","store_001975","UNMATCHED"
"Syal Electronics-Palam","Delhi","Delhi",50,"SYAL ELECTRONICS","Delhi","store_000911","UNMATCHED"
"Jharkhand Electronics","Jaipur","Rajasthan",50,"HARSH ELECTRONICS","Delhi","store_000862","UNMATCHED"
"Lucky Electronics","Raipur","Chhattisgarh",50,"LAXMI ELECTRONICS","Ghaziabad","store_000047","UNMATCHED"
"Garg Communication","Gurgaon","Haryana",50,"BASANT COMMUNICATION","Delhi","store_001776","UNMATCHED"
"Rakesh Communication","Mohali","Punjab",50,"BASANT COMMUNICATION","Delhi","store_001776","UNMATCHED"
"K I Enterprises","Jaipur","Rajasthan",50,"MI ENTERPRISES","Delhi","store_000897","UNMATCHED"
"A P Enterprises","Lucknow","Uttar Pradesh",50,"AGS ENTERPRISES","Patna","store_002107","UNMATCHED"
"Kartikeya Enterprises","Kanpur","Uttar Pradesh",50,"RADHIKA ENTERPRISES","Patna","store_002136","UNMATCHED"
"Arora Communication","Noida","Uttar Pradesh",50,"BASANT COMMUNICATION","Delhi","store_001776","UNMATCHED"
"Beena Enterprises","Noida","Uttar Pradesh",50,"JAIN ENTERPRISES","Delhi","store_000847","UNMATCHED"
"Shubham Agencies","Noida","Uttar Pradesh",50,"SHARMA AGENCIES","Lucknow","store_000719","UNMATCHED"
"Garg Electrical","Delhi","Delhi",50,"GARG ELECTRONICS","Delhi","store_000931","UNMATCHED"
"Speed Communication (M E)","Mumbai","Maharashtra",50,"M/S E COMMUNICATION","Kanpur","store_001973","UNMATCHED"
"Universal Enterprises","Raebareli","Uttar Pradesh",50,"NIRMALA ENTERPRISES","Patna","store_002131","UNMATCHED"
"Mobile Mania","Bhubaneswar","Odisha",50,"MOBILE INDIA","Ranchi","store_002167","UNMATCHED"
"Vasanth & Co","Tamil Nadu","Tamil Nadu",50,"Vasanth & Co PADI-2 (1128)","Chennai","store_001607","UNMATCHED"
"Vs - Panvel Br","Thane","Maharashtra",49,"VS-Panvel Br","Thane","store_000080","UNMATCHED"
"Vs - Belapur Br","Thane","Maharashtra",49,"VS-Belapur Br","Thane","store_000124","UNMATCHED"
"Vs - Chembur Br","Mumbai","Maharashtra",49,"VS-Chembur Br","Mumbai","store_000127","UNMATCHED"
"Vs - Bhandup Br","Mumbai","Maharashtra",49,"VS-Bhandup Br","Mumbai","store_000153","UNMATCHED"
"Vs - Kalyan Br","Thane","Maharashtra",49,"VS-Kalyan Br","Thane","store_000163","UNMATCHED"
"Electronic Gallery","Shahjahanpur","Uttar Pradesh",49,"ELECTRONIC CENTER","Kolkata","store_002003","UNMATCHED"
"Basudev Enterprises","Bhubaneswar","Odisha",49,"BHASIN ENTERPRISES","Amritsar","store_000722","UNMATCHED"
"Bhavani Electricals","Bhubaneswar","Odisha",49,"SHYAM ELECTRICALS","Ghaziabad","store_000024","UNMATCHED"
"M S New Tech Services","Chennai","Tamil Nadu",49,"ASP - M S ELITE SERVICES","Chennai","store_001392","UNMATCHED"
"Ss Technologies","Bangalore","Karnataka",49,"THINK TECHNOLOGIES","Jodhpur","store_001946","UNMATCHED"
"Mahadev Enterprises","Faridabad","Haryana",49,"BHASIN ENTERPRISES","Amritsar","store_000722","UNMATCHED"
"M S G V Services","Chennai","Tamil Nadu",49,"ASP - M S SHREE SERVICES","Pune","store_001354","UNMATCHED"
"Akash Refrigeration","Pune","Maharashtra",49,"MOUNT REFRIGERATION","Jodhpur","store_001936","UNMATCHED"
"Songyukta  Electronics","Bhubaneswar","Odisha",49,"GUPTA ELECTRONICS","Amritsar","store_000752","UNMATCHED"
"Dhruva Electricals","Jaipur","Rajasthan",49,"SHYAM ELECTRICALS","Ghaziabad","store_000024","UNMATCHED"
"Maheshwari Enterprises","Jabalpur","Madhya Pradesh",49,"KHERIWAL ENTERPRISES","Ranchi","store_002161","UNMATCHED"
"Krishna Electronics-Jodhpur","Jaipur","Rajasthan",49,"KRISHNA ELECTRONICS","Delhi","store_000919","UNMATCHED"
"Ventos Enterprises","Patna","Bihar",49,"SS ENTERPRISES","Noida","store_000030","UNMATCHED"
"Sono Vision","Vijayawada","Andhra Pradesh",49,"SKY VISION","Lucknow","store_002059","UNMATCHED"
"Annu Sales","Indore","Madhya Pradesh",49,"ANKIT SALES","Ranchi","store_002149","UNMATCHED"
"Surjhankar Electronics","Bhubaneswar","Odisha",49,"Sanjay Electronics","Delhi","store_000947","UNMATCHED"
"Air Cool","Ludhiana","Punjab",49,"ASP - SAI AIR COOL","Delhi","store_001371","UNMATCHED"
"Chawla Brothers","Amritsar","Punjab",49,"BHASIN BROTHERS","Meerut","store_000026","UNMATCHED"
"A.S Electronics India","Ludhiana","Punjab",49,"KUMAR ELECTRONICS INDIA ROHINI","Delhi","store_000856","UNMATCHED"
"Bishwanath Electricals","Kanpur","Uttar Pradesh",49,"MISHRA ELECTRICALS","Kanpur","store_001978","UNMATCHED"
"Eleena Electricals","Aligarh","Uttar Pradesh",49,"METRO ELECTRICALS","Meerut","store_000027","UNMATCHED"
"M/S Lavi Enterprises","Dehradun","Uttarakhand",49,"ASP - MS Arth Enterprises","Delhi","store_001339","UNMATCHED"
"Fairdeal International","Kolkata","West Bengal",49,"RISER INTERNATIONAL","Jodhpur","store_001941","UNMATCHED"
"Uni Electro","Delhi","Delhi",49,"RPG ELECTRO","Delhi","store_000945","UNMATCHED"
"Digital World","Bhubaneswar","Odisha",49,"Balaji Digital World Godrej","Delhi","store_001109","UNMATCHED"
"Krishna Traders","Ghaziabad","Uttar Pradesh",49,"VISHAL TRADERS","Gorakhpur","store_000748","UNMATCHED"
"Sathya Agencies","Coimbatore","Tamil Nadu",49,"SHARMA AGENCIES","Lucknow","store_000719","UNMATCHED"
"Vs - Vashi Br","Thane","Maharashtra",48,"VS-Vashi Br","Thane","store_000100","UNMATCHED"
"Vs - Virar Br","Thane","Maharashtra",48,"VS-Virar Br","Thane","store_000103","UNMATCHED"
"Vs - Vasai Br","Thane","Maharashtra",48,"VS-Vasai Br","Thane","store_000133","UNMATCHED"
"Vs - Thane Br","Thane","Maharashtra",48,"VS-Thane Br","Thane","store_000142","UNMATCHED"
"Vs - Sion Br","Mumbai","Maharashtra",48,"VS-Sion Br","Mumbai","store_000154","UNMATCHED"
"Vs - Surat Br","Surat","Gujarat",48,"VS-Surat Br","Surat","store_000155","UNMATCHED"
"Croma -Jaipur-Vaishali Nagar- A283","Jaipur","Rajasthan",48,"Croma -Nagpur-Manish Nagar","Nagpur","store_001047","UNMATCHED"
"Hindustan Appliances","Bahraich","Uttar Pradesh",48,"HINDUSTAN AGENCIES","Ranchi","store_002158","UNMATCHED"
"Amar Jwala Electronics","Sonipat","Haryana",48,"AGARWAL ELECTRONICS","Lucknow","store_002035","UNMATCHED"
"Electronic Vision","West Champaran","Bihar",48,"ELECTRONIC POINT","Delhi","store_000886","UNMATCHED"
"Vishal Furniture & Steel House","Nalanda","West Bengal",48,"SUMAN FURNITURE HOUSE","Ludhiana","store_002100","UNMATCHED"
"Ms Reliable Sales  Services","Pune","Maharashtra",48,"ASP - MS ATHARVA SALES AND SERVICES","Pune","store_001341","UNMATCHED"
"M S Meena Refrigeration","Bhubaneswar","Odisha",48,"ASP - M S RITA REFRIGERATION WORKS","Kolkata","store_001353","UNMATCHED"
"Snow Point","Delhi","Delhi",48,"COOL POINT","Kolkata","store_002001","UNMATCHED"
"Chirag Traders","Lucknow","Uttar Pradesh",48,"SHYAM TRADERS","Lucknow","store_002058","UNMATCHED"
"Mohapatra Enterprises","Bhubaneswar","Odisha",48,"SHARMA ENTERPRISES","Delhi","store_000926","UNMATCHED"
"Pattanaik Enterprises","Bhubaneswar","Odisha",48,"BISWANATH ENTERPRISES","Bhubaneswar","store_000954","UNMATCHED"
"Krish Traders","Dehradun","Uttarakhand",48,"VISHAL TRADERS","Gorakhpur","store_000748","UNMATCHED"
"Mk Communication","Dehradun","Uttarakhand",48,"BASANT COMMUNICATION","Delhi","store_001776","UNMATCHED"
"S D Electrovision","Gurgaon","Haryana",48,"R.K ELECTROVISION","Ludhiana","store_002093","UNMATCHED"
"Yadav Traders","Gurgaon","Haryana",48,"DARBAR TRADERS","Delhi","store_001778","UNMATCHED"
"Riddhi Communication","Jaipur","Rajasthan",48,"BASANT COMMUNICATION","Delhi","store_001776","UNMATCHED"
"G.S. Traders","Patna","Bihar",48,"G S  TRADERS","Patna","store_002117","UNMATCHED"
"Bulbul Electronic","Indore","Madhya Pradesh",48,"NEELU ELECTRONIC","Kanpur","store_001979","UNMATCHED"
"Sheetal Refrigeration","Ernakulam","Kerala",48,"MOUNT REFRIGERATION","Jodhpur","store_001936","UNMATCHED"
"Kandioners Pvt Ltd","Ghaziabad","Uttar Pradesh",48,"KAMALIA SONS PVT. LTD","Ranchi","store_002160","UNMATCHED"
"Kalpana Digital World","Delhi","Delhi",48,"Balaji Digital World Godrej","Delhi","store_001109","UNMATCHED"
"Shoe Point","Indore","Madhya Pradesh",48,"COOL POINT","Kolkata","store_002001","UNMATCHED"
"Shree Ram Electro World","Gurgaon","Haryana",48,"GANPATI ELECTRO WORLD","Amritsar","store_000749","UNMATCHED"
"Baby Steel Furniture","Jaipur","Rajasthan",48,"GREEH  LAXMI STEEL &FURNITURE","Patna","store_002118","UNMATCHED"
"Raghunandan Enterprises","Jaipur","Rajasthan",48,"AGGARWAL ENTERPRISES","Jodhpur","store_001931","UNMATCHED"
"Bharat Traders","Lucknow","Uttar Pradesh",48,"DARBAR TRADERS","Delhi","store_001778","UNMATCHED"
"Shadab Electronic","Lucknow","Uttar Pradesh",48,"PARSHOTAM ELECTRONIC","Jammu","store_001926","UNMATCHED"
"Rajput Electronic","Noida","Uttar Pradesh",48,"NEELU ELECTRONIC","Kanpur","store_001979","UNMATCHED"
"Vs - Mahim Br","Mumbai","Maharashtra",48,"VS-Mahim Br","Mumbai","store_000106","UNMATCHED"
"Brij Sales","Saharanpur","Uttar Pradesh",47,"PRADIP SALES","Ranchi","store_002169","UNMATCHED"
"Lovely Distributors","Hardoi","Uttar Pradesh",47,"BSDS DISTRIBUTORS","Bhubaneswar","store_000957","UNMATCHED"
"Sanjeev Electricals","Bhiwani","Haryana",47,"SHYAM ELECTRICALS","Ghaziabad","store_000024","UNMATCHED"
"Chitransh Electricals","Rohtas","Bihar",47,"SHYAM ELECTRICALS","Ghaziabad","store_000024","UNMATCHED"
"Neelkanth Services","Delhi","Delhi",47,"NEELKANTH ELECTRONICS","Delhi","store_000939","UNMATCHED"
"M S Abhiram Refrigeration","Bhubaneswar","Odisha",47,"ASP - M S RITA REFRIGERATION WORKS","Kolkata","store_001353","UNMATCHED"
"M S Srujana Enterprises 2","Hyderabad","Telangana",47,"ASP - M S RAGHUVANSHI ENTERPRISES","Mumbai","store_001450","UNMATCHED"
"Taneja Agencies","Dehradun","Uttarakhand",47,"SHARMA AGENCIES","Lucknow","store_000719","UNMATCHED"
"Jagdamba Traders","Jaipur","Rajasthan",47,"DARBAR TRADERS","Delhi","store_001778","UNMATCHED"
"Rup Agencies","Bhubaneswar","Odisha",47,"SHARMA AGENCIES","Lucknow","store_000719","UNMATCHED"
"Manish Sales","Indore","Madhya Pradesh",47,"AMAN SALES","Ludhiana","store_002065","UNMATCHED"
"Vijay Digital","Vijayawada","Andhra Pradesh",47,"RANA DIGITAL","Howrah","store_001088","UNMATCHED"
"Priya Sales","Indore","Madhya Pradesh",47,"PRADIP SALES","Ranchi","store_002169","UNMATCHED"
"Shreya Marketing","Raipur","Chhattisgarh",47,"GOYAL MARKETING","Ludhiana","store_002075","UNMATCHED"
"M/S Maa Karma Enterprises","Raipur","Chhattisgarh",47,"ASP - MS Arth Enterprises","Delhi","store_001339","UNMATCHED"
"J.S.D.M. Traders","Jamnagar","Gujarat",47,"MAHI TRADERS","Jammu","store_001922","UNMATCHED"
"Prem Traders","Indore","Madhya Pradesh",47,"MAHI TRADERS","Jammu","store_001922","UNMATCHED"
"S K International","Bhubaneswar","Odisha",47,"RISER INTERNATIONAL","Jodhpur","store_001941","UNMATCHED"
"Punmiya Sales","Raigad","Maharashtra",47,"LUXMI SALES","Delhi","store_000869","UNMATCHED"
"A. M. Electricals","Jodhpur","Rajasthan",47,"AMIT ELECTRICALS","Jodhpur","store_001933","UNMATCHED"
"Advance Sales","Lucknow","Uttar Pradesh",47,"AMAN SALES","Ludhiana","store_002065","UNMATCHED"
"Friends Digital","Kanpur","Uttar Pradesh",47,"RANA DIGITAL","Howrah","store_001088","UNMATCHED"
"Gaurav Sales","Lucknow","Uttar Pradesh",47,"GUPTA SALES","Ludhiana","store_002077","UNMATCHED"
"M/S E R Enterprises","Lucknow","Uttar Pradesh",47,"ASP - MS Arth Enterprises","Delhi","store_001339","UNMATCHED"
"Kejriwal Marketing","Kanpur","Uttar Pradesh",47,"GOYAL MARKETING","Ludhiana","store_002075","UNMATCHED"
"M/S Nayak Traders","Kanpur","Uttar Pradesh",47,"VINAYAK TRADERS","Ranchi","store_002178","UNMATCHED"
"Veetraag Distributors","Noida","Uttar Pradesh",47,"SHUBHAM DISTRIBUTORS","Jodhpur","store_001945","UNMATCHED"
"Hindusthan Distributor","Kolkata","West Bengal",47,"VINAYAK DISTRIBUTOR","Ranchi","store_002177","UNMATCHED"
"Gupta Traders","Shahjahanpur","Uttar Pradesh",47,"POOJA TRADERS","Kanpur","store_001983","UNMATCHED"
"Sakthi Agencies","Cochin","Kerala",47,"SHARMA AGENCIES","Lucknow","store_000719","UNMATCHED"
"Parikh Sales","Dhanbad","Jharkhand",47,"PRADIP SALES","Ranchi","store_002169","UNMATCHED"
"Croma - Dewas-Gomti Nagar- A517","Dewas","Madhya Pradesh",46,"Croma -Akola-Kirti Nagar","Akola","store_001029","UNMATCHED"
"Croma -Gurugram-Sohna Road- A337","Gurugram","Haryana",46,"Croma -Durg-Station Road","Durg","store_001045","UNMATCHED"
"Croma -Bangalore-Bannerghatta Mall- A066","Bangalore","Karnataka",46,"Croma-Bangalore-Bannerghatta Mall","Bengaluru","store_000495","UNMATCHED"
"Croma -Hosur-Bagalur Road- A225","Hosur","Tamil Nadu",46,"Croma -Nashik-Gangapur Road","Nashik","store_001043","UNMATCHED"
"Chakradhari Retail","Bhubaneswar","Odisha",46,"CHAKRADHARI ELECTRONICS","Bhubaneswar","store_000960","UNMATCHED"
"M S Das Service","Kolkata","West Bengal",46,"ASP - M S HOME CARE SERVICE","Cochin","store_001583","UNMATCHED"
"M S Shree Akshaya Electronics","Coimbatore","Tamil Nadu",46,"SHREE JAI ELECTRONICS","Delhi","store_000922","UNMATCHED"
"M S S J Service","Kollam","Kerala",46,"ASP - M S HOME CARE SERVICE","Cochin","store_001583","UNMATCHED"
"M S Jai Hanuman Services","Faridabad","Haryana",46,"ASP - M S SMART SERVICES","Chennai","store_001396","UNMATCHED"
"M S Cool Star Service Centre","Idukki","Kerala",46,"ASP - M S THREE STAR SERVICE","Cochin","store_001555","UNMATCHED"
"Giriraj Furniture","Guwahati","Assam",46,"DREAMS FURNITURE","Kolkata","store_002002","UNMATCHED"
"A.B. Sons","Ranchi","Jharkhand",46,"A B  SONS","Ranchi","store_002147","UNMATCHED"
"Digital World - Agra","Ghaziabad","Uttar Pradesh",46,"Balaji Digital World Godrej","Delhi","store_001109","UNMATCHED"
"Shri Krishna Mobile And Electronics","Jaipur","Rajasthan",46,"KRISHNA ELECTRONICS","Delhi","store_000919","UNMATCHED"
"Fairdeal Agencies","Kanpur","Uttar Pradesh",46,"SHARMA AGENCIES","Lucknow","store_000719","UNMATCHED"
"Rajendra Electronics & Furniture","Kanpur","Uttar Pradesh",46,"VISHNU RADIO ELECTRONICS MALL & FURNITURE","Patna","store_002146","UNMATCHED"
"V R Corporation","Kanpur","Uttar Pradesh",46,"V R TRADERS","Kanpur","store_001996","UNMATCHED"
"Croma -Pune-Dhanori Road- A585","Pune","Maharashtra",45,"Croma -Nanded-ITI Road","Nanded","store_001048","UNMATCHED"
"Croma - Indore-Annapurna Road- A456","Indore","Madhya Pradesh",45,"Croma -Nashik-Gangapur Road","Nashik","store_001043","UNMATCHED"
"Croma -Bangalore-Indira Nagar- A045","Bangalore","Karnataka",45,"Croma -Nagpur-Manish Nagar","Nagpur","store_001047","UNMATCHED"
"Croma - Thrissur-Mg Road- A282","Thrissur","Kerala",45,"Croma -Raipur-GE Road","Raipur","store_001032","UNMATCHED"
"Croma -Thane-Ghodbunder Road- A175","Thane","Maharashtra",45,"Croma -Ranchi-Kanke Road","Ranchi","store_001060","UNMATCHED"
"Jimmy Sales","Siwan","Bihar",45,"LUXMI SALES","Delhi","store_000869","UNMATCHED"
"Nageshwari Refrigeration","Bangalore","Karnataka",45,"ROHIT REFRIGERATION","Kolkata","store_002021","UNMATCHED"
"Noble Aircon","Mumbai","Maharashtra",45,"ANUCOOL AIRCON","Meerut","store_000078","UNMATCHED"
"Master Care","Faridabad","Haryana",45,"AIR CARE","Lucknow","store_000720","UNMATCHED"
"J M Home Appliances","Bhubaneswar","Odisha",45,"Rakesh-Aaradhya Home Appliances","Delhi","store_002192","UNMATCHED"
"Ayushi Electronics & Furniture","Jaipur","Rajasthan",45,"VISHNU RADIO ELECTRONICS MALL & FURNITURE","Patna","store_002146","UNMATCHED"
"Aditya Vision","Patna","Bihar",45,"SKY VISION","Lucknow","store_002059","UNMATCHED"
"Aero Vision","Chandigarh","Chandigarh",45,"SKY VISION","Lucknow","store_002059","UNMATCHED"
"Fine Electronics-Faridabad","Gurgaon","Haryana",45,"FINE ELECTRONICS","Faridabad","store_000799","UNMATCHED"
"Shri Sales","Indore","Madhya Pradesh",45,"LUXMI SALES","Delhi","store_000869","UNMATCHED"
"Sidhansh Electronics Pvt Ltd","Mumbai","Maharashtra",45,"ISHA ELECTROVISION PVT LTD","Gurugram","store_000798","UNMATCHED"
"Mukati Electronics And Furniture","Indore","Madhya Pradesh",45,"VISHNU RADIO ELECTRONICS MALL & FURNITURE","Patna","store_002146","UNMATCHED"
"Agrawal Agencies","Jaipur","Rajasthan",45,"SHARMA AGENCIES","Lucknow","store_000719","UNMATCHED"
"S R Associates","Lucknow","Uttar Pradesh",45,"S R  ELECTRONICS","Jodhpur","store_001942","UNMATCHED"
"Digital Goal","Noida","Uttar Pradesh",45,"Digital Planet","Ranchi","store_002153","UNMATCHED"
"Gargh Sales","Agra","Uttar Pradesh",45,"GUPTA SALES","Ludhiana","store_002077","UNMATCHED"
"J Harmony Enterprises","Bareily","Uttar Pradesh",45,"SHARMA ENTERPRISES","Delhi","store_000926","UNMATCHED"
"Croma -Ghazibad-Aditya Mall- A024","Ghaziabad","Uttar Pradesh",44,"Croma-Ghazibad-Aditya Mall","Ghaziabad","store_000013","UNMATCHED"
"Croma -Chandigarh-Sector 22B- A080","Chandigarh","Chandigarh",44,"Croma-Chandigarh-Sector 22B","Chandigarh","store_000249","UNMATCHED"
"Croma -Chandigarh-Elante Mall- A382","Chandigarh","Chandigarh",44,"Croma-Chandigarh-Elante Mall","Chandigarh","store_000254","UNMATCHED"
"Croma -Panchkula-Sector 11- A421","Panchkula","Haryana",44,"Croma-Panchkula-Sector 11","Panchkula","store_000255","UNMATCHED"
"Croma -Lucknow-Vibhuti Khand- A259","Lucknow","Uttar Pradesh",44,"Croma-Lucknow-Vibhuti Khand","Lucknow","store_000280","UNMATCHED"
"Croma - Kolkata-Acropolis Mall- A385","Kolkata","West Bengal",44,"Croma-Kolkata-Acropolis Mall","Kolkata","store_000292","UNMATCHED"
"Croma -Gwalior-City Center- A182","Gwalior","Madhya Pradesh",44,"Croma-Gwalior-City Center","Gwalior","store_000335","UNMATCHED"
"Croma - Indore-Bicholi Mardana- A348","Indore","Madhya Pradesh",44,"Croma-Indore-Bicholi Mardana","Indore","store_000339","UNMATCHED"
"Croma - Ujjain-Dewas Road- A335","Ujjain","Madhya Pradesh",44,"Croma -Nanded-ITI Road","Nanded","store_001048","UNMATCHED"
"Croma -Delhi-Connaught Place- A055","Delhi","Delhi",44,"Croma-Delhi-Connaught Place","Delhi","store_000386","UNMATCHED"
"Croma -Gurugram-Ambience Mall- A144","Gurugram","Haryana",44,"Croma-Gurugram-Ambience Mall","Gurugram","store_000409","UNMATCHED"
"Croma -Gurugram-Sector 86- A306","Gurugram","Haryana",44,"Croma-Gurugram-Sector 86","Gurugram","store_000410","UNMATCHED"
"Croma -Faridabad-Crown Mall- A012","Faridabad","Haryana",44,"Croma-Faridabad-Crown Mall","Faridabad","store_000411","UNMATCHED"
"Croma -Gurugram-Sector 29- A120","Gurugram","Haryana",44,"Croma-Gurugram-Sector 29","Gurugram","store_000419","UNMATCHED"
"Croma -Gurugram-Worldmark 2- A212","Gurugram","Haryana",44,"Croma-Gurugram-Worldmark 2","Gurugram","store_000430","UNMATCHED"
"Croma - Jalpaiguri-Krishna Plaza- A653","Jalpaiguri","West Bengal",44,"Croma-Jalpaiguri-Krishna Plaza","Jalpaiguri","store_000458","UNMATCHED"
"Croma -Bangalore-Ss Manor- A018","Bangalore","Karnataka",44,"Croma-Bangalore-SS Manor","Bengaluru","store_000465","UNMATCHED"
"Croma -Bangalore-Hennur Road- A207","Bangalore","Karnataka",44,"Croma-Bangalore-Hennur Road","Bengaluru","store_000473","UNMATCHED"
"Croma -Chennai-Anna Nagar- A037","Chennai","Tamil Nadu",44,"Croma-Chennai-Anna Nagar","Chennai","store_000477","UNMATCHED"
"Croma -Mysore-Double Road- A173","Mysore","Karnataka",44,"Croma-Mysore-Double Road","Mysore","store_000478","UNMATCHED"
"Croma - Coimbatore-Laxmi Mills- A199","Coimbatore","Tamil Nadu",44,"Croma-Coimbatore-Laxmi Mills","Coimbatore","store_000486","UNMATCHED"
"Croma -Mysore-Temple Road- A511","Mysore","Karnataka",44,"Croma-Mysore-Temple Road","Mysore","store_000512","UNMATCHED"
"Croma -Bangalore-Hsr Layout- A439","Bangalore","Karnataka",44,"Croma-Bangalore-HSR Layout","Bengaluru","store_000532","UNMATCHED"
"Croma -Mumbai-Oberoi Mall- A041","Mumbai","Maharashtra",44,"Croma-Mumbai-Oberoi Mall","Mumbai","store_000621","UNMATCHED"
"Croma -Navi Mumbai-Kamothe- A396","Mumbai","Maharashtra",44,"Croma-Navi Mumbai-Kamothe","Mumbai","store_000623","UNMATCHED"
"Croma -Mumbai-Infiniti Mall- A153","Mumbai","Maharashtra",44,"Croma-Mumbai-Infiniti Mall","Mumbai","store_000629","UNMATCHED"
"Croma -Navi Mumbai-Kharghar- A116","Mumbai","Maharashtra",44,"Croma-Navi Mumbai-Kharghar","Mumbai","store_000634","UNMATCHED"
"Croma -Navi Mumbai-Belapur- A009","Mumbai","Maharashtra",44,"Croma-Navi Mumbai-Belapur","Mumbai","store_000636","UNMATCHED"
"Croma -Mumbai-Ghatkopar Mall- A035","Mumbai","Maharashtra",44,"Croma-Mumbai-Ghatkopar Mall","Mumbai","store_000638","UNMATCHED"
"Durlava Electronics Furniture","Bhubaneswar","Odisha",44,"VISHNU RADIO ELECTRONICS MALL & FURNITURE","Patna","store_002146","UNMATCHED"
"Deepak Agencies","Jaipur","Rajasthan",44,"SHARMA AGENCIES","Lucknow","store_000719","UNMATCHED"
"Amico Agencies","Pune","Maharashtra",44,"SHARMA AGENCIES","Lucknow","store_000719","UNMATCHED"
"Anil Electronics-Agra","Ghaziabad","Uttar Pradesh",44,"ANIL ELECTRONICS BABARPUR","Delhi","store_000924","UNMATCHED"
"Shree Shyam Enterprises-Jjajjar","Gurgaon","Haryana",44,"SHREE SHYAM VARIETY STORE","Ranchi","store_002174","UNMATCHED"
"Archana Electronics Sales","Lucknow","Uttar Pradesh",44,"ARCHNA ELECTRONICS","Lucknow","store_002037","UNMATCHED"
"Tirupati Agencies","Kanpur","Uttar Pradesh",44,"HINDUSTAN AGENCIES","Ranchi","store_002158","UNMATCHED"
"Mytech Telecom Private Limited","Bardhaman","West Bengal",44,"EPLAZA WHEELS PRIVATE LIMITED","Patna","store_002115","UNMATCHED"
"Rathna Cools Pvt Ltd","Chennai","Tamil Nadu",44,"KAMALIA SONS PVT. LTD","Ranchi","store_002160","UNMATCHED"
"Croma -Noida-Logix Mall- A135","Noida","Uttar Pradesh",43,"Croma-Noida-Logix Mall","Noida","store_000017","UNMATCHED"
"Croma -Howrah-Avani Mall- A370","Kolkata","West Bengal",43,"Croma-Howrah-Avani Mall","Kolkata","store_000244","UNMATCHED"
"Croma - Kolkata-Park Street- A318","Kolkata","West Bengal",43,"Croma-Kolkata-Park Street","Kolkata","store_000246","UNMATCHED"
"Croma - Kolkata-Green Chinar- A220","Kolkata","West Bengal",43,"Croma-Kolkata-Green Chinar","Kolkata","store_000247","UNMATCHED"
"Croma -Pune-Seasons Mall- A115","Pune","Maharashtra",43,"Croma-Pune-Seasons Mall","Pune","store_000257","UNMATCHED"
"Croma -Pune-Westend Mall- A342","Pune","Maharashtra",43,"Croma-Pune-Westend Mall","Pune","store_000271","UNMATCHED"
"Croma -Pune-Sinhgad Road- A241","Pune","Maharashtra",43,"Croma-Pune-Sinhgad Road","Pune","store_000279","UNMATCHED"
"Croma - Indore-Aerodrum Road- A233","Indore","Madhya Pradesh",43,"Croma-Indore-Aerodrum Road","Indore","store_000351","UNMATCHED"
"Croma -Delhi-Vegas Mall- A204","Delhi","Delhi",43,"Croma-Delhi-Vegas Mall","Delhi","store_000375","UNMATCHED"
"Croma - Salem-Bharathi Street- A213","Salem","Tamil Nadu",43,"Croma-Salem-Bharathi Street","Salem","store_000469","UNMATCHED"
"Croma -Chennai-T Nagar- A040","Chennai","Tamil Nadu",43,"Croma -Akola-Kirti Nagar","Akola","store_001029","UNMATCHED"
"Croma - Chennai-Mount Road- A034","Chennai","Tamil Nadu",43,"Croma -Durg-Station Road","Durg","store_001045","UNMATCHED"
"Croma - Madurai-Iyer Bungalow- A649","Madurai","Tamil Nadu",43,"Croma-Madurai-Iyer Bungalow","Madurai","store_000492","UNMATCHED"
"Croma -Navi Mumbai-Ulwe- A507","Mumbai","Maharashtra",43,"Croma-Navi Mumbai-Ulwe","Mumbai","store_000666","UNMATCHED"
"Grs Electronics And Furniture","Mahendragarh","Haryana",43,"BANSAL ELECTRONICS AND GENRAL STORE","Sonipat","store_000809","UNMATCHED"
"Arhan Aircon","Ghaziabad","Uttar Pradesh",43,"ANUCOOL AIRCON","Meerut","store_000078","UNMATCHED"
"Sanjay Sales And Service","Pune","Maharashtra",43,"ASP - INFINITI SALES AND SERVICES","Delhi","store_001344","UNMATCHED"
"Mahaveer Sales","Bhubaneswar","Odisha",43,"SUPER SALES","Delhi","store_000871","UNMATCHED"
"Meharsons Electronics Pvt Ltd","Chandigarh","Chandigarh",43,"ISHA ELECTROVISION PVT LTD","Gurugram","store_000798","UNMATCHED"
"Jindal Sales","Dehradun","Uttarakhand",43,"GUPTA SALES","Ludhiana","store_002077","UNMATCHED"
"Vs - Delhi(Ashok Vihar)","Delhi","Delhi",43,"VS-Delhi(Paschim Vihar)","Delhi","store_000125","UNMATCHED"
"A To Z Electronics","Siddharthnagar","Uttar Pradesh",43,"ARORA ELECTRONICS","Amritsar","store_000066","UNMATCHED"
"Nhl Distribution Pvt Ltd","Delhi","Delhi",43,"ISHA ELECTROVISION PVT LTD","Gurugram","store_000798","UNMATCHED"
"Aarco Electronics-Jalandhar","Ludhiana","Punjab",43,"AARCO ELECTROLINKS","Amritsar","store_000033","UNMATCHED"
"Dial Tone Electronics","Indore","Madhya Pradesh",43,"FINE ELECTRONICS","Faridabad","store_000799","UNMATCHED"
"Mobile Mart","Jabalpur","Madhya Pradesh",43,"MOBILE INDIA","Ranchi","store_002167","UNMATCHED"
"Bhawal Electronics India Pvt Ltd","Mumbai","Maharashtra",43,"ISHA ELECTROVISION PVT LTD","Gurugram","store_000798","UNMATCHED"
"Dhanlaxmi Mobile & Service Center","Jodhpur","Rajasthan",43,"ASP - RELIABLE SERVICE CENTER","Ghaziabad","store_001489","UNMATCHED"
"Jai Shree Agencies","Lucknow","Uttar Pradesh",43,"SHREE JAI ELECTRONICS","Delhi","store_000922","UNMATCHED"
"Mobile World","Kolkata","West Bengal",43,"MOBILE INDIA","Ranchi","store_002167","UNMATCHED"
"Tanishka Telecom Private Limited","Mumbai","Maharashtra",43,"EPLAZA WHEELS PRIVATE LIMITED","Patna","store_002115","UNMATCHED"
"Sri Ram Refrigeration","Bhubaneswar","Odisha",43,"ROHIT REFRIGERATION","Kolkata","store_002021","UNMATCHED"
"Keshav Sales","Surat","Gujarat",43,"GUPTA SALES","Ludhiana","store_002077","UNMATCHED"
"Croma -Noida-Golden I- A544","Noida","Uttar Pradesh",42,"Croma-Noida-Golden I","Noida","store_000011","UNMATCHED"
"Croma -Noida-Gaur Mall- A189","Noida","Uttar Pradesh",42,"Croma-Noida-Gaur Mall","Noida","store_000012","UNMATCHED"
"Laxmi Electronics And Home Appliances","Meerut","Uttar Pradesh",42,"LAXMI ELECTRONICS","Ghaziabad","store_000047","UNMATCHED"
"Vs - Ts(Dr. A.S.Rao Nagar)","Hyderabad","Telangana",42,"VS-Ts(A.S.Rao Nagar)","Hyderabad","store_000191","UNMATCHED"
"Croma -Pune-Pmc Mall- A129","Pune","Maharashtra",42,"Croma-Pune-PMC Mall","Pune","store_000259","UNMATCHED"
"Croma -Pune-Jva Mall- A203","Pune","Maharashtra",42,"Croma-Pune-JVA Mall","Pune","store_000272","UNMATCHED"
"Croma - Chennai-Pmc Mall- A097","Chennai","Tamil Nadu",42,"Croma-Chennai-PMC Mall","Chennai","store_000543","UNMATCHED"
"Croma - Chennai-Bsr Mall- A138","Chennai","Tamil Nadu",42,"Croma-Chennai-BSR Mall","Chennai","store_000557","UNMATCHED"
"Croma - Chennai-Grand Mall- A095","Chennai","Tamil Nadu",42,"Croma-Chennai-Grand Mall","Chennai","store_000572","UNMATCHED"
"The King Eletronics","Rohtak","Haryana",42,"JONAKI ELETRONICS","Kolkata","store_002008","UNMATCHED"
"M S New Bharat Refrigeration","Pune","Maharashtra",42,"ASP - M S RITA REFRIGERATION WORKS","Kolkata","store_001353","UNMATCHED"
"M S Realtech Solutions","Kannur","Kerala",42,"ASP - M S VIVA SERVICES AND SOLUTIONS","Chennai","store_001386","UNMATCHED"
"Maa Tarini Enterprises","Bhubaneswar","Odisha",42,"BHASIN ENTERPRISES","Amritsar","store_000722","UNMATCHED"
"A R Distribution","Dehradun","Uttarakhand",42,"MONDAL DISTRIBUTION","Kolkata","store_002015","UNMATCHED"
"Veer Teja Enterprises","Jaipur","Rajasthan",42,"SHARMA ENTERPRISES","Delhi","store_000926","UNMATCHED"
"Erik Sons","Ranchi","Jharkhand",42,"LAXMI & SONS","Kolkata","store_002011","UNMATCHED"
"VS -Lajpat Nagar","Delhi","Delhi",42,"VS-Ts(A.S.Rao Nagar)","Hyderabad","store_000191","UNMATCHED"
"National Radio Electronics","Ernakulam","Kerala",42,"M/S NATIONAL ELECTRONICS GALLERY","Kanpur","store_001975","UNMATCHED"
"Sreejith Traders","Ernakulam","Kerala",42,"MAHI TRADERS","Jammu","store_001922","UNMATCHED"
"I Max Electronics & Home Appliances","Calicut","Kerala",42,"Rakesh-Aaradhya Home Appliances","Delhi","store_002192","UNMATCHED"
"Sri Sahib Distributors","Bhubaneswar","Odisha",42,"SHUBHAM DISTRIBUTORS","Jodhpur","store_001945","UNMATCHED"
"Pankaj Hardware And Electricals","Lucknow","Uttar Pradesh",42,"OM ELECTRONICS AND ELECTRICALS","Delhi","store_000865","UNMATCHED"
"Bala Ji Digital","Lucknow","Uttar Pradesh",42,"RANA DIGITAL","Howrah","store_001088","UNMATCHED"
"Geetanjali Furniture And Electronics","Lucknow","Uttar Pradesh",42,"MAMATA ELECTRICAL AND ELECTRONICS","Bhubaneswar","store_001666","UNMATCHED"
"Goel Plaza Electronics And Furnitures","Ghaziabad","Uttar Pradesh",42,"MAA ANNAPURNA ELECTRONICS & FURNITURES","Kanpur","store_001976","UNMATCHED"
"Digital World-Sadar","Noida","Uttar Pradesh",42,"Digital Planet","Ranchi","store_002153","UNMATCHED"
"Maha Lakshmi Enterprises","Noida","Uttar Pradesh",42,"AARUSH ENTERPRISES","Delhi","store_000853","UNMATCHED"
"Saharanpur (Link Road)","Noida","Uttar Pradesh",42,"Croma-Vadodara-Harni Sama Link Road","Vadodara","store_000624","UNMATCHED"
"M/S Goel Plaza Electronics And Furnitures","Noida","Uttar Pradesh",42,"MAA ANNAPURNA ELECTRONICS & FURNITURES","Kanpur","store_001976","UNMATCHED"
"Ajay Tradecorporation Pvt. Ltd.","Dehradun","Uttarakhand",42,"ISHA ELECTROVISION PVT LTD","Gurugram","store_000798","UNMATCHED"
"Associated Traders","Dehradun","Uttarakhand",42,"VISHAL TRADERS","Gorakhpur","store_000748","UNMATCHED"
"New Rhythm House","Ghaziabad","Uttar Pradesh",42,"NEW RAJASTHAN FURNITURE HOUSE","Jodhpur","store_001939","UNMATCHED"
"Ar Electronic And Furniture","Etah","Uttar Pradesh",41,"PRASHANT ELECTRONIC AND BATTRY","Kanpur","store_001984","UNMATCHED"
"Croma - Kolkata-Dum Dum- A378","Kolkata","West Bengal",41,"Croma-Kolkata-Dum Dum","Kolkata","store_000243","UNMATCHED"
"Croma -Mohali-Cp 67- A455","Chandigarh","Chandigarh",41,"Croma-Mohali-CP 67","Chandigarh","store_000251","UNMATCHED"
"Croma - Bhopal-Db Mall- A192","Bhopal","Madhya Pradesh",41,"Croma-Bhopal-DB Mall","Bhopal","store_000358","UNMATCHED"
"M S Ali Refrigeration Corporation","Lucknow","Uttar Pradesh",41,"ASP - M S RITA REFRIGERATION WORKS","Kolkata","store_001353","UNMATCHED"
"Lakhu Teleservices Pvt Ltd","Ahmedabad","Gujarat",41,"ISHA ELECTROVISION PVT LTD","Gurugram","store_000798","UNMATCHED"
"P M Associates","Bhubaneswar","Odisha",41,"ASP - JJ ASSOCIATES","Cochin","store_001378","UNMATCHED"
"S L G Electronics Pvt Ltd.","Delhi","Delhi",41,"S R  ELECTRONICS","Jodhpur","store_001942","UNMATCHED"
"Hotspot- Rajasthan- Ajmer Station Road","Ajmer","Rajasthan",41,"Croma-Kota-Dakaniya Station Road","Kota","store_000405","UNMATCHED"
"Light Sound Enterprises","Delhi","Delhi",41,"BHASIN ENTERPRISES","Amritsar","store_000722","UNMATCHED"
"Rohit Refrigeration Private Limited - Moulali","Kolkata","West Bengal",41,"ROHIT REFRIGERATION","Kolkata","store_002021","UNMATCHED"
"Vijaya Vahini Enterprises","Vijayawada","Andhra Pradesh",41,"JAIN ENTERPRISES","Delhi","store_000847","UNMATCHED"
"Asha Krishna Traders","Indore","Madhya Pradesh",41,"KHAJURIA TRADERS","Jammu","store_001920","UNMATCHED"
"Kirti Radio   Television Center","Mumbai","Maharashtra",41,"SHASHI RADIO CENTER","Patna","store_002141","UNMATCHED"
"Goyal Decor","Kota","Rajasthan",41,"GOYAL ELECTRONICS","Delhi","store_000916","UNMATCHED"
"Heavy Discount Electronics","Jaipur","Rajasthan",41,"HEMKUNT ELECTRONICS","Ranchi","store_002155","UNMATCHED"
"M/S Shree Electronics And Furniture","Noida","Uttar Pradesh",41,"VISHNU RADIO ELECTRONICS MALL & FURNITURE","Patna","store_002146","UNMATCHED"
"M/S Shakti Traders","Dehradun","Uttarakhand",41,"VISHAL TRADERS","Gorakhpur","store_000748","UNMATCHED"
"Glowalpha Innovations Private Limited","Mumbai","Maharashtra",41,"EPLAZA WHEELS PRIVATE LIMITED","Patna","store_002115","UNMATCHED"
"Shah Electronics (Thane)","Mumbai","Maharashtra",41,"SYAL ELECTRONICS","Delhi","store_000911","UNMATCHED"
"Razzle Dazzle Electronics","Delhi","Delhi",41,"RAZA ELECTRONICS","Delhi","store_000936","UNMATCHED"
"Alam Mart","Delhi","Delhi",40,"ALL MEGA MART","Kanpur","store_001953","UNMATCHED"
"M S Sagar Refrigeration And Aircondition","Pune","Maharashtra",40,"ASP - M S RACHANA ELECTRIC AND REFRIGERATION","Kolkata","store_001375","UNMATCHED"
"Namastey India Electronics","Gurgaon","Haryana",40,"ANAND ELECTRONICS","Delhi","store_000895","UNMATCHED"
"Haryana Radio Service","Ludhiana","Punjab",40,"HARYANA REDIOS","Ludhiana","store_002079","UNMATCHED"
"Raj Electronics-Bapuji Nagar","Bhubaneswar","Odisha",40,"Rakesh electronics(Patel Nagar)","Delhi","store_002187","UNMATCHED"
"Pune Electronics And Home Applinces","Pune","Maharashtra",40,"OM ELECTRONICS AND ELECTRICALS","Delhi","store_000865","UNMATCHED"
"Naveen Electro Tech-Delhi","Delhi","Delhi",40,"NAVEEN ELECTRONICS","Jaipur","store_001891","UNMATCHED"
"Balaji Aircon","Faridabad","Haryana",40,"ANUCOOL AIRCON","Meerut","store_000078","UNMATCHED"
"Shri Pita Maruti Electrical Stores","Lucknow","Uttar Pradesh",40,"SHRI GANESH ELECTRICAL","Lucknow","store_002057","UNMATCHED"
"Gopal Jee Electricals","Noida","Uttar Pradesh",40,"SHYAM ELECTRICALS","Ghaziabad","store_000024","UNMATCHED"
"M S Freeze Care","Ghaziabad","Uttar Pradesh",40,"ASP - M S HOME CARE SERVICE","Cochin","store_001583","UNMATCHED"
"Light Emporium Pvt Ltd.","Kolkata","West Bengal",40,"ISHA ELECTROVISION PVT LTD","Gurugram","store_000798","UNMATCHED"
"Vardhaman Mobile","Mumbai","Maharashtra",40,"STAR MOBILE","Ludhiana","store_002099","UNMATCHED"
"Vs - Up(Raj Nagar Dc) Br","Ghaziabad","Uttar Pradesh",39,"VS-Delhi(Uttam Nagar) Br","Delhi","store_000167","UNMATCHED"
"Croma -Pune-Katraj- A222","Pune","Maharashtra",39,"Croma -Pune-Kothrud 2","Pune","store_001050","UNMATCHED"
"Haryana Trading Co","Faridabad","Haryana",39,"HARYANA REDIOS","Ludhiana","store_002079","UNMATCHED"
"Kumar Homes","Patna","Bihar",39,"KUMAR ELECTRONICS","Delhi","store_000852","UNMATCHED"
"Shree Bajrang Services","Ahmedabad","Gujarat",39,"ASP - M S SHREE SERVICES","Pune","store_001354","UNMATCHED"
"M S J J Associates","Ernakulam","Kerala",39,"ASP - JJ ASSOCIATES","Cochin","store_001378","UNMATCHED"
"Saini Electric House","Chandigarh","Chandigarh",39,"Sadana Electric Store","Lucknow","store_002202","UNMATCHED"
"Neeraj Agencies Pvt Ltd.","Sirmaur","Himachal Pradesh",39,"KAMALIA SONS PVT. LTD","Ranchi","store_002160","UNMATCHED"
"Hotspot- Malviya Nagar","Delhi","Delhi",39,"Croma-Delhi-Malviya Nagar","Delhi","store_000396","UNMATCHED"
"Hotspot- Delhi - Malviya Nagar","Delhi","Delhi",39,"Croma-Delhi-Malviya Nagar","Delhi","store_000396","UNMATCHED"
"Hotspot- Delhi - Hotspot Uttam Nagar","Delhi","Delhi",39,"Rakesh Electronics (Uttam Nagar)","Delhi","store_002190","UNMATCHED"
"Hotspot- Raj Nagar","Ghaziabad","Uttar Pradesh",39,"VS-Ts(A.S.Rao Nagar)","Hyderabad","store_000191","UNMATCHED"
"Hotspot- Pacific Mall","Ghaziabad","Uttar Pradesh",39,"Croma-Delhi-Pacific Mall","Delhi","store_000377","UNMATCHED"
"Sahu Agencies Pvt Ltd","Lucknow","Uttar Pradesh",39,"KAMALIA SONS PVT. LTD","Ranchi","store_002160","UNMATCHED"
"Ravi Corporation","Surat","Gujarat",39,"MALIK TRADING CORPORATION","Jammu","store_001924","UNMATCHED"
"Vs - Rr Nagar","Bangalore","Karnataka",39,"VS-Ts(A.S.Rao Nagar)","Hyderabad","store_000191","UNMATCHED"
"Kalpaka Electronics And Home Bazzar","Calicut","Kerala",39,"KHUSHI ELECTRONICS AND ELECTRICALS","Patna","store_002123","UNMATCHED"
"Qrs Retail Limited","Ernakulam","Kerala",39,"MAA AMBEY RETAIL PRIVATE LIMITED","Patna","store_002124","UNMATCHED"
"Shree Gupta Agencies","Jaipur","Rajasthan",39,"SHARMA AGENCIES","Lucknow","store_000719","UNMATCHED"
"M D Agencies","Lucknow","Uttar Pradesh",39,"SHARMA AGENCIES","Lucknow","store_000719","UNMATCHED"
"Ira Associates","Lucknow","Uttar Pradesh",39,"ASP - JJ ASSOCIATES","Cochin","store_001378","UNMATCHED"
"Sahitya Enterprises Pvt Ltd","Lucknow","Uttar Pradesh",39,"ISHA ELECTROVISION PVT LTD","Gurugram","store_000798","UNMATCHED"
"Multi Channel Electronics Pvt. Ltd.","Kolkata","West Bengal",39,"ISHA ELECTROVISION PVT LTD","Gurugram","store_000798","UNMATCHED"
"Nnema Endeavour Pvt Ltd","Lucknow","Uttar Pradesh",39,"KAMALIA SONS PVT. LTD","Ranchi","store_002160","UNMATCHED"
"Shree Jain Traders","Mumbai","Maharashtra",39,"SHYAM TRADERS","Lucknow","store_002058","UNMATCHED"
"VS -Delhi(Najafgarh)","Delhi","Delhi",38,"VS-Delhi(Najafgarh)","Delhi","store_000182","UNMATCHED"
"VS -Ahmedabad(Bopal)","Ahmedabad","Gujarat",38,"VS-Ahmedabad(Bopal)","Ahmedabad","store_000184","UNMATCHED"
"VS -Ts(Mehdipatnam)","Hyderabad","Telangana",38,"VS-Ts(Mehdipatnam)","Hyderabad","store_000197","UNMATCHED"
"VS -Ts(Mailardevpally)","Hyderabad","Telangana",38,"VS-Ts(Mailardevpally)","Hyderabad","store_000202","UNMATCHED"
"VS -Haryana(Dundahera)","Gurugram","Haryana",38,"VS-Haryana(Dundahera)","Gurugram","store_000204","UNMATCHED"
"VS -Ts(Chandrayangutta)","Hyderabad","Telangana",38,"VS-Ts(Chandrayangutta)","Hyderabad","store_000209","UNMATCHED"
"VS -Gandhinagar(Sargasan)","Ahmedabad","Gujarat",38,"VS-Gandhinagar(Sargasan)","Ahmedabad","store_000214","UNMATCHED"
"VS -Ts(Hayathnagar)","Hyderabad","Telangana",38,"VS-Ts(Hayathnagar)","Hyderabad","store_000216","UNMATCHED"
"VS -Ap(Tirupathi-M.R.Pally)","Tirupati","Andhra Pradesh",38,"VS-Ap(Tirupathi-M.R.Pally)","Tirupati","store_000218","UNMATCHED"
"Dhingra & Sons","Amritsar","Punjab",38,"LAXMI & SONS","Kolkata","store_002011","UNMATCHED"
"M S Bhagya Laxmi Sales  Service","Hyderabad","Telangana",38,"ASP - M S HOME CARE SERVICE","Cochin","store_001583","UNMATCHED"
"M S Trinity Associates","Thiruvananthapuram","Kerala",38,"M S DISTRIBUTORS","Ghaziabad","store_000054","UNMATCHED"
"G M Trading","Chandigarh","Chandigarh",38,"MAHESH TRADING","Karnal","store_000837","UNMATCHED"
"Nimsan Technology Pvt Ltd","Gurgaon","Haryana",38,"ISHA ELECTROVISION PVT LTD","Gurugram","store_000798","UNMATCHED"
"Hotspot- Ghaziabad- New Gt Road","Ghaziabad","Uttar Pradesh",38,"Croma-Aurangabad-Old GT Road","Aurangabad","store_000240","UNMATCHED"
"Value Plus -M/S Sidhbali Retail Private Limited (Chandausi)","Chandausi","Uttar Pradesh",38,"MAA AMBEY RETAIL PRIVATE LIMITED","Patna","store_002124","UNMATCHED"
"Bombay Radio-Jail Road","Indore","Madhya Pradesh",38,"Croma-Gaya-Jail Road","Gaya","store_000239","UNMATCHED"
"Darshak Electronics - Nahrunagar","Ahmedabad","Gujarat",38,"Rakesh Electronics ( Narela )","Delhi","store_002207","UNMATCHED"
"Mehta Automobiles Pvt Ltd","Indore","Madhya Pradesh",38,"ISHA ELECTROVISION PVT LTD","Gurugram","store_000798","UNMATCHED"
"Shree Ji Sales","Indore","Madhya Pradesh",38,"SUPER SALES","Delhi","store_000871","UNMATCHED"
"Fair Growth Marketing","Visakhapatnam","Andhra Pradesh",38,"A.G MARKETING","Kanpur","store_001948","UNMATCHED"
"Jain Electronicsrohtas Nagar","Delhi","Delhi",38,"Rakesh Electronics (Uttam Nagar)","Delhi","store_002190","UNMATCHED"
"Gaya Prasad Furniture","Lucknow","Uttar Pradesh",38,"DREAMS FURNITURE","Kolkata","store_002002","UNMATCHED"
"S K Engineers.","Noida","Uttar Pradesh",38,"ASP - S k enterprises","Delhi","store_001359","UNMATCHED"
"Hitachi Studio - Prakash Trading Company","Delhi","Delhi",38,"RK TRADING COMPANY","Kanpur","store_001990","UNMATCHED"
"Ganesh Electronics (Dombivali)","Mumbai","Maharashtra",38,"Rakesh Electronics ( Narela )","Delhi","store_002207","UNMATCHED"
"Vishal Electronics (Govandi)","Mumbai","Maharashtra",38,"SYAL ELECTRONICS","Delhi","store_000911","UNMATCHED"
"Sachdeva Electronic Centre","Chandigarh","Chandigarh",38,"ELECTRONIC CENTER","Kolkata","store_002003","UNMATCHED"
"Vs - Up(Indirapuram) Br","Ghaziabad","Uttar Pradesh",37,"VS-Delhi(Pitampura) Br","Delhi","store_000168","UNMATCHED"
"VS -Ts(Hastinapur)","Hyderabad","Telangana",37,"VS-Ts(Hastinapur)","Hyderabad","store_000141","UNMATCHED"
"VS -Ts(Kompally)","Hyderabad","Telangana",37,"VS-Ts(Kompally)","Hyderabad","store_000143","UNMATCHED"
"VS -Delhi(Burari)","Delhi","Delhi",37,"VS-Delhi(Burari)","Delhi","store_000147","UNMATCHED"
"VS -Surat(Bhatar)","Surat","Gujarat",37,"VS-Surat(Bhatar)","Surat","store_000169","UNMATCHED"
"VS -Delhi(Narela)","Delhi","Delhi",37,"VS-Delhi(Narela)","Delhi","store_000175","UNMATCHED"
"VS -Ts(Nagaram)","Hyderabad","Telangana",37,"VS-Ts(Nagaram)","Hyderabad","store_000194","UNMATCHED"
"VS -Ts(Nallakunta)","Hyderabad","Telangana",37,"VS-Ts(Nallakunta)","Hyderabad","store_000196","UNMATCHED"
"VS -Ts(Madinaguda)","Hyderabad","Telangana",37,"VS-Ts(Madinaguda)","Hyderabad","store_000198","UNMATCHED"
"VS -Ap(Vijayawada)","Vijayawada","Andhra Pradesh",37,"VS-Ap(Vijayawada)","Vijayawada","store_000223","UNMATCHED"
"VS -Ts(Warangal)","Warangal","Telangana",37,"VS-Ts(Warangal)","Warangal","store_000226","UNMATCHED"
"VS -Ap(Kakinada)","Kakinada","Andhra Pradesh",37,"VS-Ap(Kakinada)","Kakinada","store_000228","UNMATCHED"
"VS -Ap(Rajamundry)","Rajahmundry","Andhra Pradesh",37,"VS-Ap(Rajamundry)","Rajahmundry","store_000230","UNMATCHED"
"Croma - Chennai-Ambattur- A356","Chennai","Tamil Nadu",37,"Croma -Chennai-Tambaram West","Chennai","store_001057","UNMATCHED"
"Abhay Steel And Furniture Mart","West Champaran","Bihar",37,"PUNJAB TELECOM AND FURNITURE HOUSE","Ludhiana","store_002092","UNMATCHED"
"Zinc Electro Bazar Private Limited","Bhubaneswar","Odisha",37,"EPLAZA WHEELS PRIVATE LIMITED","Patna","store_002115","UNMATCHED"
"Deep Gift Corner Pvt Ltd.","Delhi","Delhi",37,"KAMALIA SONS PVT. LTD","Ranchi","store_002160","UNMATCHED"
"Shree Balaji Sale And Service Solutions","Delhi","Delhi",37,"SHREE BALAJI ENTERPRISES","Kanpur","store_001991","UNMATCHED"
"Hotspot- Delhi-Karawal Nagar","Delhi","Delhi",37,"Croma-Delhi-Lajpat Nagar","Delhi","store_000395","UNMATCHED"
"Hotspot- Kolkata-Linton Street","Kolkata","West Bengal",37,"Croma-Kolkata-Park Street","Kolkata","store_000246","UNMATCHED"
"Thukral Time Centre Pvt Ltd","Delhi","Delhi",37,"KAMALIA SONS PVT. LTD","Ranchi","store_002160","UNMATCHED"
"Kashika Trading Co","Delhi","Delhi",37,"MAHESH TRADING","Karnal","store_000837","UNMATCHED"
"Value Plus -M/S Shivam Enterprises (Shahjanwa)","Ghaziabad","Uttar Pradesh",37,"SHIVAM ENTERPRISES","Delhi","store_000887","UNMATCHED"
"Value Plus -M/S Madaan Electronics (New)","Ghaziabad","Uttar Pradesh",37,"M/S MANAS ELECTRONICS","Lucknow","store_000718","UNMATCHED"
"Agrawal Galaxy","Indore","Madhya Pradesh",37,"AGRAWAL ELECTRONICS","Kanpur","store_001949","UNMATCHED"
"Reliance Digital- Dcm","Kolkata","West Bengal",37,"RANA DIGITAL","Howrah","store_001088","UNMATCHED"
"Ritwik Enterprises Devali","Delhi","Delhi",37,"RADHIKA ENTERPRISES","Patna","store_002136","UNMATCHED"
"Neeru Electronics-Malviya Nagar","Delhi","Delhi",37,"Rakesh electronics(Patel Nagar)","Delhi","store_002187","UNMATCHED"
"Ruchi Electronics-Indira Nagar","Lucknow","Uttar Pradesh",37,"Rakesh electronics(Patel Nagar)","Delhi","store_002187","UNMATCHED"
"Universal Services","Bhubaneswar","Odisha",37,"ASP - Roy Services","Kolkata","store_001350","UNMATCHED"
"A One Radios","Indore","Madhya Pradesh",37,"CHAWLA RADIOS","Ludhiana","store_002068","UNMATCHED"
"Electronics Mart India Limited","Hyderabad","Telangana",37,"KUMAR ELECTRONICS INDIA ROHINI","Delhi","store_000856","UNMATCHED"
"Shri Balaji Collection","Gurgaon","Haryana",37,"SHRI BALA JI ELECTRONICS","Kanpur","store_001992","UNMATCHED"
"Nod (Ambedkar Road)","Noida","Uttar Pradesh",37,"Croma-Neemuch-Ambedkar Road","Neemuch","store_000371","UNMATCHED"
"Prashant Electric Company","Noida","Uttar Pradesh",37,"PRASHANT ELECTRONIC AND BATTRY","Kanpur","store_001984","UNMATCHED"
"Subudhi Electrical Stores","Bhubaneswar","Odisha",37,"PRUTHI ELECTRICAL","Ludhiana","store_002089","UNMATCHED"
"Titu Electric Co","Mohali","Punjab",37,"VIMAL ELECTRIC","Patna","store_000953","UNMATCHED"
"Darsh Airconditioning Solutions","Lucknow","Uttar Pradesh",37,"S S AIRCONDITIONING","Ludhiana","store_002095","UNMATCHED"
"Mohit Muskan","Noida","Uttar Pradesh",37,"MOHIT ELECTROVISION","Faridabad","store_000794","UNMATCHED"
"Paragon Telelinks Pvt Ltd (2)","Mumbai","Maharashtra",37,"KAMALIA SONS PVT. LTD","Ranchi","store_002160","UNMATCHED"
"Vs - Up(Gaur Chowk)","Greater Noida","Uttar Pradesh",36,"VS-Pune(Dange Chowk)","Pune","store_001641","UNMATCHED"
"Vs - Delhi(Daryaganj)","Delhi","Delhi",36,"VS-Delhi(Daryaganj)","Delhi","store_000095","UNMATCHED"
"Vs - Delhi(Durgapuri)","Delhi","Delhi",36,"VS-Delhi(Durgapuri)","Delhi","store_000131","UNMATCHED"
"VS -Palghar","Thane","Maharashtra",36,"VS-Palghar","Thane","store_000135","UNMATCHED"
"VS -Ts(Bhel)","Hyderabad","Telangana",36,"VS-Ts(Bhel)","Hyderabad","store_000172","UNMATCHED"
"Vs - Kalyan(Khadakpada)","Thane","Maharashtra",36,"VS-Kalyan(Khadakpada)","Thane","store_000183","UNMATCHED"
"Vs - Ts(Chintalkunta)","Hyderabad","Telangana",36,"VS-Ts(Chintalkunta)","Hyderabad","store_000186","UNMATCHED"
"VS -Ap(Vizag)","Vijayawada","Andhra Pradesh",36,"VS-Ap(Vizag)","Vijayawada","store_000219","UNMATCHED"
"Croma -Pune-Moshi- A576","Pune","Maharashtra",36,"Croma -Pune-Kothrud 2","Pune","store_001050","UNMATCHED"
"Croma - Chennai-Urapakkam- A339","Chennai","Tamil Nadu",36,"Croma -Chennai-Tambaram West","Chennai","store_001057","UNMATCHED"
"Expert Aircon Services","Mumbai","Maharashtra",36,"ASP - Roy Services","Kolkata","store_001350","UNMATCHED"
"Kts Services","Ghaziabad","Uttar Pradesh",36,"ASP - Roy Services","Kolkata","store_001350","UNMATCHED"
"Siri Solutions","Bangalore","Karnataka",36,"ASP - Alliance Solutions","Delhi","store_001333","UNMATCHED"
"M S Fridge Palace","Pathanamthitta","Kerala",36,"M S DISTRIBUTORS","Ghaziabad","store_000054","UNMATCHED"
"R S Service Point","Faridabad","Haryana",36,"S R  ELECTRONICS","Jodhpur","store_001942","UNMATCHED"
"Shree Ganesh Cool Services","Mumbai","Maharashtra",36,"ASP - M S SHREE SERVICES","Pune","store_001354","UNMATCHED"
"Maa Tabhamani Trading","Bhubaneswar","Odisha",36,"MAHESH TRADING","Karnal","store_000837","UNMATCHED"
"Ahuja Light Store","Jaipur","Rajasthan",36,"BHATIA DISH STORE","Ranchi","store_002150","UNMATCHED"
"Hotspot- Delhi-Vikas Marg Ix","Delhi","Delhi",36,"VS-Delhi(Vikas Marg) Br","Delhi","store_000098","UNMATCHED"
"Hotspot- Delhi-Vikas Marg Xi","Delhi","Delhi",36,"VS-Delhi(Vikas Marg) Br","Delhi","store_000098","UNMATCHED"
"Hotspot- Ghaziabad-Gandhi Nagar","Ghaziabad","Uttar Pradesh",36,"Croma-Ahmedabad-Mani Nagar","Ahmedabad","store_000305","UNMATCHED"
"Ankur Electronics & Services","Pune","Maharashtra",36,"ANAND ELECTRONICS","Delhi","store_000895","UNMATCHED"
"Top Ten Electronics Shoppe","Mumbai","Maharashtra",36,"Golden Electronics Godrej","Lucknow","store_001139","UNMATCHED"
"Value Plus -M/S Agarwal Electronics (Shahjahanpur)","Ghaziabad","Uttar Pradesh",36,"AGARWAL ELECTRONICS","Lucknow","store_002035","UNMATCHED"
"Value Plus -M/S Satnam Electronics (Gonda)","Ghaziabad","Uttar Pradesh",36,"M/S MANAS ELECTRONICS","Lucknow","store_000718","UNMATCHED"
"Sharma Electronics-Jalandhar","Ludhiana","Punjab",36,"SHARMA ENTERPRISES","Delhi","store_000926","UNMATCHED"
"Darshak Electronics - Navrangpura","Ahmedabad","Gujarat",36,"ANIL ELECTRONICS BABARPUR","Delhi","store_000924","UNMATCHED"
"Hitachi Studio-Amrutha Enterprises","Vijayawada","Andhra Pradesh",36,"AARUSH ENTERPRISES","Delhi","store_000853","UNMATCHED"
"Reliance Digital-Ghatkopar R City Mall","Mumbai","Maharashtra",36,"Croma-Hyderabad-Sarath City Mall","Hyderabad","store_000488","UNMATCHED"
"Shri Avone Electronics Private Limi","Raipur","Chhattisgarh",36,"SHRI BALA JI ELECTRONICS","Kanpur","store_001992","UNMATCHED"
"Saluja Computers And Services","Raipur","Chhattisgarh",36,"ASP - INFINITI SALES AND SERVICES","Delhi","store_001344","UNMATCHED"
"Haryana Oil Store","Gurgaon","Haryana",36,"HARYANA REDIOS","Ludhiana","store_002079","UNMATCHED"
"Verma Service Point","Faridabad","Haryana",36,"ELECTRIC POINT","Ghaziabad","store_000058","UNMATCHED"
"Baba Akhandalmani Electricals","Bhubaneswar","Odisha",36,"SHYAM ELECTRICALS","Ghaziabad","store_000024","UNMATCHED"
"India Spare Parts","Ghaziabad","Uttar Pradesh",36,"GULSHAN SPARE PART","Kanpur","store_001963","UNMATCHED"
"Shanti Electricals And Home Applian","Noida","Uttar Pradesh",36,"KHUSHI ELECTRONICS AND ELECTRICALS","Patna","store_002123","UNMATCHED"
"Great Eastern Trading","Kolkata","West Bengal",36,"MAHESH TRADING","Karnal","store_000837","UNMATCHED"
"Golden Telecom Nx","Mumbai","Maharashtra",36,"ARMAN TELECOM","Faridabad","store_000801","UNMATCHED"
"G.B.Sales Corporation","Jhajjar","Haryana",36,"MALIK TRADING CORPORATION","Jammu","store_001924","UNMATCHED"
"Mishra Refrigeration Engineers Pvt Ltd","Delhi","Delhi",36,"ISHA ELECTROVISION PVT LTD","Gurugram","store_000798","UNMATCHED"
"Ashoka Shopping Mall","Firozabad","Uttar Pradesh",35,"Croma-Bhopal-DB Mall","Bhopal","store_000358","UNMATCHED"
"Vs - Pune(Hadapsar)","Pune","Maharashtra",35,"VS-Pune(Hadapsar)","Pune","store_000089","UNMATCHED"
"Vs - Ts(Karmanghat)","Hyderabad","Telangana",35,"VS-Ts(Karmanghat)","Hyderabad","store_000096","UNMATCHED"
"Vs - Pune(Kondhawa)","Pune","Maharashtra",35,"VS-Pune(Kondhawa)","Pune","store_000110","UNMATCHED"
"Vs - Delhi(Nawada)","Delhi","Delhi",35,"VS-Delhi(Nawada)","Delhi","store_000162","UNMATCHED"
"Vs - Delhi(Nangloi)","Delhi","Delhi",35,"VS-Delhi(Nangloi)","Delhi","store_000170","UNMATCHED"
"Vs - Mumbra(Kausa)","Thane","Maharashtra",35,"VS-Mumbra(Kausa)","Thane","store_000185","UNMATCHED"
"Vs - Ts(Punjagutta)","Hyderabad","Telangana",35,"VS-Ts(Punjagutta)","Hyderabad","store_000207","UNMATCHED"
"Croma -Pune-Baner- A156","Pune","Maharashtra",35,"Croma -Bhubaneswar-Patia","Bhubaneswar","store_001016","UNMATCHED"
"Croma -Mumbai-Virar- A288","Mumbai","Maharashtra",35,"Croma -Bhubaneswar-Patia","Bhubaneswar","store_001016","UNMATCHED"
"Banga Electroics","Hansi","Haryana",35,"GANGA ELECTRONICS","Hooghly","store_001076","UNMATCHED"
"Veer Trading Co Pvt Ltd","Delhi","Delhi",35,"KAMALIA SONS PVT. LTD","Ranchi","store_002160","UNMATCHED"
"Vyas Digital Retail Pvt Ltd","Bhubaneswar","Odisha",35,"KAMALIA SONS PVT. LTD","Ranchi","store_002160","UNMATCHED"
"R.K.Video","Jammu","Jammu & Kashmir",35,"R.K VIDEO","Jammu","store_001928","UNMATCHED"
"Croma-Nashik- Jail Road- A737","Nashik","Maharashtra",35,"Croma-Gaya-Jail Road","Gaya","store_000239","UNMATCHED"
"Hotspot- Delhi-Jail Road","Delhi","Delhi",35,"Croma-Delhi-Pusa Road","Delhi","store_000390","UNMATCHED"
"Hotspot- Kolkata-Chandan Nagar","Kolkata","West Bengal",35,"VS-Ts(Vivekananda Nagar)","Hyderabad","store_000122","UNMATCHED"
"Hotspot- Haryana-Panchkula Sec 20","Panchkula","Haryana",35,"Croma-Faridabad-Pacific Mall Sec 20","Faridabad","store_000446","UNMATCHED"
"Navrang Audio Video Pvt. Ltd.","Delhi","Delhi",35,"ISHA ELECTROVISION PVT LTD","Gurugram","store_000798","UNMATCHED"
"Reliance Digital - Vashi City Center","Mumbai","Maharashtra",35,"HOME CITY CENTER","Patna","store_002119","UNMATCHED"
"Value Plus -M/S Shubham Enterprises (Etah)","Etah","Uttar Pradesh",35,"ASP - MS Arth Enterprises","Delhi","store_001339","UNMATCHED"
"Value Plus -M/S Geetanjali Electronics (Kasia)","Ghaziabad","Uttar Pradesh",35,"M/S MANAS ELECTRONICS","Lucknow","store_000718","UNMATCHED"
"Value Plus -M/S Gaurav Electronics (Gonda)","Ghaziabad","Uttar Pradesh",35,"M/S MANAS ELECTRONICS","Lucknow","store_000718","UNMATCHED"
"Value Plus -M/S Manas Electronicd(Faizabad Road)","Ghaziabad","Uttar Pradesh",35,"M/S MANAS ELECTRONICS","Lucknow","store_000718","UNMATCHED"
"Value Plus -M/S Harish Electronics (Dadri)","Ghaziabad","Uttar Pradesh",35,"M/S MANAS ELECTRONICS","Lucknow","store_000718","UNMATCHED"
"Anil Refrigeration - Siliguri","Kolkata","West Bengal",35,"ROHIT REFRIGERATION","Kolkata","store_002021","UNMATCHED"
"Reliance Digital -Habra","Kolkata","West Bengal",35,"RANA DIGITAL","Howrah","store_001088","UNMATCHED"
"Great Eastern Appliances Pvt Ltd","Kolkata","West Bengal",35,"ISHA ELECTROVISION PVT LTD","Gurugram","store_000798","UNMATCHED"
"Jain Electronics-Shahdara","Delhi","Delhi",35,"JAIN ENTERPRISES","Delhi","store_000847","UNMATCHED"
"Shilpi Mobile And Electronics Private Limited","Delhi","Delhi",35,"EPLAZA WHEELS PRIVATE LIMITED","Patna","store_002115","UNMATCHED"
"Adarsh Electronic & Furniture","Noida","Uttar Pradesh",35,"ELECTRONIC CENTER","Kolkata","store_002003","UNMATCHED"
"Gada Electronics Retail India Private Limite","Noida","Uttar Pradesh",35,"KUMAR ELECTRONICS INDIA ROHINI","Delhi","store_000856","UNMATCHED"
"Deepak Treders (Tilla)","Noida","Uttar Pradesh",35,"DEEPAK ELECTRONICS","Delhi","store_000901","UNMATCHED"
"Golden Refrigeration Co-Kolkata","Kolkata","West Bengal",35,"MOUNT REFRIGERATION","Jodhpur","store_001936","UNMATCHED"
"Royal Mobile Hub","Mumbai","Maharashtra",35,"STAR MOBILE","Ludhiana","store_002099","UNMATCHED"
"Vs - Ts(Boduppal)","Hyderabad","Telangana",34,"VS-Ts(Boduppal)","Hyderabad","store_000094","UNMATCHED"
"Vs - Ts(Attapur)","Hyderabad","Telangana",34,"VS-Ts(Attapur)","Hyderabad","store_000137","UNMATCHED"
"Vs - Ts(Nacharam)","Hyderabad","Telangana",34,"VS-Ts(Nacharam)","Hyderabad","store_000164","UNMATCHED"
"Vs - Ts(Kothapet)","Hyderabad","Telangana",34,"VS-Ts(Kothapet)","Hyderabad","store_000166","UNMATCHED"
"Vs - Ts(Kondapur)","Hyderabad","Telangana",34,"VS-Ts(Kondapur)","Hyderabad","store_000181","UNMATCHED"
"Vs - Ts(Malakpet)","Hyderabad","Telangana",34,"VS-Ts(Malakpet)","Hyderabad","store_000215","UNMATCHED"
"Croma -Kolkata-Rajarhat- A197","Kolkata","West Bengal",34,"Croma -Korba-Transport Nagar","Korba","store_001046","UNMATCHED"
"Croma -Pune-Wagholi- A303","Pune","Maharashtra",34,"Croma -Pune-Kothrud 2","Pune","store_001050","UNMATCHED"
"Croma -Pune-Hinjewadi- A264","Pune","Maharashtra",34,"Croma -Pune-Kothrud 2","Pune","store_001050","UNMATCHED"
"Croma -Delhi-Saket- A042","Delhi","Delhi",34,"Croma -Nashik-Solitario","Nashik","store_001019","UNMATCHED"
"Croma -Delhi-Southex- A048","Delhi","Delhi",34,"Croma -Bhilai-Supela","Bhilai","store_001028","UNMATCHED"
"Croma -Delhi-Rajouri- A044","Delhi","Delhi",34,"Croma -Nashik-Solitario","Nashik","store_001019","UNMATCHED"
"Croma -Delhi-Rohini- A020","Delhi","Delhi",34,"Croma -Nashik-Govind Nagar","Nashik","store_001054","UNMATCHED"
"Croma -Goa-Mapusa- A621","North Goa","Goa",34,"Croma -Bilaspur-Sarkanada","Bilaspur","store_001051","UNMATCHED"
"Croma -Chennai-Chrompet- A181","Chennai","Tamil Nadu",34,"Croma -Chennai-Tambaram West","Chennai","store_001057","UNMATCHED"
"Croma - Chennai-Mogappair- A146","Chennai","Tamil Nadu",34,"Croma -Chennai-Tambaram West","Chennai","store_001057","UNMATCHED"
"Croma -Chennai-Selaiyur- A315","Chennai","Tamil Nadu",34,"Croma -Chennai-Tambaram West","Chennai","store_001057","UNMATCHED"
"Croma -Mumbai-Sion- A039","Mumbai","Maharashtra",34,"Croma -Bhilai-Supela","Bhilai","store_001028","UNMATCHED"
"Croma -Mumbai-Prabhadevi- A119","Mumbai","Maharashtra",34,"Croma -Raipur-Bhatagaon","Raipur","store_001044","UNMATCHED"
"Croma -Mumbai-Juhu- A001","Mumbai","Maharashtra",34,"Croma -Bhilai-Supela","Bhilai","store_001028","UNMATCHED"
"Madan Mohan Gallery","Bhubaneswar","Odisha",34,"ROLTRONEX GALLERY","Howrah","store_001085","UNMATCHED"
"Sarada Appliance Store","Bhubaneswar","Odisha",34,"Sadana Electric Store","Lucknow","store_002202","UNMATCHED"
"Sushil Sales Corporation","Jaipur","Rajasthan",34,"MALIK TRADING CORPORATION","Jammu","store_001924","UNMATCHED"
"Prakash Trading-Ambica Electricals","Faridabad","Haryana",34,"SHYAM ELECTRICALS","Ghaziabad","store_000024","UNMATCHED"
"Hotspot- Delhi - Dwarka Sector 7","Delhi","Delhi",34,"Croma-Delhi-Dwarka Sector 12","Delhi","store_000388","UNMATCHED"
"Hotspot- Delhi - New Paschim Vihar","Delhi","Delhi",34,"VS-Delhi(Paschim Vihar)","Delhi","store_000125","UNMATCHED"
"Value Plus -M/S Sarang Electronics (Mainpuri)","Mainpuri","Uttar Pradesh",34,"M/S MANAS ELECTRONICS","Lucknow","store_000718","UNMATCHED"
"Value Plus -M/S Digiworld Enterprises (Rampur)","Rampur","Uttar Pradesh",34,"ASP - MS ICON ENTERPRISES","Pune","store_001408","UNMATCHED"
"Value Plus -M/S Bhagwati Electronics (Kichha)","Kiccha","Uttar Pradesh",34,"M/S MANAS ELECTRONICS","Lucknow","store_000718","UNMATCHED"
"Value Plus -M/S Singh Electronics (Deoria)","Deoria","Uttar Pradesh",34,"M/S MANAS ELECTRONICS","Lucknow","store_000718","UNMATCHED"
"Value Plus -M/S House Of Electronics (Gandhi Nagar)","Ghaziabad","Uttar Pradesh",34,"Rakesh Electronics (Kanti Nagar)","Delhi","store_002198","UNMATCHED"
"Value Plus -M/S L.D. Enterprises (Gola)","Ghaziabad","Uttar Pradesh",34,"ASP - MS Arth Enterprises","Delhi","store_001339","UNMATCHED"
"Value Plus -Saharanpur (Link Road)","Ghaziabad","Uttar Pradesh",34,"Croma-Vadodara-Harni Sama Link Road","Vadodara","store_000624","UNMATCHED"
"Value Plus -M/S Tomo Enterprises (Dhampur)","Ghaziabad","Uttar Pradesh",34,"ASP - MS Arth Enterprises","Delhi","store_001339","UNMATCHED"
"Value Plus -M/S Shankar Communication (Maynaguri )","Ghaziabad","Uttar Pradesh",34,"M/S VISHAL COMMUNICATION","Lucknow","store_002048","UNMATCHED"
"Value Plus -M/S Manoj Electronics (Jalpaiguri )","Ghaziabad","Uttar Pradesh",34,"M/S MANAS ELECTRONICS","Lucknow","store_000718","UNMATCHED"
"Value Plus -M/S R.G. Electronics (Ghazipur)","Ghaziabad","Uttar Pradesh",34,"M/S MANAS ELECTRONICS","Lucknow","store_000718","UNMATCHED"
"Reliance Digital - Patia","Bhubaneswar","Odisha",34,"RANA DIGITAL","Howrah","store_001088","UNMATCHED"
"Hitachi Home - Cool Care Air Conditioning-Shakti N","Delhi","Delhi",34,"Cool Care Airconditioning Godrej","Delhi","store_001124","UNMATCHED"
"Unique Electronics Saidulajab","Delhi","Delhi",34,"FINE ELECTRONICS","Faridabad","store_000799","UNMATCHED"
"Mass Marketing - Asansol","Kolkata","West Bengal",34,"A.G MARKETING","Kanpur","store_001948","UNMATCHED"
"Vivek Refrigeration (Kankarbagh)","Patna","Bihar",34,"MOUNT REFRIGERATION","Jodhpur","store_001936","UNMATCHED"
"Sifa Refrigeration - Juhapura","Ahmedabad","Gujarat",34,"CHAWLA REFRIGERATION LLP","Delhi","store_000861","UNMATCHED"
"Reliance Digital - Thane","Mumbai","Maharashtra",34,"RANA DIGITAL","Howrah","store_001088","UNMATCHED"
"Dynamics Distributors - Pimpari","Pune","Maharashtra",34,"BSDS DISTRIBUTORS","Bhubaneswar","store_000957","UNMATCHED"
"Air Cool Technology","Patna","Bihar",34,"ASP - SAI AIR COOL","Delhi","store_001371","UNMATCHED"
"Chahat Super Market","Gurgaon","Haryana",34,"Croma-Bhopal-New Market","Bhopal","store_000369","UNMATCHED"
"D.P. Mall","Mohali","Punjab",34,"Croma-Pune-PMC Mall","Pune","store_000259","UNMATCHED"
"Bajarang Trading Co","Jaipur","Rajasthan",34,"MAHESH TRADING","Karnal","store_000837","UNMATCHED"
"Lulu Hyper Market","Lucknow","Uttar Pradesh",34,"Croma-Bhopal-New Market","Bhopal","store_000369","UNMATCHED"
"Viraj Sales Corporation","Kanpur","Uttar Pradesh",34,"MALIK TRADING CORPORATION","Jammu","store_001924","UNMATCHED"
"Agra (Cross Road Mall)","Agra","Uttar Pradesh",34,"Croma-Ahmedabad-Shyamal Cross Road","Ahmedabad","store_000306","UNMATCHED"
"Gupta Light World","Noida","Uttar Pradesh",34,"CLIMATE WORLD","Lucknow","store_002040","UNMATCHED"
"Better Deals","Rohtak","Haryana",34,"SM GADGET DEALS","Delhi","store_000941","UNMATCHED"
"V I P Electro Point","Bareily","Uttar Pradesh",33,"ELECTRIC POINT","Ghaziabad","store_000058","UNMATCHED"
"Vs - Badlapur","Thane","Maharashtra",33,"VS-Badlapur","Thane","store_000129","UNMATCHED"
"Vs - Ts(Nagole)","Hyderabad","Telangana",33,"VS-Ts(Nagole)","Hyderabad","store_000174","UNMATCHED"
"Croma -Jamshedpur-Bistupur- A380","Jamshedpur","Jharkhand",33,"Croma -Raipur-Bhatagaon","Raipur","store_001044","UNMATCHED"
"Croma -Pune-Pimpri- A038","Pune","Maharashtra",33,"Croma -Pune-Kothrud 2","Pune","store_001050","UNMATCHED"
"Croma -Pune-Wakad- A117","Pune","Maharashtra",33,"Croma -Bhubaneswar-Patia","Bhubaneswar","store_001016","UNMATCHED"
"Croma -Ahmedabad-Devarc- A004","Ahmedabad","Gujarat",33,"Croma -Bhubaneswar-Patia","Bhubaneswar","store_001016","UNMATCHED"
"Croma -Surat-Adajan- A105","Surat","Gujarat",33,"Croma -Raipur-Pandri","Raipur","store_001063","UNMATCHED"
"Croma -Ahmedabad-Ratna- A107","Ahmedabad","Gujarat",33,"Croma -Ahmednagar-Kohinoor Mall","Ahmednagar","store_001030","UNMATCHED"
"Croma -Delhi-Kamlanagar- A032","Delhi","Delhi",33,"Croma -Nashik-Solitario","Nashik","store_001019","UNMATCHED"
"Croma -Delhi-Janakpuri- A132","Delhi","Delhi",33,"Croma -Dehradun-Rajpur Road","Dehradun","store_001009","UNMATCHED"
"Croma -Delhi-Pitampura- A258","Delhi","Delhi",33,"Croma -Bhilai-Supela","Bhilai","store_001028","UNMATCHED"
"Croma -Bangalore-Banshankari- A073","Bangalore","Karnataka",33,"Croma -Bhubaneswar-Patia","Bhubaneswar","store_001016","UNMATCHED"
"Croma - Chennai-Sholinganallur- A322","Chennai","Tamil Nadu",33,"Croma -Nashik-Gangapur Road","Nashik","store_001043","UNMATCHED"
"Croma -Mumbai-Borivali- A147","Mumbai","Maharashtra",33,"Croma -Raipur-Bhatagaon","Raipur","store_001044","UNMATCHED"
"Croma -Thane-Bhayander- A017","Thane","Maharashtra",33,"Croma -Dehradun-Saharanpur Road","Dehradun","store_001013","UNMATCHED"
"Croma -Mumbai-Chembur- A174","Mumbai","Maharashtra",33,"Croma -Bhubaneswar-Patia","Bhubaneswar","store_001016","UNMATCHED"
"Sound Trading Co.","Amritsar","Punjab",33,"MAHESH TRADING","Karnal","store_000837","UNMATCHED"
"M S Shree Samarth Krupa Refrigerator","Pune","Maharashtra",33,"ASP - M S SHREE SERVICES","Pune","store_001354","UNMATCHED"
"Hotspot- Delhi - Sarita Vihar","Delhi","Delhi",33,"VS-Delhi(Paschim Vihar)","Delhi","store_000125","UNMATCHED"
"Hotspot- Haryana-Yamuna Nagar","Yamuna Nagar","Haryana",33,"VS-Ts(Vivekananda Nagar)","Hyderabad","store_000122","UNMATCHED"
"Hotspot- Punjab-Sarabha Nagar","Ludhiana","Punjab",33,"VS-Ts(A.S.Rao Nagar)","Hyderabad","store_000191","UNMATCHED"
"Reliance Digital- Rrl Cdit North Usman Road T N -TCI7","Chennai","Tamil Nadu",33,"Vasanth & Co NORTH USMAN ROAD - (1110)","Chennai","store_001627","UNMATCHED"
"Reliance Digital- Station Road Buxar -T8RF","Buxar","Bihar",33,"Croma-Ara-Katira Station Road","Ara","store_000236","UNMATCHED"
"Reliance Digital- Chas Bypass Road -T9ZK","Bokaro","Jharkhand",33,"Croma-Nellore-Mini Bypass Road","Nellore","store_000502","UNMATCHED"
"Slg (Matigara)","Siliguri","West Bengal",33,"SLG ELECTRONICS","Delhi","store_000854","UNMATCHED"
"Value Plus -M/S Shubhkamna Electronics (Mirzapur)","Mirzapur","Uttar Pradesh",33,"M/S MANAS ELECTRONICS","Lucknow","store_000718","UNMATCHED"
"Value Plus -M/S S G Enterprises (Hathras)","Hathras","Uttar Pradesh",33,"ASP - S k enterprises","Delhi","store_001359","UNMATCHED"
"Value Plus -M/S Jitendra Electronics (Shikohabad)","Shikohabad","Uttar Pradesh",33,"M/S STAR ELECTRONICS","Ranchi","store_002166","UNMATCHED"
"Value Plus -M/S Singh Enterprises (Jalalabad)","Jalalabad","Uttar Pradesh",33,"ASP - MS Arth Enterprises","Delhi","store_001339","UNMATCHED"
"Value Plus -M/S Ashoka Enterprises (Kunraghat)","Ghaziabad","Uttar Pradesh",33,"ASP - MS Arth Enterprises","Delhi","store_001339","UNMATCHED"
"Value Plus -M/S Rajput Enterprises (Khalilabad)","Ghaziabad","Uttar Pradesh",33,"ASP - MS Arth Enterprises","Delhi","store_001339","UNMATCHED"
"Value Plus -M/S Anjani Enterprises (Muradnagar)","Ghaziabad","Uttar Pradesh",33,"ASP - MS Arth Enterprises","Delhi","store_001339","UNMATCHED"
"Value Plus -M/S Roopa Electronics (Renukoot)","Ghaziabad","Uttar Pradesh",33,"M/S MANAS ELECTRONICS","Lucknow","store_000718","UNMATCHED"
"Reliance Digital - Janpath","Bhubaneswar","Odisha",33,"RANA DIGITAL","Howrah","store_001088","UNMATCHED"
"Reliance Digital - R S Puram","Coimbatore","Tamil Nadu",33,"S S DIGITAL ZONE","Kolkata","store_002023","UNMATCHED"
"Reliance Digital-Lulu Mall","Lucknow","Uttar Pradesh",33,"Croma-Noida-Gaur Mall","Noida","store_000012","UNMATCHED"
"Reliance Digital-Axis Mall","Kolkata","West Bengal",33,"Croma-Noida-Logix Mall","Noida","store_000017","UNMATCHED"
"Reliance Digital-Plassio Mall","Lucknow","Uttar Pradesh",33,"Croma-Lucknow-Palassio Mall","Lucknow","store_000284","UNMATCHED"
"Baba Ji Electronics Tegore Garden","Delhi","Delhi",33,"SHRI BALA JI ELECTRONICS","Kanpur","store_001992","UNMATCHED"
"Reliance Digital-Laxmi Nagar","Delhi","Delhi",33,"Croma-Ahmedabad-Mani Nagar","Ahmedabad","store_000305","UNMATCHED"
"Deekay Electronics - Ghumar Mandi","Ludhiana","Punjab",33,"Deepti Electronics Godrej","Delhi","store_001271","UNMATCHED"
"Electronic World-1Dlf Phase","Gurgaon","Haryana",33,"ELECTRONIC POINT","Delhi","store_000886","UNMATCHED"
"Reliance Digital Cbd Shahdara","Delhi","Delhi",33,"Croma-Delhi-CBD Shahdara","Delhi","store_000421","UNMATCHED"
"Khosla Electronics Pvt Ltd - Sarat Bose Road","Kolkata","West Bengal",33,"Croma-Kolkata-Sarat Bose Road","Kolkata","store_000296","UNMATCHED"
"Sales Corner","Surat","Gujarat",33,"SUPER SALES","Delhi","store_000871","UNMATCHED"
"Tranzcend Air Systems","Ernakulam","Kerala",33,"INITIATIVE DATA SYSTEMS","Lucknow","store_000724","UNMATCHED"
"Reliance Digital-Gondal Road","Ahmedabad","Gujarat",33,"Croma-Nadiad-Uttarsanda Road","Nadiad","store_000682","UNMATCHED"
"Maharashtra Electronics - M.G Road","Pune","Maharashtra",33,"HARSH ELECTRONICS","Delhi","store_000862","UNMATCHED"
"Reliance Digital - Naroda","Ahmedabad","Gujarat",33,"Croma-Ahmedabad-Nava Naroda","Ahmedabad","store_000328","UNMATCHED"
"Reliance Digital - Chennai","Chennai","Tamil Nadu",33,"RANA DIGITAL","Howrah","store_001088","UNMATCHED"
"Reliance Digital -Shahibag","Ahmedabad","Gujarat",33,"RANA DIGITAL","Howrah","store_001088","UNMATCHED"
"Shivani Mobile World","Gurgaon","Haryana",33,"CLIMATE WORLD","Lucknow","store_002040","UNMATCHED"
"Pai International Electronics Ltd","Visakhapatnam","Andhra Pradesh",33,"MITTAL ELECTRONICS","Hooghly","store_001077","UNMATCHED"
"Pinpoint Logistics-Uma Enterprise","Kolkata","West Bengal",33,"DIXIT ENTERPRISE","Faridabad","store_000791","UNMATCHED"
"Jammu Battery House","Ludhiana","Punjab",33,"RAHUL BATTERY SERVICE","Lucknow","store_002051","UNMATCHED"
"Kalra,S Mobile Cafe","Ludhiana","Punjab",33,"PANDIT JI MOBILE CARE","Delhi","store_001794","UNMATCHED"
"Shree Nath Plaza","Jaipur","Rajasthan",33,"VIDEO PLAZA","Kolkata","store_002032","UNMATCHED"
"J M D Yash Traders","Lucknow","Uttar Pradesh",33,"CHAUDHARY TRADERS","Delhi","store_000943","UNMATCHED"
"Ice Energy Corporation","Ghaziabad","Uttar Pradesh",33,"MALIK TRADING CORPORATION","Jammu","store_001924","UNMATCHED"
"Shri Balaji Mobile World","Ghaziabad","Uttar Pradesh",33,"Balaji Digital World Godrej","Delhi","store_001109","UNMATCHED"
"S.M Mobile And Electronic (Vasai-E) (Nothing)","Mumbai","Maharashtra",33,"PRASHANT ELECTRONIC AND BATTRY","Kanpur","store_001984","UNMATCHED"
"Electro Mart","Ghaziabad","Uttar Pradesh",33,"ALL MEGA MART","Kanpur","store_001953","UNMATCHED"
"Pragya Communcation","Delhi","Delhi",33,"PRAGYA METRO ELECTRONICS","Delhi","store_000894","UNMATCHED"
"Durga Spares","Moradabad","Uttar Pradesh",32,"JAI DURGA ENTERPRISES","Jammu","store_001919","UNMATCHED"
"Croma - Sagar-Makroniya- A524","Sagar","Karnataka",32,"Croma -Nashik-Solitario","Nashik","store_001019","UNMATCHED"
"Croma - Bhopal-Kohefiza- A453","Bhopal","Madhya Pradesh",32,"Croma -Bhubaneswar-Patia","Bhubaneswar","store_001016","UNMATCHED"
"Croma - Gwalior-Jayendraganj- A715","Gwalior","Madhya Pradesh",32,"Croma -Bilaspur-Sarkanada","Bilaspur","store_001051","UNMATCHED"
"Croma -Bangalore-Koramangala- A058","Bangalore","Karnataka",32,"Croma-Bangalore-Koramangala","Bengaluru","store_000463","UNMATCHED"
"Croma -Hyderabad-Kukatpally- A170","Hyderabad","Telangana",32,"Croma-Hyderabad-Kukatpally","Hyderabad","store_000481","UNMATCHED"
"Croma -Bangalore-Whitefield- A150","Bangalore","Karnataka",32,"Croma-Bangalore-Whitefield","Bengaluru","store_000482","UNMATCHED"
"Croma -Bangalore-Marathahalli- A060","Bangalore","Karnataka",32,"Croma-Bangalore-Marathahalli","Bengaluru","store_000490","UNMATCHED"
"Croma -Bangalore-Gottigere- A515","Bangalore","Karnataka",32,"Croma-Bangalore-Gottigere","Bengaluru","store_000491","UNMATCHED"
"Croma - Kochi-Kalamassery- A323","Kochi","Kerala",32,"Croma -Bhilai-Supela","Bhilai","store_001028","UNMATCHED"
"Croma -Bangalore-Gunjur- A235","Bangalore","Karnataka",32,"Croma -Bhubaneswar-Patia","Bhubaneswar","store_001016","UNMATCHED"
"Croma -Mumbai-Mulund- A013","Mumbai","Maharashtra",32,"Croma -Bhilai-Supela","Bhilai","store_001028","UNMATCHED"
"Croma -Mumbai-Kandivali- A092","Mumbai","Maharashtra",32,"Croma-Mumbai-Kandivali West","Mumbai","store_000645","UNMATCHED"
"Croma -Mumbai-Fort- A026","Mumbai","Maharashtra",32,"Croma -Bhilai-Supela","Bhilai","store_001028","UNMATCHED"
"Croma -Mumbai-Andheri- A127","Mumbai","Maharashtra",32,"Croma -Bhubaneswar-Patia","Bhubaneswar","store_001016","UNMATCHED"
"Kansal Eenterprises","Rewari","Haryana",32,"KANG ENTERPRISES","Ludhiana","store_002081","UNMATCHED"
"Abacus Rac Ha Services","Lucknow","Uttar Pradesh",32,"ASP - Roy Services","Kolkata","store_001350","UNMATCHED"
"White Innovative Solutions","Ernakulam","Kerala",32,"ASP - Alliance Solutions","Delhi","store_001333","UNMATCHED"
"Mittal Safe Company","Chandigarh","Chandigarh",32,"MITTAL ELECTRONICS","Hooghly","store_001077","UNMATCHED"
"Cheap & Best Trading Co","Jammu","Jammu & Kashmir",32,"MAHESH TRADING","Karnal","store_000837","UNMATCHED"
"Hotspot- Aurangabad-Kranti Chowk","Aurangabad","Bihar",32,"VS-Pune(Dange Chowk)","Pune","store_001641","UNMATCHED"
"Value Plus -M/S Gokul Enterprises (Pratapgarh)","Pratapgarh","Uttar Pradesh",32,"ASP - MS Arth Enterprises","Delhi","store_001339","UNMATCHED"
"Value Plus -Ddn (Rajpur Road)","Dehradun","Uttarakhand",32,"Croma-Valsad-Dharampur Road","Valsad","store_000688","UNMATCHED"
"Roorkee (Malviya Chowk)","Roorkee","Uttarakhand",32,"Croma-Delhi-Ramphal Chowk","Delhi","store_000398","UNMATCHED"
"Value Plus -M/S Rishi Electronics (Mehmoodabad)","Ghaziabad","Uttar Pradesh",32,"M/S MANAS ELECTRONICS","Lucknow","store_000718","UNMATCHED"
"Value Plus -Nod(Ambedkar Road)","Ghaziabad","Uttar Pradesh",32,"Croma -Ghaziabad-Ambedkar Road","Ghaziabad","store_001067","UNMATCHED"
"Reliance Digital- Esplande Mall","Bhubaneswar","Odisha",32,"Croma-Chandigarh-Elante Mall","Chandigarh","store_000254","UNMATCHED"
"Reliance Digital- Rajabazar","Patna","Bihar",32,"RANA DIGITAL","Howrah","store_001088","UNMATCHED"
"Aas Electronic Vasant Kunj","Delhi","Delhi",32,"ELECTRONIC POINT","Delhi","store_000886","UNMATCHED"
"Hitachi Home - Malhotra Enterprises","Gurgaon","Haryana",32,"NIRMALA ENTERPRISES","Patna","store_002131","UNMATCHED"
"Reliance Digital – Lajpat Nagar","Ludhiana","Punjab",32,"Croma-Delhi-Lajpat Nagar","Delhi","store_000395","UNMATCHED"
"Jagdamba Sales Corporation","Surat","Gujarat",32,"Kataria Sales Corp Godrej","Delhi","store_001170","UNMATCHED"
"Reliance Digital-Hsr Layout","Bangalore","Karnataka",32,"Croma-Bangalore-HSR Layout","Bengaluru","store_000532","UNMATCHED"
"Air N Gas-Vizag","Vijayawada","Andhra Pradesh",32,"AIR PAVILION","Greater Noida","store_000022","UNMATCHED"
"Reliance Digital - Kondapur","Hyderabad","Telangana",32,"RANA DIGITAL","Howrah","store_001088","UNMATCHED"
"Reliance Digital - Kothapet","Hyderabad","Telangana",32,"RANA DIGITAL","Howrah","store_001088","UNMATCHED"
"Mahaveer Digital Shoppy","Vijayawada","Andhra Pradesh",32,"RANA DIGITAL","Howrah","store_001088","UNMATCHED"
"Reliance Digital - Kompally","Hyderabad","Telangana",32,"RANA DIGITAL","Howrah","store_001088","UNMATCHED"
"Tegh Solutions","Delhi","Delhi",32,"ASP - Alliance Solutions","Delhi","store_001333","UNMATCHED"
"Shri Sidh Sons.","Kanpur","Uttar Pradesh",32,"LAXMI & SONS","Kolkata","store_002011","UNMATCHED"
"Durga Emporium","Noida","Uttar Pradesh",32,"JAI DURGA ENTERPRISES","Jammu","store_001919","UNMATCHED"
"Kumaon Radios & Electronics Private","Dehradun","Uttarakhand",32,"KUMAR ELECTRONICS","Delhi","store_000852","UNMATCHED"
"Kore @ Budh Vihar | Dl","Delhi","Delhi",32,"VS-Delhi(Budh Vihar)","Delhi","store_000212","UNMATCHED"
"Vs - Malad","Mumbai","Maharashtra",31,"VS-Malad","Mumbai","store_000099","UNMATCHED"
"Croma -Lucknow-Alambagh- A239","Lucknow","Uttar Pradesh",31,"Croma-Lucknow-Alambagh","Lucknow","store_000281","UNMATCHED"
"Croma -Lucknow-Aliganj- A214","Lucknow","Uttar Pradesh",31,"Croma -Bhubaneswar-Patia","Bhubaneswar","store_001016","UNMATCHED"
"Croma -Kolkata-Kalikapur- A238","Kolkata","West Bengal",31,"Croma-Kolkata-Kalikapur","Kolkata","store_000295","UNMATCHED"
"Raja Auto And Radio","Mahendragarh","Haryana",31,"SANGITA RADIO","Lucknow","store_002055","UNMATCHED"
"Ms Home Appliances Service Centre","Bhubaneswar","Odisha",31,"ASP - RELIABLE SERVICE CENTER","Ghaziabad","store_001489","UNMATCHED"
"Ibc Systems","Bhubaneswar","Odisha",31,"INITIATIVE DATA SYSTEMS","Lucknow","store_000724","UNMATCHED"
"New Patra Needs","Bhubaneswar","Odisha",31,"NEW ARORA ENTERPRISES","Jodhpur","store_001938","UNMATCHED"
"Hotspot- Delhi-New Ramesh Nagar","Delhi","Delhi",31,"Croma-Delhi-Uttam Nagar","Delhi","store_000380","UNMATCHED"
"Hotspot- Punjab - Gurdaspur Road","Pathankot","Punjab",31,"Croma-Jamnagar-Lalpur Road","Jamnagar","store_000711","UNMATCHED"
"Hotspot- Bijnor-Dattiyana Road","Bijnor","Uttar Pradesh",31,"Croma-Indore-Annapurna Road","Indore","store_000349","UNMATCHED"
"Reliance Digital- Rrl Cdit Medical College Road -TVK2","Gorakhpur","Uttar Pradesh",31,"Croma-Gorakhpur-Medical College Road","Gorakhpur","store_000344","UNMATCHED"
"Reliance Digital- Rrlcdit Mall Of Asia -TG1N","Bangalore","Karnataka",31,"Croma-Bangalore-Mall of Asia","Bengaluru","store_000467","UNMATCHED"
"Haier - Value Plus Retail Pvt Ltd","Gorakhpur","Uttar Pradesh",31,"KAMALIA SONS PVT. LTD","Ranchi","store_002160","UNMATCHED"
"Haier - Value Plus Retail Pvt. Ltd.","Siliguri","West Bengal",31,"KAMALIA SONS PVT. LTD","Ranchi","store_002160","UNMATCHED"
"Value Plus -M/S Electronics Palace (Padrauna)","Ghaziabad","Uttar Pradesh",31,"M/S MANAS ELECTRONICS","Lucknow","store_000718","UNMATCHED"
"Value Plus -M/S Jai Hind Electronics (Salempur)","Ghaziabad","Uttar Pradesh",31,"SHREE JAI ELECTRONICS","Delhi","store_000922","UNMATCHED"
"Value Plus -M/S S.A Enterprises (Maharajganj)","Ghaziabad","Uttar Pradesh",31,"ASP - MS Arth Enterprises","Delhi","store_001339","UNMATCHED"
"Value Plus -M/S Royal Electronics (Cooch Behar)","Ghaziabad","Uttar Pradesh",31,"M/S NATIONAL ELECTRONICS GALLERY","Kanpur","store_001975","UNMATCHED"
"Value Plus -M/S P.K. Enterprises (Pratapgarh)","Ghaziabad","Uttar Pradesh",31,"ASP - MS Arth Enterprises","Delhi","store_001339","UNMATCHED"
"Reliance Digital - Esplanade Mall","Bhubaneswar","Odisha",31,"Croma-Chandigarh-Elante Mall","Chandigarh","store_000254","UNMATCHED"
"Three Mangoes Mega Marts Pvt Ltd","Ghaziabad","Uttar Pradesh",31,"KAMALIA SONS PVT. LTD","Ranchi","store_002160","UNMATCHED"
"Reliance Digital - Vikaspuri","Delhi","Delhi",31,"RANA DIGITAL","Howrah","store_001088","UNMATCHED"
"Reliance Digital -Barrackpore","Kolkata","West Bengal",31,"RANA DIGITAL","Howrah","store_001088","UNMATCHED"
"Bermecha Refrigeration-Chandni Chowk","Kolkata","West Bengal",31,"Croma-Delhi-Ramphal Chowk","Delhi","store_000398","UNMATCHED"
"Satnaam Electronic-Pakhowal Road","Ludhiana","Punjab",31,"Croma-Patna-Khagaul Road","Patna","store_000241","UNMATCHED"
"A Square Electronics- Zakir Nagar South Delhi","Delhi","Delhi",31,"Rakesh Electronics (Kanti Nagar)","Delhi","store_002198","UNMATCHED"
"Reliance Digital Najafgargh","Delhi","Delhi",31,"RANA DIGITAL","Howrah","store_001088","UNMATCHED"
"Hitachi Home - Pandit Marketing","Ahmedabad","Gujarat",31,"MAHAJAN MARKETING","Jammu","store_001921","UNMATCHED"
"Bharath Electronics & Appliances - Salem","Coimbatore","Tamil Nadu",31,"BHARAT ELECTRONICS","Delhi","store_000864","UNMATCHED"
"Reliance Digital - Coimbatore","Coimbatore","Tamil Nadu",31,"RANA DIGITAL","Howrah","store_001088","UNMATCHED"
"Reliance Digital - Khadakpada","Mumbai","Maharashtra",31,"RANA DIGITAL","Howrah","store_001088","UNMATCHED"
"Reliance Digital - Bangalore","Bangalore","Karnataka",31,"RANA DIGITAL","Howrah","store_001088","UNMATCHED"
"Reliance Digital - Panjagutta","Hyderabad","Telangana",31,"RANA DIGITAL","Howrah","store_001088","UNMATCHED"
"Reliance Digital - Vijayawada","Vijayawada","Andhra Pradesh",31,"RANA DIGITAL","Howrah","store_001088","UNMATCHED"
"Reliance Digital - Hyderabad","Hyderabad","Telangana",31,"RANA DIGITAL","Howrah","store_001088","UNMATCHED"
"Electronica.","Ranchi","Jharkhand",31,"R.D.ELECTRONICS","Greater Noida","store_000060","UNMATCHED"
"Kannankandy Sales Corporation","Calicut","Kerala",31,"Kataria Sales Corp Godrej","Delhi","store_001170","UNMATCHED"
"G D Refrigeration And Electrical Works","Indore","Madhya Pradesh",31,"Ambey Electronic and Electrical PBO Godrej","Gautam Buddha Nagar","store_001116","UNMATCHED"
"Shree Vindheswari Sales","Bhubaneswar","Odisha",31,"SUPER SALES","Delhi","store_000871","UNMATCHED"
"Spark  Digi  World","Jodhpur","Rajasthan",31,"ELECTRONICS WORLD","Udaipur","store_002181","UNMATCHED"
"Vs - Up(Greater Noida) Br","Noida","Uttar Pradesh",30,"VS-Pune(Nagar Road) Br","Pune","store_000088","UNMATCHED"
"Mirza Communications","Moradabad","Uttar Pradesh",30,"M/S E COMMUNICATION","Kanpur","store_001973","UNMATCHED"
"Croma -Porvorim-Bardez- A172","North Goa","Goa",30,"Croma-Porvorim-Bardez","North Goa","store_000464","UNMATCHED"
"Kalra Enterpries","Amritsar","Punjab",30,"KIRAN ENTERPRISES","Kanpur","store_001971","UNMATCHED"
"Gb Sales Co","Jhajjar","Haryana",30,"V R SALES","Kanpur","store_001995","UNMATCHED"
"V.K. Kapoor Trading Co","Amritsar","Punjab",30,"MAHESH TRADING","Karnal","store_000837","UNMATCHED"
"Shree Durlava","Bhubaneswar","Odisha",30,"ASP - Shree Krupa","Mumbai","store_001598","UNMATCHED"
"G N Aircondition Engg","Sirmaur","Himachal Pradesh",30,"S S AIRCONDITIONING","Ludhiana","store_002095","UNMATCHED"
"Hotspot- Gaffar Market","Delhi","Delhi",30,"Croma-Bhopal-New Market","Bhopal","store_000369","UNMATCHED"
"Hotspot- Vikas Marg","Delhi","Delhi",30,"VS-Delhi(Vikas Marg) Br","Delhi","store_000098","UNMATCHED"
"Hotspot- Durgapuri","Delhi","Delhi",30,"RYS Ent Durgapuri Godrej","Delhi","store_001138","UNMATCHED"
"Hotspot- Delhi-New Connaught Place-Ii","Delhi","Delhi",30,"Croma-Mohali-TDI Connaught Plaza","Chandigarh","store_000250","UNMATCHED"
"Hotspot- Haryana - Sonipat","Sonipat","Haryana",30,"HARYANA REDIOS","Ludhiana","store_002079","UNMATCHED"
"Hotspot- Rajasthan - Raja Park","Jaipur","Rajasthan",30,"Croma-Jaipur-Raja Park","Jaipur","store_000403","UNMATCHED"
"Hotspot- Rajasthan - Ajmer Vaishali Nagar","Ajmer","Rajasthan",30,"Croma-Jaipur-Vaishali Nagar","Jaipur","store_000391","UNMATCHED"
"Reliance Digital- Rrl Cdit Bose Road -T2QN","Tenali","Andhra Pradesh",30,"Croma-Kolkata-Sarat Bose Road","Kolkata","store_000296","UNMATCHED"
"Value Plus -Agra (Cross Road Mall)","Agra","Uttar Pradesh",30,"Croma-Ahmedabad-Shyamal Cross Road","Ahmedabad","store_000306","UNMATCHED"
"Value Plus -M/S Shri C L Enterprises (Taramandal)","Gorakhapur","Uttar Pradesh",30,"ASP - MS ICON ENTERPRISES","Pune","store_001408","UNMATCHED"
"Value Plus -M/S Shubham Enterprises (Indira Nagar)","Ghaziabad","Uttar Pradesh",30,"ASP - MS Arth Enterprises","Delhi","store_001339","UNMATCHED"
"Value Plus -M/S Divyansh Enterprises (Maholi Sitapur)","Ghaziabad","Uttar Pradesh",30,"ASP - MS Arth Enterprises","Delhi","store_001339","UNMATCHED"
"Reliance Digital - Madhyamgram","Kolkata","West Bengal",30,"RANA DIGITAL","Howrah","store_001088","UNMATCHED"
"Reliance Digital - Chandannagar","Kolkata","West Bengal",30,"RANA DIGITAL","Howrah","store_001088","UNMATCHED"
"Reliance Digital- Vibhutikhand","Lucknow","Uttar Pradesh",30,"RANA DIGITAL","Howrah","store_001088","UNMATCHED"
"Reliance Digital- Avani Mall","Kolkata","West Bengal",30,"Croma-Howrah-Avani Mall","Kolkata","store_000244","UNMATCHED"
"N K P Electronics-Cantt Lko","Lucknow","Uttar Pradesh",30,"M K ELECTRONICS","Ranchi","store_002165","UNMATCHED"
"Modern Sales 70-Mohali","Chandigarh","Chandigarh",30,"SUPER SALES","Delhi","store_000871","UNMATCHED"
"Rg'S Airconditioner","Surat","Gujarat",30,"S S AIRCONDITIONING","Ludhiana","store_002095","UNMATCHED"
"Hitachi Home","Chennai","Tamil Nadu",30,"HOME LINE","Patna","store_002120","UNMATCHED"
"Star Win Enterprise - Katargam","Surat","Gujarat",30,"Ark Enterprise","Patna","store_000956","UNMATCHED"
"Reliance Digital- Toran Garden","Indore","Madhya Pradesh",30,"Balaji Digital World Godrej","Delhi","store_001109","UNMATCHED"
"Shri Meenakshi Fan House","Coimbatore","Tamil Nadu",30,"SHRI ADINATH FURNITURE","Udaipur","store_002183","UNMATCHED"
"Reliance Digital - Db Mall","Indore","Madhya Pradesh",30,"RANA DIGITAL","Howrah","store_001088","UNMATCHED"
"M/S New Bhatia Disc Centere","Ranchi","Jharkhand",30,"BHATIA DISH STORE","Ranchi","store_002150","UNMATCHED"
"Supra Power Systems","Bhubaneswar","Odisha",30,"AHVR POWER","Kanpur","store_001950","UNMATCHED"
"Mann Trades","Ludhiana","Punjab",30,"MAHI TRADERS","Jammu","store_001922","UNMATCHED"
"Sangam App. And Electricals (P) Ltd","Lucknow","Uttar Pradesh",30,"OM ELECTRONICS AND ELECTRICALS","Delhi","store_000865","UNMATCHED"
"Goyal Television (Value Plus)","Bulandshahr","Uttar Pradesh",30,"GOYAL ELECTRONICS","Delhi","store_000916","UNMATCHED"
"M/S Sonu Mobile Point","Noida","Uttar Pradesh",30,"COOL POINT","Kolkata","store_002001","UNMATCHED"
"Golden Refrigeration-Chadni Chowk","Kolkata","West Bengal",30,"Croma-Delhi-Ramphal Chowk","Delhi","store_000398","UNMATCHED"
"Raipur Electonics","Kolkata","West Bengal",30,"MAYUR ELECTRONICS","Delhi","store_000928","UNMATCHED"
"K.G.N. Electronic Marketing (Dharavi)","Mumbai","Maharashtra",30,"KANJANI MARKETING","Kanpur","store_001969","UNMATCHED"
"Swastik Mobile (Badlapur-E)","Mumbai","Maharashtra",30,"Mix Mobile Godrej","Delhi","store_001133","UNMATCHED"
"Sant Cooling & Home World","Gurgaon","Haryana",30,"ASP - COOLING POWER","Kolkata","store_001370","UNMATCHED"
"Shri Balaji Services Solution","Delhi","Delhi",30,"ELECTRONICS SOLUTION","Jammu","store_001917","UNMATCHED"
"Kore @ Gurugram - Sec 86 | Hr","Gurgaon","Haryana",30,"Croma-Gurugram-Sector 86","Gurugram","store_000410","UNMATCHED"
"Best Choice","Rohtak","Haryana",29,"SUPER BEST & COMPUTER","Patna","store_002145","UNMATCHED"
"Hotspot- Bihar-Madhubani Bazar","Purnea","Bihar",29,"Croma-Narmadapuram-Kothi Bazar","Narmadapuram","store_000367","UNMATCHED"
"Hotspot- Delhi - Nehru Place","Delhi","Delhi",29,"Croma-Delhi-Connaught Place","Delhi","store_000386","UNMATCHED"
"Hotspot- Delhi- New Ashok Vihar","Delhi","Delhi",29,"VS-Delhi(Paschim Vihar)","Delhi","store_000125","UNMATCHED"
"Hotspot- Gurugram-Galleria Market","Gurgaon","Haryana",29,"Croma-Bhopal-New Market","Bhopal","store_000369","UNMATCHED"
"Hotspot- Haryana - Julana","Julana","Haryana",29,"HARYANA REDIOS","Ludhiana","store_002079","UNMATCHED"
"Hotspot- Haryana - Ambala","Ambala","Haryana",29,"HARYANA REDIOS","Ludhiana","store_002079","UNMATCHED"
"Hotspot- Howrah","Kolkata","West Bengal",29,"THE SPICE HOTSPOT","Patna","store_000959","UNMATCHED"
"Hotspot- Kolkata- Elliot Road","Kolkata","West Bengal",29,"Croma-Kolkata-NSC Bose Road","Kolkata","store_000293","UNMATCHED"
"Reliance Digital- Rrl Cdit Civil Hospital Road -TSD3","Tezpur","Assam",29,"Croma-Ulhasnagar-Central Hospital Road","Thane","store_000704","UNMATCHED"
"Reliance Digital- Ambedkar Road -TVM1","Ghaziabad","Uttar Pradesh",29,"Croma-Neemuch-Ambedkar Road","Neemuch","store_000371","UNMATCHED"
"Hotspot - Moujpur","Delhi","Delhi",29,"THE SPICE HOTSPOT","Patna","store_000959","UNMATCHED"
"Value Plus -Lko (Gomti Nagar)","Lucknow","Uttar Pradesh",29,"Croma-Dewas-Gomti Nagar","Dewas","store_000354","UNMATCHED"
"Value Plus -Brl (Civil Lines)","Arga","Uttar Pradesh",29,"Croma-Delhi-Civil Lines","Delhi","store_000389","UNMATCHED"
"Value Plus -Ddn (Ballupur Road)","Dehradun","Uttarakhand",29,"Croma-Valsad-Dharampur Road","Valsad","store_000688","UNMATCHED"
"Value Plus -Knp (Swaroop Nagar)","Kanpur","Uttar Pradesh",29,"VS-Delhi(Roop Nagar)","Delhi","store_000180","UNMATCHED"
"Value Plus -Knp (Vinoba Nagar)","Kanpur","Uttar Pradesh",29,"Croma-Lucknow-Indra Nagar","Lucknow","store_000288","UNMATCHED"
"Value Plus -M/S Metro Furnitures And Electronics (Hardoi)","Ghaziabad","Uttar Pradesh",29,"OM ELECTRONICS AND ELECTRICALS","Delhi","store_000865","UNMATCHED"
"Value Plus -M/S Mayur T.V. Centre (Baraut)","Ghaziabad","Uttar Pradesh",29,"PUNJAB T.V CENTRE","Ludhiana","store_002091","UNMATCHED"
"James & Co","Coimbatore","Tamil Nadu",29,"ADI AKSHOY & CO","Patna","store_002106","UNMATCHED"
"Swaraj Electricals-Navyug Market","Ghaziabad","Uttar Pradesh",29,"Croma-Bhopal-New Market","Bhopal","store_000369","UNMATCHED"
"Reliance Digital -Vishnu Enclave","Kolkata","West Bengal",29,"VS-Delhi(Mahavir Enclave)","Delhi","store_000121","UNMATCHED"
"Hitachi Gallery - Service Point","Ludhiana","Punjab",29,"RAHUL BATTERY SERVICE","Lucknow","store_002051","UNMATCHED"
"Dinesh Jain & Sons-Vikas Nagar","Lucknow","Uttar Pradesh",29,"VS-DELHI(KRISHNA NAGAR)","Delhi","store_000108","UNMATCHED"
"Cell Point (India) Limited","Visakhapatnam","Andhra Pradesh",29,"ASP - M S E BUG INDIA PRIVATE LIMITED","Lucknow","store_001374","UNMATCHED"
"Bansal Float Glass Company","Jaipur","Rajasthan",29,"REKO ELECTRONICS COMPANY","Kolkata","store_002020","UNMATCHED"
"Chellamani & Co","Chennai","Tamil Nadu",29,"GOYAL WATCH CO","Ludhiana","store_002076","UNMATCHED"
"Agra (Sanjay Place Agra)","Agra","Uttar Pradesh",29,"Sanjay Electronics","Delhi","store_000947","UNMATCHED"
"Air Conditioner Point-Ambedkar Ro","Ghaziabad","Uttar Pradesh",29,"AJAI REFRIGRATION & AIR CONDITIONER WORKS","Kanpur","store_001951","UNMATCHED"
"Shiv Electric Experience Centre","Noida","Uttar Pradesh",29,"ELECTRIC POINT","Ghaziabad","store_000058","UNMATCHED"
"Universal Sales- Rajarhat","Kolkata","West Bengal",29,"VS-VIJAY SALES (RDC)","Ghaziabad","store_000003","UNMATCHED"
"Arihant Mobile Nx (Sakinaka)","Mumbai","Maharashtra",29,"PRIYANKA MOBILE & ELECTRONICS","Patna","store_002133","UNMATCHED"
"Ramdev Mobiles (Charni Road)","Mumbai","Maharashtra",29,"Croma-Damoh-Sagar Road","Damoh","store_000362","UNMATCHED"
"The Mobile Town (Bhiwandi)","Mumbai","Maharashtra",29,"MOBILE INDIA","Ranchi","store_002167","UNMATCHED"
"Mi Marathi Mobile Store","Mumbai","Maharashtra",29,"Mix Mobile Godrej","Delhi","store_001133","UNMATCHED"
"Swastik Communication Centre (Sakinaka)","Mumbai","Maharashtra",29,"BASANT COMMUNICATION","Delhi","store_001776","UNMATCHED"
"Kore @ Science City Road | Gj","Ahmedabad","Gujarat",29,"Croma-Ahmedabad -Science City","Ahmedabad","store_000313","UNMATCHED"
"Auto Stores","Bardhman","West Bengal",28,"PITTIE AUTO CENTRE","Jodhpur","store_001940","UNMATCHED"
"Roop Watch And Mobiles","Jaipur","Rajasthan",28,"JAGANNATH AND SONS","Kanpur","store_001966","UNMATCHED"
"Hotspot- Delhi-Bhajanpura 2","Delhi","Delhi",28,"Croma-Hyderabad-Airport 2","Hyderabad","store_000617","UNMATCHED"
"Hotspot- Rajasthan - Jaipur Malviya Nagar","Jaipur","Rajasthan",28,"Croma-Delhi-Malviya Nagar","Delhi","store_000396","UNMATCHED"
"Reliance Digital -Rrl Cdit- Vip Road -TSF1","Surat","Gujarat",28,"Croma-Vadodara-New VIP Road","Vadodara","store_000660","UNMATCHED"
"Reliance Digital -Rrl Cdit  Shi Kant Verma Marg -TSE8","Bilaspur","Chhattisgarh",28,"Croma -Bilaspur-Srikant Verma Marg","Bilaspur","store_001024","UNMATCHED"
"Reliance Digital- Rrl Cdit Hospet College Road -TG68","Hospet","Karnataka",28,"Croma-Gorakhpur-Medical College Road","Gorakhpur","store_000344","UNMATCHED"
"Reliance Digital- Rrl Cdit M G Road Vijaywada -8839","Vijayawada","Andhra Pradesh",28,"Croma-Mumbai-Borivali East M G Road","Mumbai","store_000671","UNMATCHED"
"Reliance Digital- Rrl Cdit Salem Main Road Nama -TY08","Namakkal","Tamil Nadu",28,"Croma-Dharmapuri-Salem Main Road","Dharmapuri","store_000542","UNMATCHED"
"Reliance Digital- Main Road Nuzvid -T8RN","Eluru","Andhra Pradesh",28,"Croma-Dharmapuri-Salem Main Road","Dharmapuri","store_000542","UNMATCHED"
"Value Plus -M/S Electro World And Furniture (Barhalganj)","Ghaziabad","Uttar Pradesh",28,"PUNJAB TELECOM AND FURNITURE HOUSE","Ludhiana","store_002092","UNMATCHED"
"Value Plus -M/S Jay Engineering And Electronics (Moradabad)","Ghaziabad","Uttar Pradesh",28,"MAMATA ELECTRICAL AND ELECTRONICS","Bhubaneswar","store_001666","UNMATCHED"
"Value Plus -M/S Anand Shri Enterprises (Bhawani Mandi)","Ghaziabad","Uttar Pradesh",28,"ASP - MS Arth Enterprises","Delhi","store_001339","UNMATCHED"
"Value Plus -M/S Dharmratn Electronics And Mobile (Kekri)","Ghaziabad","Uttar Pradesh",28,"BANSAL ELECTRONICS AND GENRAL STORE","Sonipat","store_000809","UNMATCHED"
"Reliance Digital - Kharvela Nagar","Bhubaneswar","Odisha",28,"Croma-Delhi-Malviya Nagar","Delhi","store_000396","UNMATCHED"
"Reliance Digital - Samrala Chowk","Ludhiana","Punjab",28,"Croma-Delhi-Ramphal Chowk","Delhi","store_000398","UNMATCHED"
"Reliance Digital- Yamuna Nagar","Gurgaon","Haryana",28,"Croma-Ahmedabad-Mani Nagar","Ahmedabad","store_000305","UNMATCHED"
"Satisfaction Electronics Pvt Ltd_Lansdowne","Kolkata","West Bengal",28,"JAISWAL ELECTRONICS","Lucknow","store_002044","UNMATCHED"
"World Of Electronics-Ferozepur Road","Ludhiana","Punjab",28,"Croma-Patna-Frazer Road","Patna","store_000233","UNMATCHED"
"National Maintainance -Sitapur Road","Lucknow","Uttar Pradesh",28,"Croma-Indore-Annapurna Road","Indore","store_000349","UNMATCHED"
"Mk Electronic & Refrigeration Moti Bagh","Delhi","Delhi",28,"ROHIT REFRIGERATION","Kolkata","store_002021","UNMATCHED"
"Reliance Digital- Ideal Plaza","Kolkata","West Bengal",28,"RANA DIGITAL","Howrah","store_001088","UNMATCHED"
"Bharat Tv Service Centre-Sohna","Gurgaon","Haryana",28,"BHARAT ELECTRONICS","Delhi","store_000864","UNMATCHED"
"Madaan Electronics-Ambala","Gurgaon","Haryana",28,"MADAN ELECTRONICS","Sonipat","store_000833","UNMATCHED"
"Reliance Digital -Noida Sec-18","Ghaziabad","Uttar Pradesh",28,"RANA DIGITAL","Howrah","store_001088","UNMATCHED"
"Hitachi Home - Vishal","Surat","Gujarat",28,"THE HOME MAKERS","Bhubaneswar","store_001710","UNMATCHED"
"Hitachi Home-Kapil Enterprises-Raja Park","Jaipur","Rajasthan",28,"Croma-Jaipur-Raja Park","Jaipur","store_000403","UNMATCHED"
"Sanket India - Anand","Surat","Gujarat",28,"MOBILE INDIA","Ranchi","store_002167","UNMATCHED"
"Amit Distributor – Sadashiv Peth","Pune","Maharashtra",28,"ARCHIE DISTRIBUTOR","Bhubaneswar","store_000917","UNMATCHED"
"Pittappillil Agencies - Edapply","Ernakulam","Kerala",28,"SHARMA AGENCIES","Lucknow","store_000719","UNMATCHED"
"Reliance Air Condition-Vellore","Chennai","Tamil Nadu",28,"AJAI REFRIGRATION & AIR CONDITIONER WORKS","Kanpur","store_001951","UNMATCHED"
"M/S Jaga Video Cd","Bhubaneswar","Odisha",28,"R K VIDEO","Jammu","store_001927","UNMATCHED"
"M/S Navelty Almirah And Tv Fridge Store","Lucknow","Uttar Pradesh",28,"BANSAL ELECTRONICS AND GENRAL STORE","Sonipat","store_000809","UNMATCHED"
"Sales Emporium","Kolkata","West Bengal",28,"VS-VIJAY SALES (INDRAPURAM)","Ghaziabad","store_000005","UNMATCHED"
"Rajesh Mobiles (Ambernath-W)","Mumbai","Maharashtra",28,"PRINCE MOBILES & ELECTRONICS","Kanpur","store_001986","UNMATCHED"
"Vs - Up (Noida Sec.18) Br","Noida","Uttar Pradesh",27,"VS-Pune(Baner) Br","Pune","store_000111","UNMATCHED"
"M S Genius Appliances Repair Llp","Mumbai","Maharashtra",27,"M S DISTRIBUTORS","Ghaziabad","store_000054","UNMATCHED"
"Mukesh Enetrprises","Bhubaneswar","Odisha",27,"AARUSH ENTERPRISES","Delhi","store_000853","UNMATCHED"
"Hotspot- Bhogal","Delhi","Delhi",27,"THE SPICE HOTSPOT","Patna","store_000959","UNMATCHED"
"Hotspot- Delhi - New Rohini Sector - 16","Delhi","Delhi",27,"Croma-Delhi-Dwarka Sector 12","Delhi","store_000388","UNMATCHED"
"Hotspot- Chinsura","Hooghly","West Bengal",27,"THE SPICE HOTSPOT","Patna","store_000959","UNMATCHED"
"Reliance Digital -Rrl Cdit Vajra World Gangtok -TCR7","Gangtok","Sikkim",27,"Balaji Digital World Godrej","Delhi","store_001109","UNMATCHED"
"Reliance Digital- Bb-Noida-Mall Of Ind -TA9U","Noida","Uttar Pradesh",27,"Croma-Noida-Mall of India","Noida","store_000016","UNMATCHED"
"Reliance Digital- Rrl Cdit Market City Mall -8935","Chennai","Tamil Nadu",27,"Croma-Hyderabad-Sarath City Mall","Hyderabad","store_000488","UNMATCHED"
"Reliance Digital- Rrl Cdit D B Gupta Road -TG89","Delhi","Delhi",27,"Croma-Delhi-DB Gupta Road","Delhi","store_000397","UNMATCHED"
"Reliance Digital- Miyapur -TI55","Hyderabad","Telangana",27,"RANA DIGITAL","Howrah","store_001088","UNMATCHED"
"Reliance Digital- Gorakhpur Road -T5SP","Deoria","Uttar Pradesh",27,"Croma-Jabalpur-Gorakhpur Road","Jabalpur","store_000352","UNMATCHED"
"Reliance Digital- Preet Vihar -T2PO","Delhi","Delhi",27,"Croma-Delhi-Preet Vihar","Delhi","store_000425","UNMATCHED"
"Reliance Digital- Navalur -T5BB","Chennai","Tamil Nadu",27,"RANA DIGITAL","Howrah","store_001088","UNMATCHED"
"Reliance Digital- Begusari -T5ZF","Begusarai","Bihar",27,"RANA DIGITAL","Howrah","store_001088","UNMATCHED"
"Haier - Value Plus Retail Pvt Ltd Agra","Agra","Uttar Pradesh",27,"KAMALIA SONS PVT. LTD","Ranchi","store_002160","UNMATCHED"
"Value Plus -Aligarh (Samad Road)","Aligarh","Uttar Pradesh",27,"Croma-Delhi-Wazirabad Road","Delhi","store_000393","UNMATCHED"
"Value Plus -M/S Shree Balaji Inframart (Siddharthnagar)","Ghaziabad","Uttar Pradesh",27,"SHREE BALAJI ENTERPRISES","Kanpur","store_001991","UNMATCHED"
"Value Plus -Lko (Sitapur Road)","Lucknow","Uttar Pradesh",27,"Croma-Muktsar-Kotkapura road","Muktsar","store_000445","UNMATCHED"
"Value Plus -Lko (Vikas Nagar)","Lucknow","Uttar Pradesh",27,"VS-DELHI(KRISHNA NAGAR)","Delhi","store_000108","UNMATCHED"
"Value Plus -M/S Goyal Electronics(Kishangarh)","Ghaziabad","Uttar Pradesh",27,"GOYAL ELECTRONICS","Delhi","store_000916","UNMATCHED"
"Value Plus -M/S Electro World(Azamgarh)","Ghaziabad","Uttar Pradesh",27,"GANPATI ELECTRO WORLD","Amritsar","store_000749","UNMATCHED"
"Reliance Digital - Chinar Park","Kolkata","West Bengal",27,"Croma-Ahmedabad-Ranna Park","Ahmedabad","store_000333","UNMATCHED"
"Reliance Digital V3S Laxmi Nagar","Delhi","Delhi",27,"Croma-Delhi-Malviya Nagar","Delhi","store_000396","UNMATCHED"
"Singhal Air Conditioning-Ashok Nagar","Lucknow","Uttar Pradesh",27,"Croma-Lucknow-Indra Nagar","Lucknow","store_000288","UNMATCHED"
"Reliance Digital- Logix Mall Noida","Ghaziabad","Uttar Pradesh",27,"Croma-Noida-Logix Mall","Noida","store_000017","UNMATCHED"
"Hitachi Home - Ashoka Trading & Co.","Gurgaon","Haryana",27,"MAHESH TRADING","Karnal","store_000837","UNMATCHED"
"Rama Electronics-Kanpur","Lucknow","Uttar Pradesh",27,"RAM ELECTRONICS","Meerut","store_000062","UNMATCHED"
"Sangam Vardhman Electronics-Near Mangla Chowk","Delhi","Delhi",27,"VARDHMAN ELECTRONIC","Delhi","store_001805","UNMATCHED"
"Vip Marketing Enterprises-Bareilly","Ghaziabad","Uttar Pradesh",27,"A.G MARKETING","Kanpur","store_001948","UNMATCHED"
"Vp Enterprises-Agra","Ghaziabad","Uttar Pradesh",27,"SS ENTERPRISES","Noida","store_000030","UNMATCHED"
"Treenetra Cool Point-Visakapatnam","Vijayawada","Andhra Pradesh",27,"COOL POINT","Kolkata","store_002001","UNMATCHED"
"Tv Palace","Surat","Gujarat",27,"CHOPRA TV CARE","Ludhiana","store_002070","UNMATCHED"
"Kore @ Jail Road | Dl","Delhi","Delhi",27,"Croma-Gaya-Jail Road","Gaya","store_000239","UNMATCHED"
"Deepak Cool Home -Aligarh","Aligarh","Uttar Pradesh",27,"DEEPAK ELECTRONICS","Delhi","store_000901","UNMATCHED"
"Bindra Radio And Elec Corp","Noida","Uttar Pradesh",27,"BINDRA  RADIOS","Noida","store_002101","UNMATCHED"
"Sri Balajee Retail","Siliguri","West Bengal",27,"SRI SHYAM ELECTRONICS","Lucknow","store_002061","UNMATCHED"
"Apna Mobile Centre (Kurla)","Mumbai","Maharashtra",27,"Mix Mobile Godrej","Delhi","store_001133","UNMATCHED"
"Kore @ Surendra Nagar | Gj","Surendranagar","Gujarat",27,"VS-DELHI(KRISHNA NAGAR)","Delhi","store_000108","UNMATCHED"
"Kore @ Ring Road - Raipur | Cg","Raipur","Chhattisgarh",27,"Croma-Lucknow-Aliganj Ring Road","Lucknow","store_000291","UNMATCHED"
"Veetraag Trading Co (Value Plus)","Muzaffarnagar","Uttar Pradesh",26,"RK TRADING COMPANY","Kanpur","store_001990","UNMATCHED"
"S.P.Sales","Bhubaneswar","Odisha",26,"SUPER SALES","Delhi","store_000871","UNMATCHED"
"Bhardwaj Refrigaration","Jaipur","Rajasthan",26,"ROHIT REFRIGERATION","Kolkata","store_002021","UNMATCHED"
"Croma-Chennai-Kolathur- A665","Chennai","Tamil Nadu",26,"Croma-Chennai-Ambattur","Chennai","store_000474","UNMATCHED"
"Hotspot- Bihar - West Boring Road","Patna","Bihar",26,"Croma-Bharuch-Tavra Road","Bharuch","store_000701","UNMATCHED"
"Hotspot- Delhi-Nehru Place 3","Delhi","Delhi",26,"Croma-Delhi-Connaught Place","Delhi","store_000386","UNMATCHED"
"Hotspot- Delhi_Janakpuri_1","Delhi","Delhi",26,"Croma-Delhi-Janakpuri","Delhi","store_000385","UNMATCHED"
"Hotspot- Punjab - Ludhiana Gobind Nagar","Ludhiana","Punjab",26,"Croma -Nashik-Govind Nagar","Nashik","store_001054","UNMATCHED"
"Hotspot- Rajasthan - Jaipur Khatipura","Jaipur","Rajasthan",26,"NEW RAJASTHAN FURNITURE HOUSE","Jodhpur","store_001939","UNMATCHED"
"Hotspot- Haryana-Sonipat","Sonipat","Haryana",26,"THE SPICE HOTSPOT","Patna","store_000959","UNMATCHED"
"Reliance Digital -Rrl Cdit Gaur City Mall -TP32","Greater Noida","Uttar Pradesh",26,"Croma-Hyderabad-Sarath City Mall","Hyderabad","store_000488","UNMATCHED"
"Reliance Digital- S P Verma Road -TO57","Patna","Bihar",26,"S S DIGITAL ZONE","Kolkata","store_002023","UNMATCHED"
"Reliance Digital- Rrl Cdit Z Square Mall Kanpur -8947","Kanpur","Uttar Pradesh",26,"Croma-Vadodara-Centre Square Mall","Vadodara","store_000667","UNMATCHED"
"Reliance Digital- Madhurwada -TTZ6","Visakhapatnam","Andhra Pradesh",26,"RANA DIGITAL","Howrah","store_001088","UNMATCHED"
"Reliance Digital- Gangapur Road -TVK5","Nashik","Maharashtra",26,"Croma -Nashik-Gangapur Road","Nashik","store_001043","UNMATCHED"
"Reliance Digital- Rrl Cdit Station Road Rajahmun -8962","Rajahmundry","Andhra Pradesh",26,"Croma-Ara-Katira Station Road","Ara","store_000236","UNMATCHED"
"Reliance Digital- Allahabad Road -TVL6","Allahabad","Uttar Pradesh",26,"Croma-Agra-Fatehabad Road","Agra","store_000008","UNMATCHED"
"Reliance Digital- Ring Road Rajkot Gj -8764","Rajkot","Gujarat",26,"Croma-Lucknow-Aliganj Ring Road","Lucknow","store_000291","UNMATCHED"
"Reliance Digital- Badambadi -T4QG","Cuttack","Odisha",26,"RANA DIGITAL","Howrah","store_001088","UNMATCHED"
"Reliance Digital- Hayatnagar -T0XY","Hyderabad","Telangana",26,"RANA DIGITAL","Howrah","store_001088","UNMATCHED"
"Reliance Digital- Rrl Cdit- Gt Road Gu -TZ8C","Kanpur","Uttar Pradesh",26,"Croma-Aurangabad-Old GT Road","Aurangabad","store_000240","UNMATCHED"
"Reliance Digital- Rrl Cdit Main Road R -TD3T","Ramgarh","Jharkhand",26,"Croma-Surat-Varachha Main Road","Surat","store_000311","UNMATCHED"
"Cpr Di`Stributor Pvt. Ltd(Lotus)","Bhopal","Madhya Pradesh",26,"ARCHIE DISTRIBUTOR","Bhubaneswar","store_000917","UNMATCHED"
"Vivek Limited","Chennai","Tamil Nadu",26,"EPLAZA WHEELS PRIVATE LIMITED","Patna","store_002115","UNMATCHED"
"Haier - Value Plus Retail Pvt Ltd Bareilly","Bareilly","Uttar Pradesh",26,"KAMALIA SONS PVT. LTD","Ranchi","store_002160","UNMATCHED"
"Value Plus -M/S Swadeshi Electronics(Etawah)","Etawah","Uttar Pradesh",26,"M/S MANAS ELECTRONICS","Lucknow","store_000718","UNMATCHED"
"Value Plus -Brl (Dd Puram)","Lucknow","Uttar Pradesh",26,"VS-Ts(R C Puram)","Hyderabad","store_000206","UNMATCHED"
"Value Plus -M/S Alankar Electronics(Sultanpur)","Ghaziabad","Uttar Pradesh",26,"M/S MANAS ELECTRONICS","Lucknow","store_000718","UNMATCHED"
"Value Plus -M/S Jain Electronics(Hardoi)","Ghaziabad","Uttar Pradesh",26,"M/S MANAS ELECTRONICS","Lucknow","store_000718","UNMATCHED"
"Value Plus -M/S Jay Engineering And Electronics (Moradabad,Rampur )","Ghaziabad","Uttar Pradesh",26,"MAMATA ELECTRICAL AND ELECTRONICS","Bhubaneswar","store_001666","UNMATCHED"
"Value Plus -M/S Punjab Electronics(Hindaun)","Ghaziabad","Uttar Pradesh",26,"M/S MANAS ELECTRONICS","Lucknow","store_000718","UNMATCHED"
"Value Plus -M/S Shilu Electronics(Behror)","Ghaziabad","Uttar Pradesh",26,"M/S STAR ELECTRONICS","Ranchi","store_002166","UNMATCHED"
"International Mobile Plaza-Pathankot","Ludhiana","Punjab",26,"PRIYANKA MOBILE & ELECTRONICS","Patna","store_002133","UNMATCHED"
"Ankur Electronics-Noida","Ghaziabad","Uttar Pradesh",26,"ANAND ELECTRONICS","Delhi","store_000895","UNMATCHED"
"Neelkhant Electronics-Varanasi","Lucknow","Uttar Pradesh",26,"NEELKANTH ELECTRONICS","Delhi","store_000939","UNMATCHED"
"Kabir Electronics-Scf-95","Chandigarh","Chandigarh",26,"KUMAR ELECTRONICS","Delhi","store_000852","UNMATCHED"
"Hitachi Home - Nice Engineers-Nityanand Nagar","Jaipur","Rajasthan",26,"Croma-Chennai-Anna Nagar","Chennai","store_000477","UNMATCHED"
"Reliance Digital - Center Square","Surat","Gujarat",26,"Croma-Indore-Vijay Nagar Square","Indore","store_000336","UNMATCHED"
"Vijay Tv And Video Home","Vijayawada","Andhra Pradesh",26,"VIJAY CASSETTE","Kanpur","store_001997","UNMATCHED"
"Elite Complex","Raipur","Chhattisgarh",26,"Croma-Rajahmundry-RTC Complex Road","Rajahmundry","store_000506","UNMATCHED"
"Cell O City (Kurla-E)","Mumbai","Maharashtra",26,"NEW CITY AGENCY","Ranchi","store_002168","UNMATCHED"
"Sound Of Music (Ulhasnagar)","Mumbai","Maharashtra",26,"RAJENDRA MUSIC CENTER","Kanpur","store_001989","UNMATCHED"
"Supriya Mobile (Matunga) (Nothing)","Mumbai","Maharashtra",26,"PRIYANKA MOBILE & ELECTRONICS","Patna","store_002133","UNMATCHED"
"Kore @ College Road - Nadiad | Gj","Nadiad","Gujarat",26,"Croma-Gorakhpur-Medical College Road","Gorakhpur","store_000344","UNMATCHED"
"Kore @ Palam Colony | Dl","Delhi","Delhi",26,"Croma-Bhopal-Arera Colony","Bhopal","store_000360","UNMATCHED"
"Sri Venkateshwara Sercies","Hyderabad","Telangana",25,"SRI NATH JI ELECTRONICS","Lucknow","store_002060","UNMATCHED"
"Chaman Steel Industries","Chandigarh","Chandigarh",25,"KALIMATA STEEL FURNITURE & ELECTRONIC","Kolkata","store_002009","UNMATCHED"
"Jvhan Home Solutions Llp","Jaipur","Rajasthan",25,"CHAWLA REFRIGERATION LLP","Delhi","store_000861","UNMATCHED"
"Vs - Ts(Kukatpally)","Hyderabad","Telangana",25,"VS-Ts(Kompally)","Hyderabad","store_000143","UNMATCHED"
"Hotspot- Chandigarh-Sector-17C","Chandigarh","Chandigarh",25,"Croma-Chandigarh-Sector 07","Chandigarh","store_000256","UNMATCHED"
"Hotspot- Munrika","Delhi","Delhi",25,"THE SPICE HOTSPOT","Patna","store_000959","UNMATCHED"
"Hotspot- Delhi-Vm-Experience Zone","Delhi","Delhi",25,"SS DIGITAL ZONE","Hooghly","store_001072","UNMATCHED"
"Hotspot- Delhi-Maujpur","Delhi","Delhi",25,"THE SPICE HOTSPOT","Patna","store_000959","UNMATCHED"
"Hotspot- Delhi-Madipur","Delhi","Delhi",25,"THE SPICE HOTSPOT","Patna","store_000959","UNMATCHED"
"Hotspot- Gurgaon - New Sahara Mall","Gurgaon","Haryana",25,"Croma-Surat-Deepkamal Mall","Surat","store_000307","UNMATCHED"
"Hotspot- Mohali-Sec 60 Sas Nagar","Mohali","Punjab",25,"VS-Ts(Vivekananda Nagar)","Hyderabad","store_000122","UNMATCHED"
"Hotspot- Mohali-Sec 55 Sas Nagar","Mohali","Punjab",25,"VS-Ts(Vivekananda Nagar)","Hyderabad","store_000122","UNMATCHED"
"Hotspot- Rajasthan- Purana Bazar","Hanumangarh","Rajasthan",25,"Croma-Narmadapuram-Kothi Bazar","Narmadapuram","store_000367","UNMATCHED"
"Hotspot- Rajasthan - Udaipur","Udaipur","Tripura",25,"NEW RAJASTHAN FURNITURE HOUSE","Jodhpur","store_001939","UNMATCHED"
"Hotspot- Noida-Mallofindia","Noida","Uttar Pradesh",25,"Croma-Noida-Mall of India","Noida","store_000016","UNMATCHED"
"Hotspot- Khardah","Kolkata","West Bengal",25,"THE SPICE HOTSPOT","Patna","store_000959","UNMATCHED"
"Hotspot- Behala","Kolkata","West Bengal",25,"THE SPICE HOTSPOT","Patna","store_000959","UNMATCHED"
"Hotspot- Kolkata-Esplanade-2","Kolkata","West Bengal",25,"THE SPICE HOTSPOT","Patna","store_000959","UNMATCHED"
"Hotspot- Haryana-Rohtak","Rohtak","Haryana",25,"THE SPICE HOTSPOT","Patna","store_000959","UNMATCHED"
"Reliance Digital- Deep Cinema -TFF2","Kanpur","Uttar Pradesh",25,"Digital Planet","Ranchi","store_002153","UNMATCHED"
"Reliance Digital- Rrl Cdit Sodepur -9146","Kolkata","West Bengal",25,"Balaji Digital World Godrej","Delhi","store_001109","UNMATCHED"
"Reliance Digital- Rrl Cdit Vinpalace Ring Road -TLL1","Lucknow","Uttar Pradesh",25,"Croma-Lucknow-Aliganj Ring Road","Lucknow","store_000291","UNMATCHED"
"Reliance Digital- Rrl Cdit Vip Road Puri -9561","Puri","Odisha",25,"Croma-Vadodara-New VIP Road","Vadodara","store_000660","UNMATCHED"
"Reliance Digital- Dhimarapur Road -T4QN","Raigarh","Chhattisgarh",25,"Croma-Valsad-Dharampur Road","Valsad","store_000688","UNMATCHED"
"Reliance Digital- Rrl Cdit Kolar -T6EW","Kolar","Karnataka",25,"Balaji Digital World Godrej","Delhi","store_001109","UNMATCHED"
"Reliance Digital- Rrl Cdit-Rudrampeta -T16J","Anantapur","Andhra Pradesh",25,"Balaji Digital World Godrej","Delhi","store_001109","UNMATCHED"
"Reliance Digital- Rrl Cdit Moga -T6EV","Moga","Punjab",25,"Balaji Digital World Godrej","Delhi","store_001109","UNMATCHED"
"Reliance Digital- Compact Store -T7CA","Jhajjar","Haryana",25,"Balaji Digital World Godrej","Delhi","store_001109","UNMATCHED"
"Value Plus -Haldwani (Kaladhungi Road)","Haldwani","Uttarakhand",25,"Croma-Delhi-Wazirabad Road","Delhi","store_000393","UNMATCHED"
"Value Plus -Gkp (Reti Road)","Gorakhpur","Uttar Pradesh",25,"Croma-Sodepur-BT Road","Sodepur","store_000460","UNMATCHED"
"Value Plus -M/S Furniture Point(Shahjahanpur)","Ghaziabad","Uttar Pradesh",25,"FURNITURE POINT","Kolkata","store_002004","UNMATCHED"
"Value Plus -M/S V.L.Enterprises(Lakhimpur)","Ghaziabad","Uttar Pradesh",25,"ASP - MS Arth Enterprises","Delhi","store_001339","UNMATCHED"
"Value Plus -M/S Maxx Enterprise (Namchi)","Ghaziabad","Uttar Pradesh",25,"ASP - MS Arth Enterprises","Delhi","store_001339","UNMATCHED"
"Value Plus -City Electronic ( Thakurganj )","Ghaziabad","Uttar Pradesh",25,"NEELU ELECTRONIC","Kanpur","store_001979","UNMATCHED"
"Value Plus -Vns (Shivpur)","Varanasi","Uttar Pradesh",25,"Croma-Varanasi-Airport Road Shivpur","Varanasi","store_000359","UNMATCHED"
"Value Plus -M/S Durga Electricals (Shakti Nagar )","Ghaziabad","Uttar Pradesh",25,"Rakesh Electronics (Kanti Nagar)","Delhi","store_002198","UNMATCHED"
"Value Plus -M/S M R Electricals (Belthara Road)","Ghaziabad","Uttar Pradesh",25,"R K ELECTRICALS","Kanpur","store_001987","UNMATCHED"
"Doomra Electronics-Malout","Chandigarh","Chandigarh",25,"ARORA ELECTRONICS","Amritsar","store_000066","UNMATCHED"
"Pahuja Aircon Pvt Ltd-Bhawan Road","Gurgaon","Haryana",25,"Croma-Agra-Fatehabad Road","Agra","store_000008","UNMATCHED"
"Kohli Brothers-Karol Bagh","Delhi","Delhi",25,"VS-Delhi(Karol Bagh) Br","Delhi","store_000112","UNMATCHED"
"Saraf Cooling Company Pvt Ltd-Kanpur","Kanpur","Uttar Pradesh",25,"KAMALIA SONS PVT. LTD","Ranchi","store_002160","UNMATCHED"
"Bundale Khand Enterprises-Ganj","Lucknow","Uttar Pradesh",25,"Croma-Lucknow-Vibhuti Khand","Lucknow","store_000280","UNMATCHED"
"Sahu Electronics-North Delhi","Delhi","Delhi",25,"Sahu Agency Godrej","Delhi","store_001221","UNMATCHED"
"Sachdeva Electronic Center-(Csd Canteen Dealer)-Se","Chandigarh","Chandigarh",25,"ELECTRONIC CENTER","Kolkata","store_002003","UNMATCHED"
"Salkar Electronics-Mapusa","Mumbai","Maharashtra",25,"WALIA ELECTRONICS","Amritsar","store_000872","UNMATCHED"
"Reliance Digital-Cmr Mall, Maddilapalem","Vijayawada","Andhra Pradesh",25,"Croma-Mangalore-MAK Mall","Mangalore","store_000551","UNMATCHED"
"Reliance Digital - H R D R Layout","Bangalore","Karnataka",25,"Croma-Bangalore-HSR Layout","Bengaluru","store_000532","UNMATCHED"
"Thiya Distribution And Logistic Pri","Thane","Maharashtra",25,"MONDAL DISTRIBUTION","Kolkata","store_002015","UNMATCHED"
"Ethiraj Hotel Mart","Chennai","Tamil Nadu",25,"ALL MEGA MART","Kanpur","store_001953","UNMATCHED"
"Kore @ City Mall - Amreli | Gj","Amreli","Gujarat",25,"Croma-Hyderabad-Sarath City Mall","Hyderabad","store_000488","UNMATCHED"
"Kore @ Canal Road - Raipur | Cg","Raipur","Chhattisgarh",25,"Croma-Valsad-Dharampur Road","Valsad","store_000688","UNMATCHED"
"Kore @ Santoshi Nagar - Raipur | Cg","Raipur","Chhattisgarh",25,"RYS Kanti Nagar Godrej","Delhi","store_001123","UNMATCHED"
"Croma-Hyderabad Suchitra- A474","Hyderabad","Telangana",24,"Croma-Hyderabad-AS RaoNagar","Hyderabad","store_000466","UNMATCHED"
"Croma-Surat-Bardoli- A324","Surat","Gujarat",24,"Croma-Surat-Adajan","Surat","store_000300","UNMATCHED"
"Hotspot- Bihar-Saran","Saran","Bihar",24,"THE SPICE HOTSPOT","Patna","store_000959","UNMATCHED"
"Hotspot- Delhi-Saket 2","Delhi","Delhi",24,"Croma-Hyderabad-Airport 2","Hyderabad","store_000617","UNMATCHED"
"Hotspot- Bhajanpura","Delhi","Delhi",24,"THE SPICE HOTSPOT","Patna","store_000959","UNMATCHED"
"Hotspot- Punjab - Muktsar","Mukstar","Punjab",24,"PUNJAB T.V CENTRE","Ludhiana","store_002091","UNMATCHED"
"Hotspot- Punjab - Faridkot","Faridkot","Punjab",24,"PUNJAB T.V CENTRE","Ludhiana","store_002091","UNMATCHED"
"Hotspot- Noida-Sector18-Ii","Noida","Uttar Pradesh",24,"THE SPICE HOTSPOT","Patna","store_000959","UNMATCHED"
"Hotspot- Kolkata-Barrackpore","Kolkata","West Bengal",24,"THE SPICE HOTSPOT","Patna","store_000959","UNMATCHED"
"Hotspot- Punjab - Barnala","Barnala","Punjab",24,"PUNJAB T.V CENTRE","Ludhiana","store_002091","UNMATCHED"
"Hotspot- Up-Hasanpur","Amroha","Uttar Pradesh",24,"THE SPICE HOTSPOT","Patna","store_000959","UNMATCHED"
"Reliance Digital -Rrl Cdit Diamond City Mall Ko -8957","Kolkata","West Bengal",24,"Croma-Hyderabad-Sarath City Mall","Hyderabad","store_000488","UNMATCHED"
"Reliance Digital -Rrl Cdit Apr City Central Mall -6368","Gaya","Bihar",24,"Croma-Hyderabad-Sarath City Mall","Hyderabad","store_000488","UNMATCHED"
"Reliance Digital- Sector 22 -TB2B","Chandigarh","Chandigarh",24,"RANA DIGITAL","Howrah","store_001088","UNMATCHED"
"Reliance Digital -Rrl Cdit Prozone Mall -TR68","Aurangabad","Bihar",24,"Croma-Coimbatore-Prozone Mall","Coimbatore","store_000591","UNMATCHED"
"Reliance Digital -Rrl Cdit-Hennur Road -TXSN","Bangalore","Karnataka",24,"Croma-Bangalore-Hennur Road","Bengaluru","store_000473","UNMATCHED"
"Reliance Digital- Elite Complex -TXUD","Raipur","Chhattisgarh",24,"Balaji Digital World Godrej","Delhi","store_001109","UNMATCHED"
"Reliance Digital -Rrl Cdit J P Nagar Store -8883","Bangalore","Karnataka",24,"Croma-Bangalore-J P Nagar","Bengaluru","store_000483","UNMATCHED"
"Reliance Digital -Rrl Cdit Bidar -9186","Bidar","Karnataka",24,"Balaji Digital World Godrej","Delhi","store_001109","UNMATCHED"
"Reliance Digital- Rrl Cdit Porur -TW47","Chennai","Tamil Nadu",24,"Balaji Digital World Godrej","Delhi","store_001109","UNMATCHED"
"Reliance Digital- Rrl Cdit Velachery -9192","Chennai","Tamil Nadu",24,"Vasanth & Co VELACHERY - (1114)","Chennai","store_001634","UNMATCHED"
"Reliance Digital- Rrl Cdit Ge Road -TH0M","Raipur","Chhattisgarh",24,"Balaji Digital World Godrej","Delhi","store_001109","UNMATCHED"
"Reliance Digital- Rrl Cdit-Hsr Layout -T9OE","Bangalore","Karnataka",24,"Croma-Bangalore-HSR Layout","Bengaluru","store_000532","UNMATCHED"
"Reliance Digital- Reliance Digital Aims Mall -8751","Vadodara","Gujarat",24,"Croma-Bangalore-Bannerghatta Mall","Bengaluru","store_000495","UNMATCHED"
"Reliance Digital- Rrl Cdit Gt Road Asansol -TPO8","Asansol","West Bengal",24,"Croma-Aurangabad-Old GT Road","Aurangabad","store_000240","UNMATCHED"
"Reliance Digital- Rrl Cdit-Durg-Indira -TZZT","Durg","Chhattisgarh",24,"Balaji Digital World Godrej","Delhi","store_001109","UNMATCHED"
"Reliance Digital- Rajkumar Road -T8AN","Mysore","Karnataka",24,"Croma-Darbhanga-Rajkumarganj Road","Darbhanga","store_000237","UNMATCHED"
"Reliance Digital- Rrl Cdit Vellore Main Road Ka -TEH4","Vellore","Tamil Nadu",24,"Croma-Dharmapuri-Salem Main Road","Dharmapuri","store_000542","UNMATCHED"
"Reliance Digital- Cdit-Bhuteshwar -TVL7","Mathura","Uttar Pradesh",24,"RANA DIGITAL","Howrah","store_001088","UNMATCHED"
"Reliance Digital- Rrl Cdit R City Mall Ghatkopa -TQB3","Mumbai","Maharashtra",24,"Croma-Hyderabad-Sarath City Mall","Hyderabad","store_000488","UNMATCHED"
"Reliance Digital- Kranti Hotel -TCB3","Samastipur","Bihar",24,"Digital Planet","Ranchi","store_002153","UNMATCHED"
"Reliance Digital- Rrl Cdit-Salem Main -TW2E","Dharmapuri","Tamil Nadu",24,"Croma-Dharmapuri-Salem Main Road","Dharmapuri","store_000542","UNMATCHED"
"Reliance Digital- Govindapuri Road Yam -T0UT","Yamunanagar","Haryana",24,"Croma-Yamunanagar-Gobindpuri Road","Yamunanagar","store_000434","UNMATCHED"
"Reliance Digital- Tiruvannamalai Road -T8XR","Viluppuram","Tamil Nadu",24,"Croma-Nadiad-Uttarsanda Road","Nadiad","store_000682","UNMATCHED"
"Reliance Digital- Rrl Cdit Kadri -T5WP","Kadiri","Andhra Pradesh",24,"Balaji Digital World Godrej","Delhi","store_001109","UNMATCHED"
"Reliance Digital- Railway Road Koduru -T9ZI","Koduru","Andhra Pradesh",24,"Balaji Digital World Godrej","Delhi","store_001109","UNMATCHED"
"Reliance Digital- Rampurhat, Wb -T8EP","Rampurhat","West Bengal",24,"Balaji Digital World Godrej","Delhi","store_001109","UNMATCHED"
"Reliance Digital- Saiworld Legend Shahad -T0WI","Mumbai","Maharashtra",24,"Balaji Digital World Godrej","Delhi","store_001109","UNMATCHED"
"Value Plus -Roorkee (Malviya Chowk)","Roorkee","Uttarakhand",24,"VS-Pune(Dange Chowk)","Pune","store_001641","UNMATCHED"
"Value Plus -M/S Titu Enterprises Kbl Plaza (Vikas Nagar Ddn)","Dehradun","Uttarakhand",24,"ASP - MS Arth Enterprises","Delhi","store_001339","UNMATCHED"
"Value Plus -M/S Preet Electricals (Khatima)","Khatima","Uttar Pradesh",24,"AMIT ELECTRICALS","Jodhpur","store_001933","UNMATCHED"
"Value Plus -M/S Madhur Sales (Gulaothi)","Ghaziabad","Uttar Pradesh",24,"ASP - MS ATHARVA SALES AND SERVICES","Pune","store_001341","UNMATCHED"
"Value Plus -M/S Maxx Enterprise (Jorethang)","Ghaziabad","Uttar Pradesh",24,"ASP - MS Arth Enterprises","Delhi","store_001339","UNMATCHED"
"Reliance Digital - Galaxy Mall(Asansol)","Kolkata","West Bengal",24,"RANA DIGITAL","Howrah","store_001088","UNMATCHED"
"Total Gadget World-North Delhi","Delhi","Delhi",24,"SM GADGET DEALS","Delhi","store_000941","UNMATCHED"
"Hitachi Home - R K Vision Lodhi Road","Delhi","Delhi",24,"R K VIDEO","Jammu","store_001927","UNMATCHED"
"Om Sai Traders South Sant Nagar","Delhi","Delhi",24,"Croma-Delhi-Uttam Nagar","Delhi","store_000380","UNMATCHED"
"Amit Enterprises-Sarojini Nagar Market","Delhi","Delhi",24,"VS-DELHI(KRISHNA NAGAR)","Delhi","store_000108","UNMATCHED"
"Happy Refrigeration-Dwarka","Delhi","Delhi",24,"CHAWLA REFRIGERATION LLP","Delhi","store_000861","UNMATCHED"
"Smile Stores- Bivhan Road Kanpur","Lucknow","Uttar Pradesh",24,"SMILE STORE","Kanpur","store_001994","UNMATCHED"
"Hitachi Home - U.A.Associate-Muzaffarpur","Patna","Bihar",24,"THE HOME MAKERS","Bhubaneswar","store_001710","UNMATCHED"
"Arceeika Electronic-Panvel","Mumbai","Maharashtra",24,"AMBIKA ELECTRONICS","Delhi","store_000906","UNMATCHED"
"Vs - Jaynagar","Bangalore","Karnataka",24,"VS-Ts(Hayathnagar)","Hyderabad","store_000216","UNMATCHED"
"Potdar Tractors","Jabalpur","Madhya Pradesh",24,"POOJA TRADERS","Kanpur","store_001983","UNMATCHED"
"Acumen (J) Marketing Pvt Lmt-Kolkat","Kolkata","West Bengal",24,"MAHAJAN MARKETING","Jammu","store_001921","UNMATCHED"
"Aashapura The Mobile Shoppee (Mira Road)","Mumbai","Maharashtra",24,"Croma-Patiala-Bhupendra Road","Patiala","store_000435","UNMATCHED"
"Bhanushali Mobile Point (Ghatkopar)","Mumbai","Maharashtra",24,"Croma-Shillong-IGP Point","Shillong","store_000462","UNMATCHED"
"Cell World Nx (Govandi)","Mumbai","Maharashtra",24,"ELECTRONICS WORLD","Udaipur","store_002181","UNMATCHED"
"B N X  Smart Phone","Mumbai","Maharashtra",24,"ASP - smart service","Lucknow","store_001348","UNMATCHED"
"Kore @ G T Road - Aligarh | Up","Aligarh","Uttar Pradesh",24,"VS-Haryana(M G Road) Br","Gurugram","store_000200","UNMATCHED"
"Kore @ Rupam Chowk | Gj","Bhavnagar","Gujarat",24,"Croma-Delhi-Ramphal Chowk","Delhi","store_000398","UNMATCHED"
"Kore @ Gautam Buddha Nagar | Up","Noida","Uttar Pradesh",24,"VS-Delhi(Uttam Nagar) Br","Delhi","store_000167","UNMATCHED"
"Hotspot- Delhi-Kalkaji-Iii","Delhi","Delhi",23,"VS-Delhi(Kalkaji) Br","Delhi","store_000190","UNMATCHED"
"Hotspot- Vikas Marg-V","Delhi","Delhi",23,"Croma-Kanpur-Awas Vikas","Kanpur","store_000289","UNMATCHED"
"Hotspot- Haryana - Panchkula Ii","Panchkula","Haryana",23,"HARYANA REDIOS","Ludhiana","store_002079","UNMATCHED"
"Hotspot- Punjab-Patiala","Patiala","Punjab",23,"THE SPICE HOTSPOT","Patna","store_000959","UNMATCHED"
"Hotspot- Punjab - Chandni Chowk Patiala","Patiala","Punjab",23,"VS-Pune(Dange Chowk)","Pune","store_001641","UNMATCHED"
"Hotspot- Rajasthan - Bikaner Lunkaransar","Bikaner","Rajasthan",23,"NEW RAJASTHAN FURNITURE HOUSE","Jodhpur","store_001939","UNMATCHED"
"Hotspot- Rajasthan -Jodhpur","Jodhpur","Rajasthan",23,"NEW RAJASTHAN FURNITURE HOUSE","Jodhpur","store_001939","UNMATCHED"
"Hotspot- Haryana-Kurukshetra","Kurukshetra","Haryana",23,"THE SPICE HOTSPOT","Patna","store_000959","UNMATCHED"
"Reliance Digital -Rrl Cdit Ss High Poi -T7BJ","Gurgaon","Haryana",23,"SS DIGITAL ZONE","Hooghly","store_001072","UNMATCHED"
"Reliance Digital -Rrl Cdit City Mall Bhopal Sto -8902","Bhopal","Madhya Pradesh",23,"Croma-Hyderabad-Sarath City Mall","Hyderabad","store_000488","UNMATCHED"
"Reliance Digital -Rrl Cdit-Itangar -T1CA","Itanagar","Arunachal Pradesh",23,"Balaji Digital World Godrej","Delhi","store_001109","UNMATCHED"
"Reliance Digital -Rrl Cdit Dwarka -9595","Delhi","Delhi",23,"Balaji Digital World Godrej","Delhi","store_001109","UNMATCHED"
"Reliance Digital- Cdit- Dunlop -TSF5","Kolkata","West Bengal",23,"RANA DIGITAL","Howrah","store_001088","UNMATCHED"
"Reliance Digital -Rrl Cdit Lulu Mall B -TB1G","Bangalore","Karnataka",23,"LULU DIGITAL","North And Middle Andaman","store_001068","UNMATCHED"
"Reliance Digital- Rrl Cdit-Kengeri -TSF3","Bangalore","Karnataka",23,"Balaji Digital World Godrej","Delhi","store_001109","UNMATCHED"
"Reliance Digital- Narapally Hyderabad -TR67","Hyderabad","Telangana",23,"Balaji Digital World Godrej","Delhi","store_001109","UNMATCHED"
"Reliance Digital- Rrl Cdit Mudichur -T765","Chennai","Tamil Nadu",23,"Balaji Digital World Godrej","Delhi","store_001109","UNMATCHED"
"Reliance Digital- Rrl Cdit Jorhat -3845","Jorhat","Assam",23,"Balaji Digital World Godrej","Delhi","store_001109","UNMATCHED"
"Reliance Digital- Mohinpura Siddipet -9183","Siddipet","Telangana",23,"Balaji Digital World Godrej","Delhi","store_001109","UNMATCHED"
"Reliance Digital- Balanagar Hyderabad -T750","Hyderabad","Telangana",23,"Digital Planet","Ranchi","store_002153","UNMATCHED"
"Reliance Digital- Rrl Cdit-Doddaballap -TZZS","Doddaballapura","Karnataka",23,"Balaji Digital World Godrej","Delhi","store_001109","UNMATCHED"
"Reliance Digital- Rrl Cdit- Bypass Roa -TVL0","Madurai","Tamil Nadu",23,"Croma-Nellore-Mini Bypass Road","Nellore","store_000502","UNMATCHED"
"Reliance Digital- Rrl Cdit-Nirmal -T43O","Nirmal","Telangana",23,"RANA DIGITAL","Howrah","store_001088","UNMATCHED"
"Reliance Digital- Phoenix Mall, Indore -8944","Indore","Madhya Pradesh",23,"Balaji Digital World Godrej","Delhi","store_001109","UNMATCHED"
"Reliance Digital- Rrl Cdit Bm Road -TVK9","Kushalnagar","Karnataka",23,"Balaji Digital World Godrej","Delhi","store_001109","UNMATCHED"
"Reliance Digital- Rrlcdit- Mii Square -TVK3","Raipur","Chhattisgarh",23,"Balaji Digital World Godrej","Delhi","store_001109","UNMATCHED"
"Reliance Digital- Rrl Cdit-Dimpaur -TZZO","Dimapur","Nagaland",23,"Balaji Digital World Godrej","Delhi","store_001109","UNMATCHED"
"Reliance Digital- Rrl Cdit Balasore -9611","Balasore","Odisha",23,"Balaji Digital World Godrej","Delhi","store_001109","UNMATCHED"
"Reliance Digital- Rrl Cdit- Indrapuri -TVL1","Bhopal","Madhya Pradesh",23,"Balaji Digital World Godrej","Delhi","store_001109","UNMATCHED"
"Reliance Digital- Rrl Cdit- Sanagaredd -T9RJ","Sangareddy","Telangana",23,"Balaji Digital World Godrej","Delhi","store_001109","UNMATCHED"
"Reliance Digital- Rrl Cdit Sundergarh -TSE6","Sundergarh","Odisha",23,"Balaji Digital World Godrej","Delhi","store_001109","UNMATCHED"
"Reliance Digital- Rrl Cdit Shivdhari -T3BB","Ambikapur","Chhattisgarh",23,"Balaji Digital World Godrej","Delhi","store_001109","UNMATCHED"
"Reliance Digital- Nagarbhavi Bangalore -3852","Bangalore","Karnataka",23,"Balaji Digital World Godrej","Delhi","store_001109","UNMATCHED"
"Reliance Digital- Rrl Cdit City Mall Kota Store -8932","Kota","Rajasthan",23,"Croma-Hyderabad-Sarath City Mall","Hyderabad","store_000488","UNMATCHED"
"Reliance Digital- Bb-Pune-Amanora Park -T75V","Pune","Maharashtra",23,"Croma-Ahmedabad-Ranna Park","Ahmedabad","store_000333","UNMATCHED"
"Reliance Digital- Bellary Karnataka -TQ28","Bellary","Karnataka",23,"Digital Planet","Ranchi","store_002153","UNMATCHED"
"Reliance Digital- Orion Avenue Mall -T0UR","Bangalore","Karnataka",23,"Croma-Chandigarh-Elante Mall","Chandigarh","store_000254","UNMATCHED"
"Reliance Digital- Rrl Cdit Hassan -TJ5N","Hassan","Karnataka",23,"Balaji Digital World Godrej","Delhi","store_001109","UNMATCHED"
"Reliance Digital- Suryapet Telangana -TC79","Suryapet","Telangana",23,"Digital Planet","Ranchi","store_002153","UNMATCHED"
"Reliance Digital- Rrl Cdit Mandya -T8DD","Mandya","Karnataka",23,"Balaji Digital World Godrej","Delhi","store_001109","UNMATCHED"
"Reliance Digital- Rrl Cdit- Makroniya -T83J","Sagar","Karnataka",23,"Balaji Digital World Godrej","Delhi","store_001109","UNMATCHED"
"Reliance Digital- Rrl Cdit-Naihati -TXFX","Kolkata","West Bengal",23,"DIGITAL DUNIYA","Patna","store_002114","UNMATCHED"
"Reliance Digital- Rrl Cdit Kadapa -6918","Cuddapah","Andhra Pradesh",23,"Balaji Digital World Godrej","Delhi","store_001109","UNMATCHED"
"Reliance Digital- Ambedkar Chauraha -TC0J","Orai","Uttar Pradesh",23,"Balaji Digital World Godrej","Delhi","store_001109","UNMATCHED"
"Reliance Digital- Rrlcdit Vidyaranyap -T2VH","Bangalore","Karnataka",23,"Balaji Digital World Godrej","Delhi","store_001109","UNMATCHED"
"Reliance Digital- Rrl Cdit-Singanallur -T9MM","Coimbatore","Tamil Nadu",23,"Balaji Digital World Godrej","Delhi","store_001109","UNMATCHED"
"Reliance Digital- Rrl Cdit Badlapur -TN71","Mumbai","Maharashtra",23,"Balaji Digital World Godrej","Delhi","store_001109","UNMATCHED"
"Reliance Digital- Rrl Cdit-Tonk Road -TVL2","Jaipur","Rajasthan",23,"Balaji Digital World Godrej","Delhi","store_001109","UNMATCHED"
"Reliance Digital- Rrl Cdit Budge Budge -TM84","Kolkata","West Bengal",23,"Balaji Digital World Godrej","Delhi","store_001109","UNMATCHED"
"Reliance Digital- Nagaram Hyerabad -TR12","Hyderabad","Telangana",23,"Balaji Digital World Godrej","Delhi","store_001109","UNMATCHED"
"Reliance Digital- Rrl Cdit Tumkur -T2RY","Tumkur","Karnataka",23,"Balaji Digital World Godrej","Delhi","store_001109","UNMATCHED"
"Reliance Digital- Rrl Cdit-Trivandrum -TARE","Tirunelveli","Tamil Nadu",23,"Balaji Digital World Godrej","Delhi","store_001109","UNMATCHED"
"Reliance Digital- Rrl Cdit-Patel Nagar -TVM0","Delhi","Delhi",23,"VS-Delhi(Patel Nagar) Br","Delhi","store_000151","UNMATCHED"
"Reliance Digital- Rrl Cdit Bulundshahr -T6EU","Bulandsahar","Uttar Pradesh",23,"Balaji Digital World Godrej","Delhi","store_001109","UNMATCHED"
"Reliance Digital- Rrl Cdit-Lathi Road -T43N","Amreli","Gujarat",23,"Balaji Digital World Godrej","Delhi","store_001109","UNMATCHED"
"Reliance Digital- Rrl Cdit Giridih -T2LK","Giridih","Jharkhand",23,"Balaji Digital World Godrej","Delhi","store_001109","UNMATCHED"
"Reliance Digital- Rrl Cdit Harur -TC2W","Dharmapuri","Tamil Nadu",23,"Balaji Digital World Godrej","Delhi","store_001109","UNMATCHED"
"Reliance Digital- Rrl Cdit-Gondal Road -TZZZ","Rajkot","Gujarat",23,"Balaji Digital World Godrej","Delhi","store_001109","UNMATCHED"
"Reliance Digital- Rrl Cdit-Tnhb Road -TVL3","Thiruvallur","Tamil Nadu",23,"Balaji Digital World Godrej","Delhi","store_001109","UNMATCHED"
"Reliance Digital- Rrl Cdit Kumbakonam -T2LB","Kumbakonam","Tamil Nadu",23,"Vasanth & Co KUMBAKONAM - (1404)","Chennai","store_001614","UNMATCHED"
"Reliance Digital- Madari Malancha -TC3Z","Kolkata","West Bengal",23,"Digital Planet","Ranchi","store_002153","UNMATCHED"
"Reliance Digital- Rrl Cdit Gip Noida -8951","Noida","Uttar Pradesh",23,"Balaji Digital World Godrej","Delhi","store_001109","UNMATCHED"
"Reliance Digital- Rrl Faridabad Sector 82","Faridabad","Haryana",23,"Croma-Delhi-Dwarka Sector 12","Delhi","store_000388","UNMATCHED"
"Value Plus -Rudrapur(Udham Singh Nagar)","Udham Singh Nagar","Uttar Pradesh",23,"VS-DELHI(KRISHNA NAGAR)","Delhi","store_000108","UNMATCHED"
"Value Plus -M/S Amar Agencies (Nanpara)","Ghaziabad","Uttar Pradesh",23,"BANKE BIHARI AGENCIES","Kanpur","store_001955","UNMATCHED"
"Value Plus -M/S Roop Watch And Mobiles (Ajmer)","Ghaziabad","Uttar Pradesh",23,"ASP - MS ATHARVA SALES AND SERVICES","Pune","store_001341","UNMATCHED"
"Value Plus -M/S N. K. Plaza(Dholpur)","Ghaziabad","Uttar Pradesh",23,"K N MARKETING","Lucknow","store_002045","UNMATCHED"
"Value Plus -Slg (Burdwan Road)","Ghaziabad","Uttar Pradesh",23,"VS-Surat(Ved Road)","Surat","store_000156","UNMATCHED"
"Vs - Bopal","Ahmedabad","Gujarat",23,"VS-Ts(Boduppal)","Hyderabad","store_000094","UNMATCHED"
"Hitachi Studio-Koolex Air Conditioners-Dlf Phase 4","Gurgaon","Haryana",23,"AJAI REFRIGRATION & AIR CONDITIONER WORKS","Kanpur","store_001951","UNMATCHED"
"Hitachi Studio - Daksh Air Con","Delhi","Delhi",23,"ASP - SAI AIR COOL","Delhi","store_001371","UNMATCHED"
"Deep Paras Electrovision-Sectro -10, Faridabad","Gurgaon","Haryana",23,"VS-Haryana(New Faridabad)","Faridabad","store_000105","UNMATCHED"
"New Light Store-Danapur Cantt","Patna","Bihar",23,"NEW CHITRA MALAKAR","Kolkata","store_002016","UNMATCHED"
"Sachdeva Electronics-Bistupur","Patna","Bihar",23,"ANIL ELECTRONICS BABARPUR","Delhi","store_000924","UNMATCHED"
"Air Tech Climate Solution-Thamarassery","Ernakulam","Kerala",23,"CLIMATE WORLD","Lucknow","store_002040","UNMATCHED"
"Hitachi Studio Arctic Appliances Gandhingar","Ahmedabad","Gujarat",23,"MALANCHA APPLIANCES","North 24 Parganas","store_000756","UNMATCHED"
"Reliance Digital- Rrl Cdit-Tb Junction -TATS","Thiruvalla","Kerala",23,"Croma-Kalyan-Metro Junction Mall","Thane","store_000651","UNMATCHED"
"Reliance Digital- Rrl Cdit Stadium Bye Pass Road -TW82","Palakkad","Kerala",23,"Croma-Palakkad-Stadium Bypass Road","Palakkad","store_000570","UNMATCHED"
"Kore @ Gondal Road - Rajkot | Gj","Ahmedabad","Gujarat",23,"Croma-Guna-AB Road","Guna","store_000363","UNMATCHED"
"Kore @ Naroda | Gj","Ahmedabad","Gujarat",23,"Croma-Ahmedabad-Nava Naroda","Ahmedabad","store_000328","UNMATCHED"
"Vs - Delhi(Bhajanpura)","Delhi","Delhi",23,"VS-Delhi(Durgapuri)","Delhi","store_000131","UNMATCHED"
"Hello Thanekars Mobiles And Accessories","Mumbai","Maharashtra",23,"PRINCE MOBILES & ELECTRONICS","Kanpur","store_001986","UNMATCHED"
"Kore @ Dilshad Garden | Dl","Delhi","Delhi",23,"VS-Delhi(Rajouri Garden) Br","Delhi","store_000090","UNMATCHED"
"Kore @ Kothariya Road - Rajkot | Gj","Rajkot","Gujarat",23,"Croma-Kottayam-MC Road","Kottayam","store_000580","UNMATCHED"
"Kore @ Mahuva - 2 | Gj","Bhavnagar","Gujarat",23,"Vasanth & Co MADURAI -2 - (1303)","Madurai","store_001624","UNMATCHED"
"Kore @ Shankar Nagar - Raipur | Cg","Raipur","Chhattisgarh",23,"RYS Kanti Nagar Godrej","Delhi","store_001123","UNMATCHED"
"Kore @ Adarsh Nagar - Sonipat | Hr","Sonipat","Haryana",23,"Croma-Mahbubnagar-Rajendra Nagar","Mahbubnagar","store_000563","UNMATCHED"
"Hotspot- Bihar-Parsha-Bazar","Saran","Bihar",22,"THE SPICE HOTSPOT","Patna","store_000959","UNMATCHED"
"Hotspot- Bihar-Lakhisarai","Laksisarai","Bihar",22,"THE SPICE HOTSPOT","Patna","store_000959","UNMATCHED"
"Hotspot- Delhi - Pehladpur","Delhi","Delhi",22,"THE SPICE HOTSPOT","Patna","store_000959","UNMATCHED"
"Hotspot- Delhi - Jankpuri Ii","Delhi","Delhi",22,"VS-Delhi(Janakpuri) Br","Delhi","store_000104","UNMATCHED"
"Hotspot- Mp-Lashkar-Gwalior","Gwalior","Madhya Pradesh",22,"THE SPICE HOTSPOT","Patna","store_000959","UNMATCHED"
"Hotspot- Punjab-Ferozepur","Ferozepur","Punjab",22,"THE SPICE HOTSPOT","Patna","store_000959","UNMATCHED"
"Hotspot- Punjab-Moga","Moga","Punjab",22,"THE SPICE HOTSPOT","Patna","store_000959","UNMATCHED"
"Hotspot- Punjab - Patiala","Patiala","Punjab",22,"PUNJAB T.V CENTRE","Ludhiana","store_002091","UNMATCHED"
"Hotspot- Rajasthan - Kotputli","Jaipur","Rajasthan",22,"THE SPICE HOTSPOT","Patna","store_000959","UNMATCHED"
"Hotspot- Rajasthan - Paota","Jaipur","Rajasthan",22,"THE SPICE HOTSPOT","Patna","store_000959","UNMATCHED"
"Hotspot- Kolkata Srirampur","Hooghly","West Bengal",22,"THE SPICE HOTSPOT","Patna","store_000959","UNMATCHED"
"Reliance Digital -Rrl Cdit Central Mall Guwahati -8963","Guwahati","Assam",22,"Croma-Ghazibad- Gaur Central RDC Mall","Ghaziabad","store_000010","UNMATCHED"
"Reliance Digital -Rrl Cdit East Coast Road Thiru -8977","Chennai","Tamil Nadu",22,"Croma-Mumbai-Borivali East M G Road","Mumbai","store_000671","UNMATCHED"
"Reliance Digital -Rrl Cdit- Kanke Road -TY7C","Ranchi","Jharkhand",22,"Croma -Ranchi-Kanke Road","Ranchi","store_001060","UNMATCHED"
"Reliance Digital -Rrl Cdit Vizag Store -8841","Visakhapatnam","Andhra Pradesh",22,"Balaji Digital World Godrej","Delhi","store_001109","UNMATCHED"
"Reliance Digital- Panjagutta Hyderabad -TB83","Hyderabad","Telangana",22,"Digital Planet","Ranchi","store_002153","UNMATCHED"
"Reliance Digital -Rrl Cdit Davanagere -T665","Davangere","Karnataka",22,"Balaji Digital World Godrej","Delhi","store_001109","UNMATCHED"
"Reliance Digital- New Delhi South Exte -TJW9","Delhi","Delhi",22,"Balaji Digital World Godrej","Delhi","store_001109","UNMATCHED"
"Reliance Digital- Sarathy Ngr Vellore -6150","Vellore","Tamil Nadu",22,"Balaji Digital World Godrej","Delhi","store_001109","UNMATCHED"
"Reliance Digital -Rrl Cdit Saraidhela -TI0Z","Dhanbad","Jharkhand",22,"Balaji Digital World Godrej","Delhi","store_001109","UNMATCHED"
"Reliance Digital -Rrl Cdit E 144 Main Road Saket -TNE5","Delhi","Delhi",22,"Croma-Surat-Varachha Main Road","Surat","store_000311","UNMATCHED"
"Reliance Digital- Rrl Cdit Navalur -9193","Chennai","Tamil Nadu",22,"Balaji Digital World Godrej","Delhi","store_001109","UNMATCHED"
"Reliance Digital- Nalgonda Telangana -9184","Nalgonda","Telangana",22,"Balaji Digital World Godrej","Delhi","store_001109","UNMATCHED"
"Reliance Digital- Shilpukri Guwahati -9632","Guwahati","Assam",22,"Balaji Digital World Godrej","Delhi","store_001109","UNMATCHED"
"Reliance Digital- Ril Mall Nagarcoil -T592","Nagarcoil","Tamil Nadu",22,"Balaji Digital World Godrej","Delhi","store_001109","UNMATCHED"
"Reliance Digital -Rrl D Xpress Star Zone Nashik -8718","Nashik","Maharashtra",22,"SS DIGITAL ZONE","Hooghly","store_001072","UNMATCHED"
"Reliance Digital -Rrl Cdit Chinchwad -T768","Pune","Maharashtra",22,"Balaji Digital World Godrej","Delhi","store_001109","UNMATCHED"
"Reliance Digital- Rrl Cdit Barrackpore -8699","Kolkata","West Bengal",22,"Balaji Digital World Godrej","Delhi","store_001109","UNMATCHED"
"Reliance Digital- Sf Road Siliguri -TU39","Siliguri","West Bengal",22,"Balaji Digital World Godrej","Delhi","store_001109","UNMATCHED"
"Reliance Digital -Rrl Cdit Ardee Mall -TX24","Gurgaon","Haryana",22,"Balaji Digital World Godrej","Delhi","store_001109","UNMATCHED"
"Reliance Digital- Rrl Cdit-Rajendra Na -TFJ5","Indore","Madhya Pradesh",22,"Balaji Digital World Godrej","Delhi","store_001109","UNMATCHED"
"Reliance Digital- Rrl Cdit Poonamallee -9145","Chennai","Tamil Nadu",22,"Balaji Digital World Godrej","Delhi","store_001109","UNMATCHED"
"Reliance Digital- Cdit-Spectrum Metro -TLL4","Noida","Uttar Pradesh",22,"Balaji Digital World Godrej","Delhi","store_001109","UNMATCHED"
"Reliance Digital- Rrl Cdit Kondapur Hyd -TUF5","Hyderabad","Telangana",22,"Balaji Digital World Godrej","Delhi","store_001109","UNMATCHED"
"Reliance Digital- Rrl Cdit Bearys City Center S -TC80","Shimoga","Karnataka",22,"HOME CITY CENTER","Patna","store_002119","UNMATCHED"
"Reliance Digital- Rrl Cdit Nagole Hyd -TUC5","Hyderabad","Telangana",22,"Balaji Digital World Godrej","Delhi","store_001109","UNMATCHED"
"Reliance Digital- Rrl Cdit-Sheth House -TXXH","Mumbai","Maharashtra",22,"Balaji Digital World Godrej","Delhi","store_001109","UNMATCHED"
"Reliance Digital- Rrl Cdit-Banashankar -T32N","Bangalore","Karnataka",22,"Digital Planet","Ranchi","store_002153","UNMATCHED"
"Reliance Digital- Kancharapara Kolkata -TG67","Kolkata","West Bengal",22,"Digital Planet","Ranchi","store_002153","UNMATCHED"
"Reliance Digital- Forum Heights Puttur -9162","Mangalore","Karnataka",22,"Balaji Digital World Godrej","Delhi","store_001109","UNMATCHED"
"Reliance Digital- Rrl Cdit Selaiyur -T767","Chennai","Tamil Nadu",22,"Balaji Digital World Godrej","Delhi","store_001109","UNMATCHED"
"Reliance Digital- Rrl Cdit-Amalapuram -TZRA","Amalapuram","Andhra Pradesh",22,"Balaji Digital World Godrej","Delhi","store_001109","UNMATCHED"
"Reliance Digital- Nizamabad Telangana -T754","Nizamabad","Telangana",22,"Digital Planet","Ranchi","store_002153","UNMATCHED"
"Reliance Digital- Rrl Cdit Girija Towe -TJ4W","Ranchi","Jharkhand",22,"Balaji Digital World Godrej","Delhi","store_001109","UNMATCHED"
"Reliance Digital- Rrl Cdit Brookefield -T4LC","Bangalore","Karnataka",22,"Balaji Digital World Godrej","Delhi","store_001109","UNMATCHED"
"Reliance Digital- Rrl Cdit Gowlidoddy Hyd -TFJ6","Hyderabad","Telangana",22,"Balaji Digital World Godrej","Delhi","store_001109","UNMATCHED"
"Reliance Digital- Rrl Cdit Bijapur -3675","Bijapur","Karnataka",22,"Balaji Digital World Godrej","Delhi","store_001109","UNMATCHED"
"Reliance Digital- Rrl Cdit- Jessore Ro -TVL4","Habra","West Bengal",22,"Balaji Digital World Godrej","Delhi","store_001109","UNMATCHED"
"Reliance Digital- Rrl Cdit-Moshi Pune -T61V","Pune","Maharashtra",22,"Balaji Digital World Godrej","Delhi","store_001109","UNMATCHED"
"Reliance Digital- Rrl Cdit- Madhyamgra -T86Y","Kolkata","West Bengal",22,"Balaji Digital World Godrej","Delhi","store_001109","UNMATCHED"
"Reliance Digital- Civil Lines Bareilly -TW40","Bareily","Uttar Pradesh",22,"Croma-Delhi-Civil Lines","Delhi","store_000389","UNMATCHED"
"Reliance Digital- Theni Tamilnadu -TW39","Theni","Tamil Nadu",22,"RANA DIGITAL","Howrah","store_001088","UNMATCHED"
"Reliance Digital- Rrl Cdit- Ashtapad -T82A","Nashik","Maharashtra",22,"Balaji Digital World Godrej","Delhi","store_001109","UNMATCHED"
"Reliance Digital- Rrl Cdit- Sipri Road -T9RG","Jhansi","Uttar Pradesh",22,"Balaji Digital World Godrej","Delhi","store_001109","UNMATCHED"
"Reliance Digital- Rrl Cdit Wakad Pune -TNP5","Pune","Maharashtra",22,"Balaji Digital World Godrej","Delhi","store_001109","UNMATCHED"
"Reliance Digital- Rrl Cdit Sambalpur -3814","Sambalpur","Odisha",22,"Balaji Digital World Godrej","Delhi","store_001109","UNMATCHED"
"Reliance Digital- Rrl Cdit Baruipur -TB82","Kolkata","West Bengal",22,"Balaji Digital World Godrej","Delhi","store_001109","UNMATCHED"
"Reliance Digital- Rrl Cdit Berhumpur -9114","Berhampur","Odisha",22,"Balaji Digital World Godrej","Delhi","store_001109","UNMATCHED"
"Reliance Digital- Rrlcdit Riddhi Arcad -T6OZ","Mumbai","Maharashtra",22,"Balaji Digital World Godrej","Delhi","store_001109","UNMATCHED"
"Reliance Digital- Rrl Cdit- Toran Gard -T79S","Indore","Madhya Pradesh",22,"Balaji Digital World Godrej","Delhi","store_001109","UNMATCHED"
"Reliance Digital- Rrl Cdit Gami Reaga -T2UZ","Mumbai","Maharashtra",22,"Balaji Digital World Godrej","Delhi","store_001109","UNMATCHED"
"Reliance Digital- Rrl Cdit- Mth Road -TXWA","Chennai","Tamil Nadu",22,"Balaji Digital World Godrej","Delhi","store_001109","UNMATCHED"
"Reliance Digital- Rrl Cditbangalore Ro -T4FB","Bangalore","Karnataka",22,"Balaji Digital World Godrej","Delhi","store_001109","UNMATCHED"
"Reliance Digital- Rrl Cdit Miryalguda -TG9V","Miryalguda","Telangana",22,"Balaji Digital World Godrej","Delhi","store_001109","UNMATCHED"
"Reliance Digital- Rrl Cdit-Bettiah -T13M","Betiah","Bihar",22,"RANA DIGITAL","Howrah","store_001088","UNMATCHED"
"Reliance Digital- Rrl Cdit Vikaspuri -9594","Delhi","Delhi",22,"Balaji Digital World Godrej","Delhi","store_001109","UNMATCHED"
"Reliance Digital- Rrl Cdit Sugam Sudh -T2WX","Kolkata","West Bengal",22,"Balaji Digital World Godrej","Delhi","store_001109","UNMATCHED"
"Reliance Digital- Rrl Cdit Model Town -T0AW","Jalandhar","Punjab",22,"Balaji Digital World Godrej","Delhi","store_001109","UNMATCHED"
"Reliance Digital- Rrl Cdit Thudiyulur -T7PW","Coimbatore","Tamil Nadu",22,"Balaji Digital World Godrej","Delhi","store_001109","UNMATCHED"
"Reliance Digital- Sabde Tower Latur -TR65","Latur","Maharashtra",22,"Balaji Digital World Godrej","Delhi","store_001109","UNMATCHED"
"Reliance Digital- Rrl Cdit Raigunj -TI3G","Raiganj","West Bengal",22,"Balaji Digital World Godrej","Delhi","store_001109","UNMATCHED"
"Reliance Digital- Rrl Cdit India Expo -T2PN","Noida","Uttar Pradesh",22,"Balaji Digital World Godrej","Delhi","store_001109","UNMATCHED"
"Reliance Digital- Rrl Cdit Zirakapur -TR14","Zirakpur","Punjab",22,"Balaji Digital World Godrej","Delhi","store_001109","UNMATCHED"
"Reliance Digital- Gt Road, Dvc More, Bardhaman -TD9P","Bardhaman","West Bengal",22,"Croma-Aurangabad-Old GT Road","Aurangabad","store_000240","UNMATCHED"
"Reliance Digital- Rrl Cdit Nandanvan -T0WH","Nagpur","Maharashtra",22,"Balaji Digital World Godrej","Delhi","store_001109","UNMATCHED"
"Reliance Digital- Rrl Cdit Coochbehar -TC88","Cooch Behar","West Bengal",22,"Balaji Digital World Godrej","Delhi","store_001109","UNMATCHED"
"Reliance Digital- Rrl Cdit Bargarh -T6YX","Bargarh","Odisha",22,"Balaji Digital World Godrej","Delhi","store_001109","UNMATCHED"
"Reliance Digital- Rrl Cdit Salai Road -TW26","Trichy","Tamil Nadu",22,"Balaji Digital World Godrej","Delhi","store_001109","UNMATCHED"
"Reliance Digital- Rrl Cdit Adilabad -TUC4","Adilabad","Telangana",22,"Balaji Digital World Godrej","Delhi","store_001109","UNMATCHED"
"Reliance Digital- Rrl Cdit-4 Road Junc -TSF2","Salem","Tamil Nadu",22,"Balaji Digital World Godrej","Delhi","store_001109","UNMATCHED"
"Reliance Digital- Rrl Cdit- Venus Nehr -T1JW","Ahmedabad","Gujarat",22,"Balaji Digital World Godrej","Delhi","store_001109","UNMATCHED"
"Reliance Digital- Rrl Cdit Darbhanga -TQ27","Darbhanga","Bihar",22,"Balaji Digital World Godrej","Delhi","store_001109","UNMATCHED"
"Reliance Digital- Rrl Cdit Bhilwara -9196","Bhilwara","Rajasthan",22,"Balaji Digital World Godrej","Delhi","store_001109","UNMATCHED"
"Reliance Digital- Rrl Cdit- Sharan Cir -T1JX","Ahmedabad","Gujarat",22,"Balaji Digital World Godrej","Delhi","store_001109","UNMATCHED"
"Reliance Digital- Rrl Cdit- Manipal Ro -T1JM","Udupi","Karnataka",22,"Balaji Digital World Godrej","Delhi","store_001109","UNMATCHED"
"Reliance Digital- Mancherial Telengana -TH21","Mancherial","Telangana",22,"Digital Planet","Ranchi","store_002153","UNMATCHED"
"Reliance Digital- Rrl Cdit Srirampore -TK91","Sreerampore","West Bengal",22,"Balaji Digital World Godrej","Delhi","store_001109","UNMATCHED"
"Reliance Digital- Rrl Cdit-Old Jewargi -TZB5","Gulbarga","Karnataka",22,"Balaji Digital World Godrej","Delhi","store_001109","UNMATCHED"
"Reliance Digital- Rrl Cdit Guntakal -TH22","Anantapur","Andhra Pradesh",22,"Balaji Digital World Godrej","Delhi","store_001109","UNMATCHED"
"Reliance Digital- Tadepalli Vijaywada -TK85","Vijayawada","Andhra Pradesh",22,"DIGITAL DUNIYA","Patna","store_002114","UNMATCHED"
"Reliance Digital- Rrl Cdit-Karimnagar -T52P","Karimnagar","Telangana",22,"Balaji Digital World Godrej","Delhi","store_001109","UNMATCHED"
"Reliance Digital- Rrl Cdit- Gulmohar P -TVM6","Satara","Maharashtra",22,"Balaji Digital World Godrej","Delhi","store_001109","UNMATCHED"
"Reliance Digital- Rrl Cdit Court Road -T6JU","Mangalore","Karnataka",22,"Balaji Digital World Godrej","Delhi","store_001109","UNMATCHED"
"Reliance Digital- Rrl Cdit-Shreeji Bus -T55S","Miraj","Maharashtra",22,"Balaji Digital World Godrej","Delhi","store_001109","UNMATCHED"
"Reliance Digital- Rrl Cdit Nizamabad -T4QO","Nizamabad","Telangana",22,"Balaji Digital World Godrej","Delhi","store_001109","UNMATCHED"
"Reliance Digital- Rrl Cdit Tambaram -TH5M","Chennai","Tamil Nadu",22,"Balaji Digital World Godrej","Delhi","store_001109","UNMATCHED"
"Reliance Digital- Rrl Cdit Karnal -3729","Karnal","Haryana",22,"Balaji Digital World Godrej","Delhi","store_001109","UNMATCHED"
"Reliance Digital- Rrl Cdit-Awas Vikas -T67J","Kanpur","Uttar Pradesh",22,"Balaji Digital World Godrej","Delhi","store_001109","UNMATCHED"
"Reliance Digital- Rrl Cdit Gopalpatnam -TVK7","Visakhapatnam","Andhra Pradesh",22,"Balaji Digital World Godrej","Delhi","store_001109","UNMATCHED"
"Reliance Digital- Rrl Cdit- Jalna Road -TZ8D","Beed","Maharashtra",22,"Balaji Digital World Godrej","Delhi","store_001109","UNMATCHED"
"Reliance Digital- Rrl Cdit Bankmod Dh -T2TZ","Dhanbad","Jharkhand",22,"Balaji Digital World Godrej","Delhi","store_001109","UNMATCHED"
"Reliance Digital- Kothapet Guntur Ap -TL14","Guntur","Andhra Pradesh",22,"Balaji Digital World Godrej","Delhi","store_001109","UNMATCHED"
"Reliance Digital- Rrl Cdit -Narsingi -T1VH","Hyderabad","Telangana",22,"Balaji Digital World Godrej","Delhi","store_001109","UNMATCHED"
"Reliance Digital- Rrl Cdit Sangli Mir -T2QO","Sangli","Maharashtra",22,"Balaji Digital World Godrej","Delhi","store_001109","UNMATCHED"
"Reliance Digital- Udhana Surat Gj -9612","Surat","Gujarat",22,"Balaji Digital World Godrej","Delhi","store_001109","UNMATCHED"
"Reliance Digital- Rrl Cditgt Road Gun -T2PR","Guntur","Andhra Pradesh",22,"Balaji Digital World Godrej","Delhi","store_001109","UNMATCHED"
"Reliance Digital- Rrl Cdit Kapoorthala -TO21","Lucknow","Uttar Pradesh",22,"Balaji Digital World Godrej","Delhi","store_001109","UNMATCHED"
"Reliance Digital- Rrlcdit Ksrtc Mysore -T662","Mysore","Karnataka",22,"Balaji Digital World Godrej","Delhi","store_001109","UNMATCHED"
"Reliance Digital- Rrl Cdit- Eluru Road -T1FS","Gudivada","Andhra Pradesh",22,"Balaji Digital World Godrej","Delhi","store_001109","UNMATCHED"
"Reliance Digital- Rrl Cdit Gangavati -T8CF","Koppal","Karnataka",22,"Balaji Digital World Godrej","Delhi","store_001109","UNMATCHED"
"Reliance Digital- Rrl Cdit Kurnool -TUA0","Kurnool","Andhra Pradesh",22,"Balaji Digital World Godrej","Delhi","store_001109","UNMATCHED"
"Reliance Digital- Rrl Cdit Madanapalle -9509","Madanapalle","Andhra Pradesh",22,"Balaji Digital World Godrej","Delhi","store_001109","UNMATCHED"
"Reliance Digital- Rrl Cdit Metropolis Mall -3869","Rudrapur","Uttarakhand",22,"Croma-Kolkata-Acropolis Mall","Kolkata","store_000292","UNMATCHED"
"Reliance Digital- Rrl Cdit-Kankubagmal -TSF7","Ahmedabad","Gujarat",22,"Digital Planet","Ranchi","store_002153","UNMATCHED"
"Reliance Digital- Rrl Cdit Hajipur -TC2V","Hajipur","Bihar",22,"Balaji Digital World Godrej","Delhi","store_001109","UNMATCHED"
"Reliance Digital- Tiruvottiyur, Tn -TD4V","Chennai","Tamil Nadu",22,"RANA DIGITAL","Howrah","store_001088","UNMATCHED"
"Reliance Digital- Rrl Cdit -Narsaraope -TTZ5","Narasaraopeta","Andhra Pradesh",22,"Balaji Digital World Godrej","Delhi","store_001109","UNMATCHED"
"Reliance Digital- Rrl Cdit- Krishnagir -T1JN","Tirupathur","Tamil Nadu",22,"Balaji Digital World Godrej","Delhi","store_001109","UNMATCHED"
"Reliance Digital- Rrl Cdit-Ttd Road Na -T9RI","Nandyal","Andhra Pradesh",22,"Balaji Digital World Godrej","Delhi","store_001109","UNMATCHED"
"Reliance Digital- Rrl Cdit- Jadugar Ro -TSE9","Roorkee","Uttarakhand",22,"Balaji Digital World Godrej","Delhi","store_001109","UNMATCHED"
"Reliance Digital- Rrl Cdit Piduguralla -TM83","Guntur","Andhra Pradesh",22,"Balaji Digital World Godrej","Delhi","store_001109","UNMATCHED"
"Reliance Digital- Rrl Cdit Katihar -T5ZE","Katihar","Bihar",22,"Balaji Digital World Godrej","Delhi","store_001109","UNMATCHED"
"Reliance Digital- Rrl Cdit-Machlipatna -TDI5","Machilipatnam","Andhra Pradesh",22,"Digital Planet","Ranchi","store_002153","UNMATCHED"
"Reliance Digital- Rrl Cdit Ss Mall Proddatur -TEG9","Proddatur","Andhra Pradesh",22,"SS DIGITAL ZONE","Hooghly","store_001072","UNMATCHED"
"Reliance Digital- Rrl Cdit Grand High -TG9N","Pune","Maharashtra",22,"Balaji Digital World Godrej","Delhi","store_001109","UNMATCHED"
"Reliance Digital- Rrl Cdit Hisar Road -T7UU","Sirsa","Haryana",22,"Balaji Digital World Godrej","Delhi","store_001109","UNMATCHED"
"Reliance Digital- Rrl Cdit- Elgin Road -TVM5","Kolkata","West Bengal",22,"Balaji Digital World Godrej","Delhi","store_001109","UNMATCHED"
"Value Plus -Jhansi (Sipri Bazaar)","Jhansi","Uttar Pradesh",22,"Croma-Anand-Mota Bazaar","Anand","store_000662","UNMATCHED"
"Value Plus -Hapur (New Alok Colony)","Ghaziabad","Uttar Pradesh",22,"Croma-Bhopal-Arera Colony","Bhopal","store_000360","UNMATCHED"
"Value Plus -M/S Bharat Television (Bulandshahr)","Ghaziabad","Uttar Pradesh",22,"BHARTI TELEVISION","Patna","store_000952","UNMATCHED"
"Reliance Digital - East Maredpally Secunderabad","Hyderabad","Telangana",22,"Balaji Digital World Godrej","Delhi","store_001109","UNMATCHED"
"Vs - Kothrud","Pune","Maharashtra",22,"VS-Pune(Kothrud) Br","Pune","store_000091","UNMATCHED"
"Hitachi Home - Supreme Air Con","Delhi","Delhi",22,"THE HOME MAKERS","Bhubaneswar","store_001710","UNMATCHED"
"Reliance Digital - Jd Nagar, Patamata,Vijayawada","Vijayawada","Andhra Pradesh",22,"DIGITAL DUNIYA","Patna","store_002114","UNMATCHED"
"Reliance Digital-Kota","Jaipur","Rajasthan",22,"RANA DIGITAL","Howrah","store_001088","UNMATCHED"
"Vs - Kanakpura","Bangalore","Karnataka",22,"VS-Ts(Kondapur)","Hyderabad","store_000181","UNMATCHED"
"Grow Nexus(Hitachi Home)","Patna","Bihar",22,"HOME LINE","Patna","store_002120","UNMATCHED"
"Reliance Digital- Rrl Cdit Kottayam -3838","Kottayam","Kerala",22,"Balaji Digital World Godrej","Delhi","store_001109","UNMATCHED"
"Reliance Digital- Rrl Cdit Kakkanad -TW83","Kochi","Kerala",22,"Balaji Digital World Godrej","Delhi","store_001109","UNMATCHED"
"Kore @ Morbi - Main | Gj","Ahmedabad","Gujarat",22,"Croma-Surat-Varachha Main Road","Surat","store_000311","UNMATCHED"
"Appasons","Calicut","Kerala",22,"A B  SONS","Ranchi","store_002147","UNMATCHED"
"Kore @ Dombivali - West - Mumbai | Mh","Mumbai","Maharashtra",22,"Croma-Delhi-Rohini West Mall","Delhi","store_000420","UNMATCHED"
"Hari Om Custom Collection (Borivali)","Mumbai","Maharashtra",22,"OM ELECTRONICS","Delhi","store_001793","UNMATCHED"
"Ravi  Genral Tredres","Indore","Madhya Pradesh",21,"BANSAL ELECTRONICS AND GENRAL STORE","Sonipat","store_000809","UNMATCHED"
"Croma-Gorakhpur - Taramandal- A740","Gorakhpur","Uttar Pradesh",21,"Croma-Zirakhpur-Garden Village","Zirakhpur","store_000428","UNMATCHED"
"Croma-Bengaluru ? Kadugodi- A742","Bangalore","Karnataka",21,"Croma-Bangalore-Mall of Asia","Bengaluru","store_000467","UNMATCHED"
"Hotspot- Bihar - Sasaram","Sasaram","Bihar",21,"THE SPICE HOTSPOT","Patna","store_000959","UNMATCHED"
"Hotspot- Daryaganj","Delhi","Delhi",21,"VS-Delhi(Daryaganj)","Delhi","store_000095","UNMATCHED"
"Hotspot- Delhi - Palamcolony","Delhi","Delhi",21,"THE SPICE HOTSPOT","Patna","store_000959","UNMATCHED"
"Hotspot- Delhi- Pvr Saket","Delhi","Delhi",21,"THE SPICE HOTSPOT","Patna","store_000959","UNMATCHED"
"Hotspot- Delhi-New Karampura","Delhi","Delhi",21,"THE SPICE HOTSPOT","Patna","store_000959","UNMATCHED"
"Hotspot- Haryana-Kalka","Panchkula","Haryana",21,"THE SPICE HOTSPOT","Patna","store_000959","UNMATCHED"
"Hotspot- Punjab - Mohali Kharar","Mohali","Punjab",21,"PUNJAB T.V CENTRE","Ludhiana","store_002091","UNMATCHED"
"Hotspot- Punjab - Mohali Phase-7","Mohali","Punjab",21,"PUNJAB T.V CENTRE","Ludhiana","store_002091","UNMATCHED"
"Hotspot- Rajasthan - Bhilwara","Bhilwara","Rajasthan",21,"NEW RAJASTHAN FURNITURE HOUSE","Jodhpur","store_001939","UNMATCHED"
"Hotspot- Rajasthan - Ganganagar","Shri Ganganagar","Rajasthan",21,"NEW RAJASTHAN FURNITURE HOUSE","Jodhpur","store_001939","UNMATCHED"
"Hotspot- Rajasthan - Ajmer","Ajmer","Rajasthan",21,"NEW RAJASTHAN FURNITURE HOUSE","Jodhpur","store_001939","UNMATCHED"
"Hotspot- Rajasthan - Alwar","Alwar","Rajasthan",21,"NEW RAJASTHAN FURNITURE HOUSE","Jodhpur","store_001939","UNMATCHED"
"Hotspot- Rajasthan-Vki","Jaipur","Rajasthan",21,"THE SPICE HOTSPOT","Patna","store_000959","UNMATCHED"
"Hotspot- Ghaziabad-Indirapuram-Foco-Cc7","Ghaziabad","Uttar Pradesh",21,"THE SPICE HOTSPOT","Patna","store_000959","UNMATCHED"
"Hotspot- Kolkata-New Park Circus-2","Kolkata","West Bengal",21,"Croma-Ahmedabad-Ranna Park","Ahmedabad","store_000333","UNMATCHED"
"Hotspot- Delhi - Jaitpur","Delhi","Delhi",21,"THE SPICE HOTSPOT","Patna","store_000959","UNMATCHED"
"Hotspot- Punjab-Abohar","Abohar","Punjab",21,"THE SPICE HOTSPOT","Patna","store_000959","UNMATCHED"
"Reliance Digital -Rrl Cdit Forum Esplanade -TE58","Bhubaneswar","Odisha",21,"Balaji Digital World Godrej","Delhi","store_001109","UNMATCHED"
"Reliance Digital -Rrl Cdit College Square Cuttac -8976","Cuttack","Odisha",21,"Croma -Cuttack-College Square","Cuttack","store_001015","UNMATCHED"
"Reliance Digital -Rrl Cdit Perundurai Road Erode -6916","Erode","Tamil Nadu",21,"Croma -Erode-Perundurai Road","Erode","store_001056","UNMATCHED"
"Reliance Digital -Rrl Cdit Mantri Mall -T619","Bangalore","Karnataka",21,"Croma-Chandigarh-Elante Mall","Chandigarh","store_000254","UNMATCHED"
"Reliance Digital -Rrl Cdit Anna Nagar Chennai S -8934","Chennai","Tamil Nadu",21,"S S DIGITAL ZONE","Kolkata","store_002023","UNMATCHED"
"Reliance Digital -Rrl Cdit-Forum Falco -T1KQ","Bangalore","Karnataka",21,"Balaji Digital World Godrej","Delhi","store_001109","UNMATCHED"
"Reliance Digital- Rrl Cdit Tirunelveli -7952","Tirunelveli","Tamil Nadu",21,"Balaji Digital World Godrej","Delhi","store_001109","UNMATCHED"
"Reliance Digital -Rrl Cdit Shahadra Delhi -8843","Delhi","Delhi",21,"Balaji Digital World Godrej","Delhi","store_001109","UNMATCHED"
"Reliance Digital- Rrl Cdit- Shalimar I -TZ8F","Lucknow","Uttar Pradesh",21,"Balaji Digital World Godrej","Delhi","store_001109","UNMATCHED"
"Reliance Digital- Rrl Cdit Hewett Road -TXFY","Allahabad","Uttar Pradesh",21,"Balaji Digital World Godrej","Delhi","store_001109","UNMATCHED"
"Reliance Digital- Kothapet 2 Hyderabad -TP56","Hyderabad","Telangana",21,"Balaji Digital World Godrej","Delhi","store_001109","UNMATCHED"
"Reliance Digital -Rrl Cdit- Kr Puram -TVL9","Bangalore","Karnataka",21,"Croma-Bangalore-KR Puram","Bengaluru","store_000509","UNMATCHED"
"Reliance Digital- Rrl Cdit-Vijaya Mall -TAZ4","Chennai","Tamil Nadu",21,"Croma-Ghazibad-Aditya Mall","Ghaziabad","store_000013","UNMATCHED"
"Reliance Digital -Rrl Cdit-Akhaura Roa -T53Y","Agartala","Tripura",21,"Balaji Digital World Godrej","Delhi","store_001109","UNMATCHED"
"Reliance Digital- Rrl Cdit- Oasis Hari -T1BY","Dehradun","Uttarakhand",21,"Balaji Digital World Godrej","Delhi","store_001109","UNMATCHED"
"Reliance Digital- Rrl Cdit Sr Nagar Hyd -TGJ6","Hyderabad","Telangana",21,"Balaji Digital World Godrej","Delhi","store_001109","UNMATCHED"
"Reliance Digital- Rrl Cdit Nd Elite Bangalore S -8893","Bangalore","Karnataka",21,"S S DIGITAL ZONE","Kolkata","store_002023","UNMATCHED"
"Reliance Digital- Rrl Cdit-Swaroop Nag -T30E","Kanpur","Uttar Pradesh",21,"Balaji Digital World Godrej","Delhi","store_001109","UNMATCHED"
"Reliance Digital- Rrl Cdit-Rama Arcade -TVM4","Jalna","Maharashtra",21,"Balaji Digital World Godrej","Delhi","store_001109","UNMATCHED"
"Reliance Digital- Rrl Cdit-Forum Sujan -TAE4","Hyderabad","Telangana",21,"Balaji Digital World Godrej","Delhi","store_001109","UNMATCHED"
"Reliance Digital- Arcot, Bye Pass Road -TXTV","Arcot","Tamil Nadu",21,"Croma-Nellore-Mini Bypass Road","Nellore","store_000502","UNMATCHED"
"Reliance Digital- Rrl Cdit Patliputra -TR64","Patna","Bihar",21,"Balaji Digital World Godrej","Delhi","store_001109","UNMATCHED"
"Reliance Digital- City Centre Haldiya -TR21","Haldia","West Bengal",21,"Balaji Digital World Godrej","Delhi","store_001109","UNMATCHED"
"Reliance Digital- Rrl Cdit Providence Mall -3686","Puducherry","Pondicherry",21,"Croma-Coimbatore-Prozone Mall","Coimbatore","store_000591","UNMATCHED"
"Reliance Digital- Rrl Cdit Almonte Pune -8721","Pune","Maharashtra",21,"Balaji Digital World Godrej","Delhi","store_001109","UNMATCHED"
"Reliance Digital- Rrl Cdit Vizianagaram -7633","Vizianagaram","Andhra Pradesh",21,"Balaji Digital World Godrej","Delhi","store_001109","UNMATCHED"
"Reliance Digital- Rrl Cdit Chandan Nagar -TN23","Kolkata","West Bengal",21,"VS-Ahmedabad(Krishna Nagar) Br","Ahmedabad","store_000189","UNMATCHED"
"Reliance Digital- Rrl Cdit Amar Empire -3868","Belgaum","Karnataka",21,"Balaji Digital World Godrej","Delhi","store_001109","UNMATCHED"
"Reliance Digital- Rrl Cdit Boulevard P -TI3I","Pune","Maharashtra",21,"Balaji Digital World Godrej","Delhi","store_001109","UNMATCHED"
"Reliance Digital- Rrl Cdit Saharanpur -T2RX","Dehradun","Uttarakhand",21,"Balaji Digital World Godrej","Delhi","store_001109","UNMATCHED"
"Reliance Digital- Rrl Cdit-Orbit Plaza -TVM3","Junagarh","Gujarat",21,"Croma -Ichalkranjii-Fortune Plaza II","Ichalkranjii","store_001037","UNMATCHED"
"Reliance Digital- Rrl Cdit-Land Mark 2 -TVL8","Pune","Maharashtra",21,"Balaji Digital World Godrej","Delhi","store_001109","UNMATCHED"
"Reliance Digital- New Scheme Road Pollachi -TCJ5","Pollachi","Tamil Nadu",21,"Balaji Digital World Godrej","Delhi","store_001109","UNMATCHED"
"Reliance Digital- Rrl Cdit Gs Road Six -T6AB","Guwahati","Assam",21,"Balaji Digital World Godrej","Delhi","store_001109","UNMATCHED"
"Reliance Digital- Rrl Cdit Abz Baner -TKQ7","Pune","Maharashtra",21,"Balaji Digital World Godrej","Delhi","store_001109","UNMATCHED"
"Reliance Digital- Darga Mitta Nellore -6200","Nellore","Andhra Pradesh",21,"Balaji Digital World Godrej","Delhi","store_001109","UNMATCHED"
"Reliance Digital- Rrl Cdit Saraswati Nagar -TS21","Jodhpur","Rajasthan",21,"Croma-Bangalore-Indira Nagar","Bengaluru","store_000476","UNMATCHED"
"Reliance Digital- Rrl Cdit- Chakrata R -TVM2","Dehradun","Uttarakhand",21,"Balaji Digital World Godrej","Delhi","store_001109","UNMATCHED"
"Reliance Digital- Rrl Cdit Mahaboobnagar -TI04","Mahbubnagar","Telangana",21,"Balaji Digital World Godrej","Delhi","store_001109","UNMATCHED"
"Reliance Digital- Rrl Cdit One Word Hi -T0R1","Himmatnagar","Gujarat",21,"Balaji Digital World Godrej","Delhi","store_001109","UNMATCHED"
"Reliance Digital- Mansarova Rohtak Hr -3790","Rohtak","Haryana",21,"Balaji Digital World Godrej","Delhi","store_001109","UNMATCHED"
"Reliance Digital- Rrl Cdit Kalwar Road -TW28","Jaipur","Rajasthan",21,"Balaji Digital World Godrej","Delhi","store_001109","UNMATCHED"
"Reliance Digital- Sankar Cine Angul Od -T764","Anugul","Odisha",21,"Balaji Digital World Godrej","Delhi","store_001109","UNMATCHED"
"Reliance Digital- Nanital Rd Haldwani -TA92","Haldwani","Uttarakhand",21,"Balaji Digital World Godrej","Delhi","store_001109","UNMATCHED"
"Reliance Digital- Rrl Cdit Satature Dh -T6XD","Pune","Maharashtra",21,"Balaji Digital World Godrej","Delhi","store_001109","UNMATCHED"
"Reliance Digital- Rrl Cdit-Naka Paharg -TAVD","Ayodhya","Uttar Pradesh",21,"Balaji Digital World Godrej","Delhi","store_001109","UNMATCHED"
"Reliance Digital- Rrl Cdit Kumaran Road -TW27","Tirupur","Andhra Pradesh",21,"Croma-Darbhanga-Rajkumarganj Road","Darbhanga","store_000237","UNMATCHED"
"Reliance Digital- Rrl Cdit Br Ambekar Road Civi -TLL3","Belgaum","Karnataka",21,"VS-Pune(Nagar Road) Br","Pune","store_000088","UNMATCHED"
"Reliance Digital- Rrl Cdit Panchkula -TB5V","Panchkula","Haryana",21,"Balaji Digital World Godrej","Delhi","store_001109","UNMATCHED"
"Reliance Digital- Cdit-South Main Stre -TLK5","Thanjavur","Tamil Nadu",21,"Balaji Digital World Godrej","Delhi","store_001109","UNMATCHED"
"Reliance Digital- Rrl Cdit Panipat -3815","Panipat","Haryana",21,"Balaji Digital World Godrej","Delhi","store_001109","UNMATCHED"
"Reliance Digital- Rrl Cdit - Pudupalay -TW2C","Cuddalore","Tamil Nadu",21,"Balaji Digital World Godrej","Delhi","store_001109","UNMATCHED"
"Reliance Digital- Rrl Cdit-Stattion Ro -TLY4","Bagalkot","Karnataka",21,"Balaji Digital World Godrej","Delhi","store_001109","UNMATCHED"
"Reliance Digital- Bb-Navi Mumbai-Seawo -TA9T","Mumbai","Maharashtra",21,"RANA DIGITAL","Howrah","store_001088","UNMATCHED"
"Reliance Digital- Rrl Cdit Thakker Baz -TJ3X","Dhule","Maharashtra",21,"Balaji Digital World Godrej","Delhi","store_001109","UNMATCHED"
"Reliance Digital- Rrl Cdit Shahadat P -T2MD","Mau","Uttar Pradesh",21,"Balaji Digital World Godrej","Delhi","store_001109","UNMATCHED"
"Reliance Digital- Rrl Cdit Dumdum Road -TKR1","Kolkata","West Bengal",21,"Balaji Digital World Godrej","Delhi","store_001109","UNMATCHED"
"Reliance Digital- Rrl Cdit A 69 Indore -TIY5","Indore","Madhya Pradesh",21,"Balaji Digital World Godrej","Delhi","store_001109","UNMATCHED"
"Reliance Digital- Rrl Cdit Leela Mahal Centre -T590","Tirupati","Andhra Pradesh",21,"VS-Ap(Tirupathi-Leela Mahal Circle)","Tirupati","store_000229","UNMATCHED"
"Reliance Digital- Rrl Cdit-Samrala Cho -T36M","Ludhiana","Punjab",21,"Balaji Digital World Godrej","Delhi","store_001109","UNMATCHED"
"Reliance Digital- Rrlcditnew Blue Ear -T2VP","Srikakulam","Andhra Pradesh",21,"Balaji Digital World Godrej","Delhi","store_001109","UNMATCHED"
"Reliance Digital- Rrl Cdit Bhavanipuram -TI56","Vijayawada","Andhra Pradesh",21,"Balaji Digital World Godrej","Delhi","store_001109","UNMATCHED"
"Reliance Digital- Rrl Cdit Uttarapara -TU64","Uttarpara","West Bengal",21,"Balaji Digital World Godrej","Delhi","store_001109","UNMATCHED"
"Reliance Digital- Rrl Cdit Uttarahalli -TA91","Bangalore","Karnataka",21,"Balaji Digital World Godrej","Delhi","store_001109","UNMATCHED"
"Reliance Digital- Rrl Cdit Sriganganagar -TK93","Ganganagar","Rajasthan",21,"Balaji Digital World Godrej","Delhi","store_001109","UNMATCHED"
"Reliance Digital- Rrl Cdit Cb Road Cha -TD4R","Chakdah","Haryana",21,"Balaji Digital World Godrej","Delhi","store_001109","UNMATCHED"
"Reliance Digital- Seepat Road Sarkanda -T0UM","Bilaspur","Chhattisgarh",21,"Croma-Nadiad-Uttarsanda Road","Nadiad","store_000682","UNMATCHED"
"Reliance Digital- Nachan Road Benachity -TEH0","Durgapur","West Bengal",21,"Balaji Digital World Godrej","Delhi","store_001109","UNMATCHED"
"Reliance Digital- Rrl Cdit Kompally 2 -TC6H","Hyderabad","Telangana",21,"Balaji Digital World Godrej","Delhi","store_001109","UNMATCHED"
"Reliance Digital- Rrl Cdit Club Road M -TB6N","Muzaffarpur","Bihar",21,"Croma-Mumbai-Borivali East M G Road","Mumbai","store_000671","UNMATCHED"
"Reliance Digital- Rrl Cdit Ambedkar Ci -T0BH","Sikar","Rajasthan",21,"Balaji Digital World Godrej","Delhi","store_001109","UNMATCHED"
"Reliance Digital- Rrl Cdit Wonder View Kota -TGR9","Kota","Rajasthan",21,"Balaji Digital World Godrej","Delhi","store_001109","UNMATCHED"
"Reliance Digital- Rrl Cdit Mbd Mall -T761","Ludhiana","Punjab",21,"Balaji Digital World Godrej","Delhi","store_001109","UNMATCHED"
"Reliance Digital- Rrl Cditaurangabad B -T0Y2","Aurangabad","Bihar",21,"Balaji Digital World Godrej","Delhi","store_001109","UNMATCHED"
"Reliance Digital- Rrl Cdit Reliance Ma -T2FO","Jamnagar","Gujarat",21,"Balaji Digital World Godrej","Delhi","store_001109","UNMATCHED"
"Reliance Digital- Rrl Cdit-Talcher Roa -TYW1","Angul","Odisha",21,"Balaji Digital World Godrej","Delhi","store_001109","UNMATCHED"
"Reliance Digital- Rrl Cdit-T2D Mumbai -TAIV","Mumbai","Maharashtra",21,"Balaji Digital World Godrej","Delhi","store_001109","UNMATCHED"
"Reliance Digital- Rrl Cdit-Solaris Bus -T1KP","Ahmedabad","Gujarat",21,"Balaji Digital World Godrej","Delhi","store_001109","UNMATCHED"
"Reliance Digital- Rrl Cdit-Saffidon Ga -T9RH","Jind","Haryana",21,"Balaji Digital World Godrej","Delhi","store_001109","UNMATCHED"
"Reliance Digital- Rrl Cdit Virudhachal -TB7O","Cuddalore","Andhra Pradesh",21,"Balaji Digital World Godrej","Delhi","store_001109","UNMATCHED"
"Reliance Digital- Rrl Cdit Dhaiya Roa -T2UA","Dhanbad","Jharkhand",21,"Balaji Digital World Godrej","Delhi","store_001109","UNMATCHED"
"Reliance Digital- Rrl Cdit Near Badgao -T4QM","Gonda","Uttar Pradesh",21,"Balaji Digital World Godrej","Delhi","store_001109","UNMATCHED"
"Reliance Digital- Rrl Cdit- Anuparpala -T32O","Tirupur","Andhra Pradesh",21,"Balaji Digital World Godrej","Delhi","store_001109","UNMATCHED"
"Reliance Digital- Ksrtc Shimoga Ka -9163","Shimoga","Karnataka",21,"Balaji Digital World Godrej","Delhi","store_001109","UNMATCHED"
"Reliance Digital- Rrl Cdit Nsb Road Ranigunj -TW2B","Raniganj","West Bengal",21,"Balaji Digital World Godrej","Delhi","store_001109","UNMATCHED"
"Reliance Digital- Palm Mall Korba Cg -TI74","Korba","Chhattisgarh",21,"Balaji Digital World Godrej","Delhi","store_001109","UNMATCHED"
"Reliance Digital- Rrl Cdit Mehsana -T2HF","Mahesana","Gujarat",21,"Balaji Digital World Godrej","Delhi","store_001109","UNMATCHED"
"Reliance Digital- Rrl Cdit- Krishna Na -T1JO","Krishna Nagar","Andhra Pradesh",21,"Balaji Digital World Godrej","Delhi","store_001109","UNMATCHED"
"Reliance Digital- Rrl Cdit- Peruvallur -T1F8","Chennai","Tamil Nadu",21,"Balaji Digital World Godrej","Delhi","store_001109","UNMATCHED"
"Reliance Digital- Rrl Cdit S D Road Secundrabad -8813","Hyderabad","Telangana",21,"S S DIGITAL ZONE","Kolkata","store_002023","UNMATCHED"
"Reliance Digital- Vijayawada Eluru Roa -T39E","Vijayawada","Andhra Pradesh",21,"Balaji Digital World Godrej","Delhi","store_001109","UNMATCHED"
"Reliance Digital- Rrlcdit Tania Horizon -9658","Mumbai","Maharashtra",21,"Balaji Digital World Godrej","Delhi","store_001109","UNMATCHED"
"Reliance Digital- Rrl Cdit Hanumangarh -TK92","Hanumangarh","Rajasthan",21,"Balaji Digital World Godrej","Delhi","store_001109","UNMATCHED"
"Reliance Digital- Rrl Cdit- Kanchipura -T79R","Kanchipuram","Tamil Nadu",21,"Balaji Digital World Godrej","Delhi","store_001109","UNMATCHED"
"Value Plus Retail Pvt.Ltd-Wh-Vns","Varanasi","Uttar Pradesh",21,"MAA AMBEY RETAIL PRIVATE LIMITED","Patna","store_002124","UNMATCHED"
"Value Plus -M/S Rathore Care (Pilibhit)","Pilibhit","Uttar Pradesh",21,"ASP - M S HOME CARE SERVICE","Cochin","store_001583","UNMATCHED"
"Value Plus -M/S Raj Video Centre (Sitapur Road)","Ghaziabad","Uttar Pradesh",21,"Croma -Rajnandgaon-Basantpur Road","Rajnandgaon","store_001036","UNMATCHED"
"Value Plus -M/S Ankur Electricals (Sector-18 New)","Ghaziabad","Uttar Pradesh",21,"SHYAM ELECTRICALS","Ghaziabad","store_000024","UNMATCHED"
"Value Plus -M/S Ankur Electricals (Noida Extn.)","Ghaziabad","Uttar Pradesh",21,"SHYAM ELECTRICALS","Ghaziabad","store_000024","UNMATCHED"
"Vs - Tmc - Vanasthalipuram","Hyderabad","Telangana",21,"Croma-Hyderabad-Vanasthalipuram","Hyderabad","store_000528","UNMATCHED"
"Ashoka Enterprises-Nayaon Gaon","Chandigarh","Chandigarh",21,"RADHIKA ENTERPRISES","Patna","store_002136","UNMATCHED"
"Unbox Electronics-South Delhi","Delhi","Delhi",21,"Rakesh Electronics (Budh Vihar)","Delhi","store_002186","UNMATCHED"
"Anandamela Distributor-Burdwan","Kolkata","West Bengal",21,"Hindustan Distributor Godrej","Delhi","store_001223","UNMATCHED"
"Arctic Appliances-Gota","Ahmedabad","Gujarat",21,"BABA APPLIANCES","Lucknow","store_002038","UNMATCHED"
"Reliance Digital - Rajaji Road West Tambaram","Chennai","Tamil Nadu",21,"Balaji Digital World Godrej","Delhi","store_001109","UNMATCHED"
"Reliance Digital- Sobha Mall Thrissur -9678","Thrissur","Kerala",21,"Balaji Digital World Godrej","Delhi","store_001109","UNMATCHED"
"Reliance Digital- Rrl Cdit Tripunithura -3789","Kochi","Kerala",21,"Balaji Digital World Godrej","Delhi","store_001109","UNMATCHED"
"Reliance Digital- Rrl Cdit-Perinthalma -T13N","Mallapuram","Andhra Pradesh",21,"RANA DIGITAL","Howrah","store_001088","UNMATCHED"
"Kore @ Gurunanak Chowk - Palanpur | Gj","Ahmedabad","Gujarat",21,"VS-Pune(Dange Chowk)","Pune","store_001641","UNMATCHED"
"Kore @ Sector 11 - Gandhinagar | Gj","Ahmedabad","Gujarat",21,"Croma-Gandhinagar-Sector 11","Gandhinagar","store_000677","UNMATCHED"
"Capital Fancy Light","Bhubaneswar","Odisha",21,"HEMO CAPITAL","Ranchi","store_002156","UNMATCHED"
"S. Selladurai Nadar Hotel ＆ Caterin","Chennai","Tamil Nadu",21,"S S AIRCONDITIONING","Ludhiana","store_002095","UNMATCHED"
"Kore @ Sanjay Palace 2 - Agra | Up","Agra","Uttar Pradesh",21,"Sanjay Electronics","Delhi","store_000947","UNMATCHED"
"Jay Bhawani Mobile Shop (Nalasopara East)","Mumbai","Maharashtra",21,"Croma-Palghar-Vasai East","Thane","store_000708","UNMATCHED"
"Reliance Digital -Rrl Cdit-Margao Bypa -TVK4","Panaji","Goa",21,"Balaji Digital World Godrej","Delhi","store_001109","UNMATCHED"
"Reliance Digital- Rrl Cdit City Centre -T8RL","Mumbai","Maharashtra",21,"Balaji Digital World Godrej","Delhi","store_001109","UNMATCHED"
"Reliance Digital- Rrl Cdit Station Roa -T6HR","Bharuch","Gujarat",21,"Croma-Ara-Katira Station Road","Ara","store_000236","UNMATCHED"
"Kore @ Jethibai Marg - Diu | Dd","Diu","Diu",21,"VS-Delhi(Vikas Marg) Br","Delhi","store_000098","UNMATCHED"
"Kore @ Dildar Nagar - Ghazipur | Up","Ghazipur","Uttar Pradesh",21,"VS-Delhi(Uttam Nagar) Br","Delhi","store_000167","UNMATCHED"
"Kore @ Janakpuri | Dl","Delhi","Delhi",21,"VS-Delhi(Janakpuri) Br","Delhi","store_000104","UNMATCHED"
"Kore @ Sanjay Palace -2 - Agra | Up","Agra","Uttar Pradesh",21,"Sanjay Electronics","Delhi","store_000947","UNMATCHED"
"Vs - Mahim(Vs Next)","Mumbai","Maharashtra",20,"VS-Mahim Br","Mumbai","store_000106","UNMATCHED"
"Hotspot- Bihar-Danapur Patna","Patna","Bihar",20,"THE SPICE HOTSPOT","Patna","store_000959","UNMATCHED"
"Hotspot- Alaknanda","Delhi","Delhi",20,"VS-Ts(Shah Ali Banda)","Hyderabad","store_000144","UNMATCHED"
"Hotspot- Delhi-Nehru Place-Ii","Delhi","Delhi",20,"THE SPICE HOTSPOT","Patna","store_000959","UNMATCHED"
"Hotspot- Delhi-Yusuf Sarai 2","Delhi","Delhi",20,"Croma-Hyderabad-Airport 2","Hyderabad","store_000617","UNMATCHED"
"Hotspot- Delhi- New Sherpur","Delhi","Delhi",20,"THE SPICE HOTSPOT","Patna","store_000959","UNMATCHED"
"Hotspot- Punjab - Ludhiana Kashmir","Ludhiana","Punjab",20,"PUNJAB T.V CENTRE","Ludhiana","store_002091","UNMATCHED"
"Hotspot- Punjab - Ludhiana Model Town","Ludhiana","Punjab",20,"PUNJAB T.V CENTRE","Ludhiana","store_002091","UNMATCHED"
"Hotspot- Ghaziabad - Vaishali","Ghaziabad","Uttar Pradesh",20,"THE SPICE HOTSPOT","Patna","store_000959","UNMATCHED"
"Reliance Digital -Rrl Cdit Bhagirathi Square -T762","Pune","Maharashtra",20,"Balaji Digital World Godrej","Delhi","store_001109","UNMATCHED"
"Reliance Digital -Rrl Cdit Orchid Greengorakhpur -TB85","Gorakhpur","Uttar Pradesh",20,"Balaji Digital World Godrej","Delhi","store_001109","UNMATCHED"
"Reliance Digital -Rrl Cdit Elante Mall Chandigar -8964","Chandigarh","Chandigarh",20,"Croma-Chandigarh-Elante Mall","Chandigarh","store_000254","UNMATCHED"
"Reliance Digital -Rrl Cdit Ahmednagar Rd Store -8919","Pune","Maharashtra",20,"Balaji Digital World Godrej","Delhi","store_001109","UNMATCHED"
"Reliance Digital -Rrl Cdit Chrompet Chennai -8978","Chennai","Tamil Nadu",20,"Balaji Digital World Godrej","Delhi","store_001109","UNMATCHED"
"Reliance Digital -Rrl Cdit Danapur Sagunamore -TEI3","Patna","Bihar",20,"Balaji Digital World Godrej","Delhi","store_001109","UNMATCHED"
"Reliance Digital -Rrl Cdit Ansal Plaza Palam Vi -8877","Gurgaon","Haryana",20,"Croma-Greater Noida-Ansal Plaza Mall","Noida","store_000019","UNMATCHED"
"Reliance Digital- Rrl Cdit Kolathur Chennai -6629","Chennai","Tamil Nadu",20,"Balaji Digital World Godrej","Delhi","store_001109","UNMATCHED"
"Reliance Digital -Rrl Cdit Cd06 Cuttack -TJI1","Cuttack","Odisha",20,"Balaji Digital World Godrej","Delhi","store_001109","UNMATCHED"
"Reliance Digital -Rrl D Xpress Center Square Mal -8645","Vadodara","Gujarat",20,"Croma-Vadodara-Centre Square Mall","Vadodara","store_000667","UNMATCHED"
"Reliance Digital -Rrl Cdit Laxmi Heights -TI73","Durg-Bhilainagar","Chhattisgarh",20,"Balaji Digital World Godrej","Delhi","store_001109","UNMATCHED"
"Reliance Digital- Rrl Cdit-Kamla Prasa -T24N","Mumbai","Maharashtra",20,"Balaji Digital World Godrej","Delhi","store_001109","UNMATCHED"
"Reliance Digital- Rrl Cdit-Lulu Mall L -TVK8","Lucknow","Uttar Pradesh",20,"Balaji Digital World Godrej","Delhi","store_001109","UNMATCHED"
"Reliance Digital -Rrl Cdit Inorbit Hyderabad -9136","Hyderabad","Telangana",20,"Balaji Digital World Godrej","Delhi","store_001109","UNMATCHED"
"Reliance Digital -Rrl Cdit Ghaziabad Specialit -8945","Ghaziabad","Uttar Pradesh",20,"Balaji Digital World Godrej","Delhi","store_001109","UNMATCHED"
"Reliance Digital -Rrl Cdit Phoenix Mal -TH0R","Pune","Maharashtra",20,"Balaji Digital World Godrej","Delhi","store_001109","UNMATCHED"
"Reliance Digital -Rrl Cdit Belathur Bangalore -TNP0","Bangalore","Karnataka",20,"Balaji Digital World Godrej","Delhi","store_001109","UNMATCHED"
"Reliance Digital -Rrl Cdit Nallagandala Hyd -TJY0","Hyderabad","Telangana",20,"Balaji Digital World Godrej","Delhi","store_001109","UNMATCHED"
"Reliance Digital- Rrl Cdit-Kalikapur K -T79Q","Kolkata","West Bengal",20,"Balaji Digital World Godrej","Delhi","store_001109","UNMATCHED"
"Reliance Digital -Rrl Cdit Imperial Mall -T763","Silchar","Assam",20,"Croma-Chandigarh-Elante Mall","Chandigarh","store_000254","UNMATCHED"
"Reliance Digital -Rrl Cdit Elpro Chinchwad -TX08","Pune","Maharashtra",20,"Balaji Digital World Godrej","Delhi","store_001109","UNMATCHED"
"Reliance Digital -Rrl Cdit Alto Porvorim -TN64","Panaji","Goa",20,"Balaji Digital World Godrej","Delhi","store_001109","UNMATCHED"
"Reliance Digital -Rrl Cdit Banjara Hills -9131","Hyderabad","Telangana",20,"Balaji Digital World Godrej","Delhi","store_001109","UNMATCHED"
"Reliance Digital -Rrl Cdit Najafgarh Delhi -8676","Delhi","Delhi",20,"Balaji Digital World Godrej","Delhi","store_001109","UNMATCHED"
"Reliance Digital -Rrl Cdit Kakinada Ap -8727","Kakinada","Andhra Pradesh",20,"Balaji Digital World Godrej","Delhi","store_001109","UNMATCHED"
"Reliance Digital -Rrl Cdit Mangaldeep Surat -6369","Surat","Gujarat",20,"Balaji Digital World Godrej","Delhi","store_001109","UNMATCHED"
"Reliance Digital -Rrl Cdit Suncity Hydrabad -TIY6","Hyderabad","Telangana",20,"Balaji Digital World Godrej","Delhi","store_001109","UNMATCHED"
"Reliance Digital -Rrl Cdit Haralur Bangalore -TNQ1","Bangalore","Karnataka",20,"Balaji Digital World Godrej","Delhi","store_001109","UNMATCHED"
"Reliance Digital- Rrl Cdit Meyyanur Salem -8725","Salem","Tamil Nadu",20,"Balaji Digital World Godrej","Delhi","store_001109","UNMATCHED"
"Reliance Digital- Rrl Cdit Banaswadi Bangalore -8758","Bangalore","Karnataka",20,"Balaji Digital World Godrej","Delhi","store_001109","UNMATCHED"
"Reliance Digital- Rrl Cdit Ak Hitech O -T8TK","Mumbai","Maharashtra",20,"Balaji Digital World Godrej","Delhi","store_001109","UNMATCHED"
"Reliance Digital- Rrl Cdit Yelahanka Bng -TCJ6","Bangalore","Karnataka",20,"Balaji Digital World Godrej","Delhi","store_001109","UNMATCHED"
"Reliance Digital- Rrl Cdit Amisha Empire -9609","Mumbai","Maharashtra",20,"Croma-Boisar-Ostwal Empire","Mumbai","store_000654","UNMATCHED"
"Reliance Digital- Rrl Cdit Altair Duma -TG7K","Surat","Gujarat",20,"Balaji Digital World Godrej","Delhi","store_001109","UNMATCHED"
"Reliance Digital- Rrl Cdit Neeladhri Road -TU92","Bangalore","Karnataka",20,"Balaji Digital World Godrej","Delhi","store_001109","UNMATCHED"
"Reliance Digital- Rrl Cdit Pathardi Mu -TZ8E","Nashik","Maharashtra",20,"Balaji Digital World Godrej","Delhi","store_001109","UNMATCHED"
"Reliance Digital- Rrl Cdit Gachibowli Hyderabad -6362","Hyderabad","Telangana",20,"Balaji Digital World Godrej","Delhi","store_001109","UNMATCHED"
"Reliance Digital- Rrl Cdit Perambur Chennai -8755","Chennai","Tamil Nadu",20,"Balaji Digital World Godrej","Delhi","store_001109","UNMATCHED"
"Reliance Digital- Rrl Cdit Helix Ghatk -T5RQ","Mumbai","Maharashtra",20,"Balaji Digital World Godrej","Delhi","store_001109","UNMATCHED"
"Reliance Digital- Rrl Cdit Vidyanagar Hubli -8896","Hubli","Karnataka",20,"Balaji Digital World Godrej","Delhi","store_001109","UNMATCHED"
"Reliance Digital- Rrl Cdit Keshwapur H -T5ZV","Hubli","Karnataka",20,"Balaji Digital World Godrej","Delhi","store_001109","UNMATCHED"
"Reliance Digital- Rrl Cdit Jn Road Rajahmundry -9512","Rajahmundry","Andhra Pradesh",20,"Balaji Digital World Godrej","Delhi","store_001109","UNMATCHED"
"Reliance Digital- Rrl Cdit Ambattur Chennai -8979","Chennai","Tamil Nadu",20,"Balaji Digital World Godrej","Delhi","store_001109","UNMATCHED"
"Reliance Digital- Rrl Cdit Elet Arcade Purnea -TCJ8","Purnea","Bihar",20,"Balaji Digital World Godrej","Delhi","store_001109","UNMATCHED"
"Reliance Digital- Rrl Cdit Pacific Mall Dwarka -TDI7","Delhi","Delhi",20,"Croma-Faridabad-Pacific Mall Sec 20","Faridabad","store_000446","UNMATCHED"
"Reliance Digital- Shubhas Rd Anantapur -8750","Anantapur","Andhra Pradesh",20,"Balaji Digital World Godrej","Delhi","store_001109","UNMATCHED"
"Reliance Digital- Rrl Cdit Adajan Surat -TY02","Surat","Gujarat",20,"Balaji Digital World Godrej","Delhi","store_001109","UNMATCHED"
"Reliance Digital- Rrl Cdit Jubilee Circle -TQ50","Dharwad","Karnataka",20,"Balaji Digital World Godrej","Delhi","store_001109","UNMATCHED"
"Reliance Digital- Rrl Cdit Guru Towers Chennai -8765","Chennai","Tamil Nadu",20,"Balaji Digital World Godrej","Delhi","store_001109","UNMATCHED"
"Reliance Digital- Rrl Cdit Ratan Khan -T2QM","Lucknow","Uttar Pradesh",20,"Balaji Digital World Godrej","Delhi","store_001109","UNMATCHED"
"Reliance Digital- Rrl Cdit Experia Mall -9135","Mumbai","Maharashtra",20,"Croma-Chandigarh-Elante Mall","Chandigarh","store_000254","UNMATCHED"
"Reliance Digital- Rrl Cdit Pacific Ma -T2UB","Matigara","West Bengal",20,"Balaji Digital World Godrej","Delhi","store_001109","UNMATCHED"
"Reliance Digital- Dev Aurum Ahmedabad -TM19","Ahmedabad","Gujarat",20,"Balaji Digital World Godrej","Delhi","store_001109","UNMATCHED"
"Reliance Digital- Rrl Cdit Fortune Terraces -TX34","Mumbai","Maharashtra",20,"Balaji Digital World Godrej","Delhi","store_001109","UNMATCHED"
"Reliance Digital- Rrl Cdit Subhadra Mall -T753","Baramati","Maharashtra",20,"Croma-Patiala-Spectra Mall","Patiala","store_000429","UNMATCHED"
"Reliance Digital- Rrl Cdit-Tapadia Cit -TVL5","Amravati","Maharashtra",20,"Balaji Digital World Godrej","Delhi","store_001109","UNMATCHED"
"Reliance Digital- Rrl Cdit Tarabai Park -TQ44","Kolhapur","Maharashtra",20,"Balaji Digital World Godrej","Delhi","store_001109","UNMATCHED"
"Reliance Digital- Rrl Cdit Anakapalli -TTZ8","Anakapalle","Andhra Pradesh",20,"Balaji Digital World Godrej","Delhi","store_001109","UNMATCHED"
"Reliance Digital- Rrl Cdit-Sec14 Delhi -TSF4","Delhi","Delhi",20,"Balaji Digital World Godrej","Delhi","store_001109","UNMATCHED"
"Reliance Digital- Rrl Cdit The Hive K -T2VO","Mumbai","Maharashtra",20,"Balaji Digital World Godrej","Delhi","store_001109","UNMATCHED"
"Reliance Digital- Rrl Cdit- Pacific Ma -T44L","Faridabad","Haryana",20,"Balaji Digital World Godrej","Delhi","store_001109","UNMATCHED"
"Reliance Digital- Rrl Cdit Genesis Mall -TI03","Bhiwadi","Rajasthan",20,"Croma-Chandigarh-Elante Mall","Chandigarh","store_000254","UNMATCHED"
"Reliance Digital- Rrl Cdit Forum Rangoli -TO11","Howrah","West Bengal",20,"Balaji Digital World Godrej","Delhi","store_001109","UNMATCHED"
"Reliance Digital- Rrl Cdit Bokaro Mall Bokaro -6400","Bokaro Steel City","Jharkhand",20,"Balaji Digital World Godrej","Delhi","store_001109","UNMATCHED"
"Reliance Digital- Rrl Cdit Avadi Chennai -3898","Chennai","Tamil Nadu",20,"Balaji Digital World Godrej","Delhi","store_001109","UNMATCHED"
"Reliance Digital- Rrl Cdit Prozone Mall Coimbato -9526","Coimbatore","Tamil Nadu",20,"Croma-Coimbatore-Prozone Mall","Coimbatore","store_000591","UNMATCHED"
"Reliance Digital- Rrl Cdit Kachiguda Hyderabad -8824","Hyderabad","Telangana",20,"Balaji Digital World Godrej","Delhi","store_001109","UNMATCHED"
"Reliance Digital- Rrl Cdit-Palledium A -TA6P","Ahmedabad","Gujarat",20,"Balaji Digital World Godrej","Delhi","store_001109","UNMATCHED"
"Reliance Digital- Rrl Cdit Jalahalli Bangalore -T730","Bangalore","Karnataka",20,"Balaji Digital World Godrej","Delhi","store_001109","UNMATCHED"
"Reliance Digital- Rrl Cdit Srmt Mall -TO33","Kakinada","Andhra Pradesh",20,"Croma-Chandigarh-Elante Mall","Chandigarh","store_000254","UNMATCHED"
"Reliance Digital- Rrl Cdit Bmg Mall Rewari -8694","Rewari","Haryana",20,"Balaji Digital World Godrej","Delhi","store_001109","UNMATCHED"
"Reliance Digital- Rrl Cdit- Uttam Talk -TSF0","Ichalkaranji","Maharashtra",20,"Balaji Digital World Godrej","Delhi","store_001109","UNMATCHED"
"Reliance Digital- Rrl Cdit Mohali City -T7UO","Mohali","Punjab",20,"Croma-Bangalore-Electronic City","Bengaluru","store_000544","UNMATCHED"
"Reliance Digital- Rrl Cdit Bapuji Naga -T6UX","Bhubaneswar","Odisha",20,"Balaji Digital World Godrej","Delhi","store_001109","UNMATCHED"
"Reliance Digital- Rrl Cdit Maruti Solaris -TP19","Anand","Gujarat",20,"Balaji Digital World Godrej","Delhi","store_001109","UNMATCHED"
"Reliance Digital- Rrl Cdit Rani Bazaar -9702","Bikaner","Rajasthan",20,"Balaji Digital World Godrej","Delhi","store_001109","UNMATCHED"
"Reliance Digital- Rrl Cdit Rn Tagore Road Berha -TJH4","Murshidabad","West Bengal",20,"Balaji Digital World Godrej","Delhi","store_001109","UNMATCHED"
"Reliance Digital- Rrl Cdit Punjabi Bag -T8XI","Delhi","Delhi",20,"Balaji Digital World Godrej","Delhi","store_001109","UNMATCHED"
"Reliance Digital- Rrl Cdit Rewa Satna -T5SZ","Satna","Madhya Pradesh",20,"Balaji Digital World Godrej","Delhi","store_001109","UNMATCHED"
"Reliance Digital- Rrl Digital Vikrampuri Hydera -8768","Hyderabad","Telangana",20,"Croma-Secunderabad-New Vikrampuri","Hyderabad","store_000501","UNMATCHED"
"Reliance Digital- Rrl Cdit Court Road Saharanpur -TW3W","Saharanpur","Uttar Pradesh",20,"Croma-Varanasi-Airport Road Shivpur","Varanasi","store_000359","UNMATCHED"
"Reliance Digital- Rrl Cdit Puda Jalandhar -T597","Jalandhar","Punjab",20,"Balaji Digital World Godrej","Delhi","store_001109","UNMATCHED"
"Reliance Digital- Rrl Cdit- E Boring C -T1DR","Patna","Bihar",20,"Balaji Digital World Godrej","Delhi","store_001109","UNMATCHED"
"Reliance Digital- Gaddi Cmplx Gadag Ka -TK89","Gadag","Karnataka",20,"Balaji Digital World Godrej","Delhi","store_001109","UNMATCHED"
"Reliance Digital- Ts Unity Rohini Ncr -TC1L","Delhi","Delhi",20,"Balaji Digital World Godrej","Delhi","store_001109","UNMATCHED"
"Reliance Digital- Rrl Cdit Khammam Ap -8679","Khammam","Telangana",20,"Balaji Digital World Godrej","Delhi","store_001109","UNMATCHED"
"Reliance Digital- Rrl Cdit Lakhimpur K -T4WN","Lakhimpur","Assam",20,"Balaji Digital World Godrej","Delhi","store_001109","UNMATCHED"
"Reliance Digital- Rrl Cdit Ayushman Plaza -TW3V","Ahmedabad","Gujarat",20,"Croma-Greater Noida-Ansal Plaza Mall","Noida","store_000019","UNMATCHED"
"Reliance Digital- Rrl Cdit Tollichowki Hyd -TSD5","Hyderabad","Telangana",20,"Balaji Digital World Godrej","Delhi","store_001109","UNMATCHED"
"Reliance Digital- Rrl Cdit Gsrtc Ahemdabad -9176","Ahmedabad","Gujarat",20,"Balaji Digital World Godrej","Delhi","store_001109","UNMATCHED"
"Reliance Digital- Rrl Cdit Jr Mall Armoor -TCO2","Armoor","Andhra Pradesh",20,"Balaji Digital World Godrej","Delhi","store_001109","UNMATCHED"
"Reliance Digital- Rrl Cdit Sky City Ma -TD8J","Mumbai","Maharashtra",20,"Balaji Digital World Godrej","Delhi","store_001109","UNMATCHED"
"Reliance Digital- Raghabpur Purulia Wb -9185","Purulia","West Bengal",20,"Balaji Digital World Godrej","Delhi","store_001109","UNMATCHED"
"Reliance Digital- Rrl Cdit Garkheda Aurangabad -8693","Aurangabad","Bihar",20,"Balaji Digital World Godrej","Delhi","store_001109","UNMATCHED"
"Reliance Digital- Rrl Cdit Perumbakkam -T728","Chennai","Tamil Nadu",20,"Balaji Digital World Godrej","Delhi","store_001109","UNMATCHED"
"Reliance Digital- Rrl Cdit Chintamani -TB3N","Chikkaballapur","Karnataka",20,"Balaji Digital World Godrej","Delhi","store_001109","UNMATCHED"
"Reliance Digital- Rrl Cdit Kaithal Kur -T7PG","Kaithal","Haryana",20,"Balaji Digital World Godrej","Delhi","store_001109","UNMATCHED"
"Reliance Digital- Rrl Cdit Govind Marg Raja Park -TO34","Jaipur","Rajasthan",20,"Balaji Digital World Godrej","Delhi","store_001109","UNMATCHED"
"Reliance Digital- Rrl Cdit Malakpet Store -8815","Hyderabad","Telangana",20,"Balaji Digital World Godrej","Delhi","store_001109","UNMATCHED"
"Reliance Digital- Rrl Cdit Deshmukh C -T2UC","Aurangabad","Bihar",20,"Balaji Digital World Godrej","Delhi","store_001109","UNMATCHED"
"Reliance Digital- Rrl Cdit Hill Cart Road -TN63","Darjeeling","West Bengal",20,"Balaji Digital World Godrej","Delhi","store_001109","UNMATCHED"
"Reliance Digital- Rrl Cdit Karur Covai -T6VS","Karur","Tamil Nadu",20,"Balaji Digital World Godrej","Delhi","store_001109","UNMATCHED"
"Reliance Digital- Andrahalli Sunkadakatte Bangalore -T5PL","Bangalore","Karnataka",20,"Balaji Digital World Godrej","Delhi","store_001109","UNMATCHED"
"Reliance Digital- Rrl Cdit Kattur Trichy -TIY7","Trichy","Tamil Nadu",20,"Balaji Digital World Godrej","Delhi","store_001109","UNMATCHED"
"Reliance Digital- Rrl Cdit- Orbit Vapi -T53T","Vapi","Gujarat",20,"Balaji Digital World Godrej","Delhi","store_001109","UNMATCHED"
"Reliance Digital- Rrl Cdit Mall Of Faridabad -T5PA","Faridabad","Haryana",20,"Croma-Pune-Phoenix Mall Of The Millennium","Pune","store_000273","UNMATCHED"
"Reliance Digital- Rrl Cdit Guntur Road Ongole -6821","Ongole","Andhra Pradesh",20,"Balaji Digital World Godrej","Delhi","store_001109","UNMATCHED"
"Reliance Digital- Rrl Cdit Urbana Premium -TU65","Gurgaon","Haryana",20,"Balaji Digital World Godrej","Delhi","store_001109","UNMATCHED"
"Reliance Digital- Rrl Cdit Modern House Jaigaon -9649","Jaigaon","Maharashtra",20,"Balaji Digital World Godrej","Delhi","store_001109","UNMATCHED"
"Reliance Digital- Rrl Cdit Motikhavdi Jamnagar -8688","Jamnagar","Gujarat",20,"Balaji Digital World Godrej","Delhi","store_001109","UNMATCHED"
"Reliance Digital- Rrl Cdit Erandwane Pune -8974","Pune","Maharashtra",20,"Balaji Digital World Godrej","Delhi","store_001109","UNMATCHED"
"Value Plus -M/S Utsav Paints Store (Rasra)","Rasra","Uttar Pradesh",20,"SHREE SHYAM VARIETY STORE","Ranchi","store_002174","UNMATCHED"
"Haier - Value Plus Retail P Ltd Ghaziabad(H","Ghaziabad","Uttar Pradesh",20,"MAA AMBEY RETAIL PRIVATE LIMITED","Patna","store_002124","UNMATCHED"
"Saravana Stores Celebrity Private L","Chennai","Tamil Nadu",20,"KANPUR COOLING SERVICES PRIVATE LIM","Kanpur","store_001970","UNMATCHED"
"Value Plus -Agra(Sanjay Place Agra)","Agra","Uttar Pradesh",20,"Croma-Delhi-Connaught Place","Delhi","store_000386","UNMATCHED"
"Value Plus -M/S Shivam Mart (Bageshwar)","Bageshwar","Uttar Pradesh",20,"ALL MEGA MART","Kanpur","store_001953","UNMATCHED"
"Value Plus -M/S Hariyana Traders(Golghar)","Ghaziabad","Uttar Pradesh",20,"ASP - MS Arth Enterprises","Delhi","store_001339","UNMATCHED"
"Value Plus -M/S Smart Cooling Solutions (Arjunganj)","Ghaziabad","Uttar Pradesh",20,"ASP - Alliance Solutions","Delhi","store_001333","UNMATCHED"
"Value Plus -M/S Tara Mahendra Agencies (Bharatpur)","Ghaziabad","Uttar Pradesh",20,"SHARMA AGENCIES","Lucknow","store_000719","UNMATCHED"
"S.A.S Teleshop Pvt.Ltd","Ludhiana","Punjab",20,"ISHA ELECTROVISION PVT LTD","Gurugram","store_000798","UNMATCHED"
"Reliance Digital-Ayodha","Lucknow","Uttar Pradesh",20,"RANA DIGITAL","Howrah","store_001088","UNMATCHED"
"Sd Aircon Private Ltd-Indiranagar","Lucknow","Uttar Pradesh",20,"ANUCOOL AIRCON","Meerut","store_000078","UNMATCHED"
"Hitachi Home - Swipetrend Pvt Lmd-Danapur","Patna","Bihar",20,"ISHA ELECTROVISION PVT LTD","Gurugram","store_000798","UNMATCHED"
"Reliance Digital-Saguna","Patna","Bihar",20,"RANA DIGITAL","Howrah","store_001088","UNMATCHED"
"Reliance Digital-Kukatpally","Hyderabad","Telangana",20,"Croma-Hyderabad-Kukatpally","Hyderabad","store_000481","UNMATCHED"
"Myg Future","Ernakulam","Kerala",20,"JK Furniture","Panipat","store_002206","UNMATCHED"
"Reliance Digital-Panvel","Mumbai","Maharashtra",20,"RANA DIGITAL","Howrah","store_001088","UNMATCHED"
"Mool Chand Deena Nath","Jaipur","Rajasthan",20,"BAHADAR CHAND AND CO","Amritsar","store_000717","UNMATCHED"
"Vs - Marathalli","Bangalore","Karnataka",20,"VS-Ts(Warangal)","Warangal","store_000226","UNMATCHED"
"Reliance Digital- Rp Mall Kollam Kl -9557","Kollam","Kerala",20,"Balaji Digital World Godrej","Delhi","store_001109","UNMATCHED"
"Kore @ Krishnanagar | Gj","Ahmedabad","Gujarat",20,"VS-DELHI(KRISHNA NAGAR)","Delhi","store_000108","UNMATCHED"
"Top N Town","Varanasi","Uttar Pradesh",20,"VS-Delhi(Model Town Iii) Br","Delhi","store_000118","UNMATCHED"
"Photo King","Kolkata","West Bengal",20,"HOME LINE","Patna","store_002120","UNMATCHED"
"Panjagutta Hyderabad","Hyderabad","Telangana",20,"Croma-A474_Hyderabad","Hyderabad","store_000531","UNMATCHED"
"Electrokraft","Patna","Bihar",20,"ELECTRIC POINT","Ghaziabad","store_000058","UNMATCHED"
"Kore @ Baldev Plaza - Gorakhpur | Up","Gorakhpur","Uttar Pradesh",20,"VIDEO PLAZA","Kolkata","store_002032","UNMATCHED"
"Kore @ Subhashnagar | Dl","Delhi","Delhi",20,"VS-Ulhasnagar Br","Thane","store_000205","UNMATCHED"
"Hotspot- Delhi- New Lodhi","Delhi","Delhi",19,"THE SPICE HOTSPOT","Patna","store_000959","UNMATCHED"
"Hotspot- Haryana-Panchkula Sec-11","Panchkula","Haryana",19,"THE SPICE HOTSPOT","Patna","store_000959","UNMATCHED"
"Hotspot- Panjab - Muktsar Malout","Mukstar","Punjab",19,"THE SPICE HOTSPOT","Patna","store_000959","UNMATCHED"
"Hotspot- Delhi - New Shahadra","Delhi","Delhi",19,"Croma-Delhi-CBD Shahdara","Delhi","store_000421","UNMATCHED"
"Reliance Digital -Rrl Cdit Sp Marg Allahabad -8982","Allahabad","Uttar Pradesh",19,"Balaji Digital World Godrej","Delhi","store_001109","UNMATCHED"
"Reliance Digital -Rrl Cdit Sevoke Road Siliguri -8798","Siliguri","West Bengal",19,"Balaji Digital World Godrej","Delhi","store_001109","UNMATCHED"
"Reliance Digital- Rrl Cdit Tollygunge Store Ko -8953","Kolkata","West Bengal",19,"Balaji Digital World Godrej","Delhi","store_001109","UNMATCHED"
"Reliance Digital -Rrl Cdit E Mall Kolkata -TLY1","Kolkata","West Bengal",19,"Balaji Digital World Godrej","Delhi","store_001109","UNMATCHED"
"Reliance Digital -Rrl Cdit Ultadanga Crossing -TTZ7","Kolkata","West Bengal",19,"Balaji Digital World Godrej","Delhi","store_001109","UNMATCHED"
"Reliance Digital -Rrl Cdit Sector 29 Gurgaon -6744","Gurgaon","Haryana",19,"Balaji Digital World Godrej","Delhi","store_001109","UNMATCHED"
"Reliance Digital -Rrl Cdit  Ncs Square Adabai -TW2F","Guwahati","Assam",19,"Balaji Digital World Godrej","Delhi","store_001109","UNMATCHED"
"Reliance Digital -Rrl Cdit Ambience Delhi Store -8844","Delhi","Delhi",19,"Balaji Digital World Godrej","Delhi","store_001109","UNMATCHED"
"Reliance Digital -Rrl Cdit Kamanhalli Bangalore -8885","Bangalore","Karnataka",19,"Balaji Digital World Godrej","Delhi","store_001109","UNMATCHED"
"Reliance Digital -Rrl Cdit Mansarovar Plaza Jaip -8766","Jaipur","Rajasthan",19,"Croma-Greater Noida-Ansal Plaza Mall","Noida","store_000019","UNMATCHED"
"Reliance Digital -Rrl Cdit Sharath City Centre -TK86","Hyderabad","Telangana",19,"Croma-Hyderabad-Sarath City Mall","Hyderabad","store_000488","UNMATCHED"
"Reliance Digital -Rrl Cdit Orion Mall Panvel -9143","Mumbai","Maharashtra",19,"Balaji Digital World Godrej","Delhi","store_001109","UNMATCHED"
"Reliance Digital -Rrl Cdit Patia Main Rd -TX33","Bhubaneswar","Odisha",19,"VS-Pune(Dhankawadi-Satara Rd)","Pune","store_000149","UNMATCHED"
"Reliance Digital- Rrl Cdit Logix City Centre -9154","Noida","Uttar Pradesh",19,"Balaji Digital World Godrej","Delhi","store_001109","UNMATCHED"
"Reliance Digital -Rrl Cdit Madinaguda Hyderabad -8827","Hyderabad","Telangana",19,"Balaji Digital World Godrej","Delhi","store_001109","UNMATCHED"
"Reliance Digital -Rrl Cdit Attapur Hyderabad -8836","Hyderabad","Telangana",19,"Balaji Digital World Godrej","Delhi","store_001109","UNMATCHED"
"Reliance Digital- Rrl Cdit Brookefields Plaza -8941","Coimbatore","Tamil Nadu",19,"Croma-Jalpaiguri-Krishna Plaza","Jalpaiguri","store_000458","UNMATCHED"
"Reliance Digital -Rrl D Xpress Gaurav Tower Jaip -8722","Jaipur","Rajasthan",19,"Balaji Digital World Godrej","Delhi","store_001109","UNMATCHED"
"Reliance Digital- Rrl Cdit Mogappair Chennai St -8936","Chennai","Tamil Nadu",19,"Balaji Digital World Godrej","Delhi","store_001109","UNMATCHED"
"Reliance Digital- Rrl Cdit Phoenix Marketcity L -TCW6","Lucknow","Uttar Pradesh",19,"Balaji Digital World Godrej","Delhi","store_001109","UNMATCHED"
"Reliance Digital -Rrl Cdit Windsor Bangalore St -8886","Bangalore","Karnataka",19,"Balaji Digital World Godrej","Delhi","store_001109","UNMATCHED"
"Reliance Digital- Rrl Cdit Kanth Road Moradabad -T618","Moradabad","Uttar Pradesh",19,"Balaji Digital World Godrej","Delhi","store_001109","UNMATCHED"
"Reliance Digital- Rrl Cdit Curzon Residency Burd -8985","Burdwan","West Bengal",19,"Balaji Digital World Godrej","Delhi","store_001109","UNMATCHED"
"Reliance Digital -Rrl Cdit Solitaire Aundh Stor -8923","Pune","Maharashtra",19,"Balaji Digital World Godrej","Delhi","store_001109","UNMATCHED"
"Reliance Digital -Rrl Cdit Rt Nagar Bang -TSD4","Bangalore","Karnataka",19,"VS-Ahmedabad(Krishna Nagar) Br","Ahmedabad","store_000189","UNMATCHED"
"Reliance Digital -Rrl Cdit Siddaganga Math -9562","Bangalore","Karnataka",19,"Balaji Digital World Godrej","Delhi","store_001109","UNMATCHED"
"Reliance Digital- Rrl Cdit Banik Gariahat -3834","Kolkata","West Bengal",19,"Balaji Digital World Godrej","Delhi","store_001109","UNMATCHED"
"Reliance Digital -Rrl Cdit Cine Mall Ajmer -8703","Ajmer","Rajasthan",19,"Croma-Faridabad-Pacific Mall Sec 20","Faridabad","store_000446","UNMATCHED"
"Reliance Digital- Rrl Cdit Axiom Mall Dehradun -7575","Dehradun","Uttarakhand",19,"Balaji Digital World Godrej","Delhi","store_001109","UNMATCHED"
"Reliance Digital- Rrl Cdit Chinsurah Hooghly -TGE6","Kolkata","West Bengal",19,"Balaji Digital World Godrej","Delhi","store_001109","UNMATCHED"
"Reliance Digital -Rrl Cdit Chorda Bye Pass Jajp -TCC1","Jajpur","Odisha",19,"Balaji Digital World Godrej","Delhi","store_001109","UNMATCHED"
"Reliance Digital- Rrl Cdit Seawoods Grand Centra -TB88","Mumbai","Maharashtra",19,"Croma-Bhiwadi-Legend Centra Mall","Bhiwadi","store_000404","UNMATCHED"
"Reliance Digital- Rrl Cdit Shivam Road Hyderaba -8823","Hyderabad","Telangana",19,"Balaji Digital World Godrej","Delhi","store_001109","UNMATCHED"
"Reliance Digital- Parc Chembur Mumbai -3796","Mumbai","Maharashtra",19,"RANA DIGITAL","Howrah","store_001088","UNMATCHED"
"Reliance Digital- Rrl Cdit Katchehry Road Raebar -TEH1","Raebareli","Uttar Pradesh",19,"Balaji Digital World Godrej","Delhi","store_001109","UNMATCHED"
"Reliance Digital- Rrl Cdit Rr Nagar Bangalore -8745","Bangalore","Karnataka",19,"Balaji Digital World Godrej","Delhi","store_001109","UNMATCHED"
"Reliance Digital- Rrl Cdit Rabindra Avenue Mal -TCO0","Malda","West Bengal",19,"Balaji Digital World Godrej","Delhi","store_001109","UNMATCHED"
"Reliance Digital- Rrl Cdit Satyam Kolkata Store -8954","Kolkata","West Bengal",19,"Balaji Digital World Godrej","Delhi","store_001109","UNMATCHED"
"Reliance Digital- Rrl Cdit Ambience Mall Gurgao -8875","Gurgaon","Haryana",19,"Croma-Gurugram-Ambience Mall","Gurugram","store_000409","UNMATCHED"
"Reliance Digital- Rrl Cdit Marathalli Bangalore -8792","Bangalore","Karnataka",19,"Balaji Digital World Godrej","Delhi","store_001109","UNMATCHED"
"Reliance Digital- Rrl Digital Hastinapuram Hyde -8769","Hyderabad","Telangana",19,"Balaji Digital World Godrej","Delhi","store_001109","UNMATCHED"
"Reliance Digital- Rrl Cdit Forum Galleria Rourke -TN22","Raurkela","Uttar Pradesh",19,"Croma-Noida-iThum’s Galleria","Noida","store_000018","UNMATCHED"
"Reliance Digital- Rrl Cdit Season Mall Pune -TKR8","Pune","Maharashtra",19,"Balaji Digital World Godrej","Delhi","store_001109","UNMATCHED"
"Reliance Digital- Rrl Cdit Indiranagar Extn Sto -8898","Mysore","Karnataka",19,"Balaji Digital World Godrej","Delhi","store_001109","UNMATCHED"
"Reliance Digital- Rrl Cdit Lecturuers Colony N -TJI0","Nellore","Andhra Pradesh",19,"Balaji Digital World Godrej","Delhi","store_001109","UNMATCHED"
"Reliance Digital- Rrl Cdit Vr Mall Chennai -TC78","Chennai","Tamil Nadu",19,"Balaji Digital World Godrej","Delhi","store_001109","UNMATCHED"
"Reliance Digital- Rrl Cdit Hanumakonda Warangal -8736","Warangal","Telangana",19,"Balaji Digital World Godrej","Delhi","store_001109","UNMATCHED"
"Reliance Digital- Rrl D Xpress Anna Nagar Madura -8716","Madurai","Tamil Nadu",19,"VS-Ahmedabad(Krishna Nagar) Br","Ahmedabad","store_000189","UNMATCHED"
"Reliance Digital- Rrl Cdit Garvebhavipalya Hosu -TJI9","Bangalore","Karnataka",19,"Balaji Digital World Godrej","Delhi","store_001109","UNMATCHED"
"Reliance Digital- Rrl Cdit Near Chennai Silks -TN51","Chennai","Tamil Nadu",19,"Balaji Digital World Godrej","Delhi","store_001109","UNMATCHED"
"Reliance Digital- Rrl Cdit Avinashi Road Coimba -TQA7","Coimbatore","Tamil Nadu",19,"Croma-Tiruppur-Avinashi Road","Tiruppur","store_000615","UNMATCHED"
"Reliance Digital- Rrl Cdit Jayendra Ganj Gwalior -TOI4","Gwalior","Madhya Pradesh",19,"Balaji Digital World Godrej","Delhi","store_001109","UNMATCHED"
"Reliance Digital- Rrl Cdit Koramangala Bangalor -8882","Bangalore","Karnataka",19,"Balaji Digital World Godrej","Delhi","store_001109","UNMATCHED"
"Reliance Digital- Rrl Cdit Sahyog Alina Karelib -TBA6","Vadodara","Gujarat",19,"Balaji Digital World Godrej","Delhi","store_001109","UNMATCHED"
"Reliance Digital- Rrl Cdit Km Road Chickmagaluru -TTS2","Chickmangaluru","Karnataka",19,"Balaji Digital World Godrej","Delhi","store_001109","UNMATCHED"
"Reliance Digital- Rrl Cdit Nacharam Hyderabad -8961","Hyderabad","Telangana",19,"Balaji Digital World Godrej","Delhi","store_001109","UNMATCHED"
"Reliance Digital- Rrl Cdit City Centre Jodhp -8989","Jodhpur","Rajasthan",19,"Balaji Digital World Godrej","Delhi","store_001109","UNMATCHED"
"Reliance Digital- Rrl Cdit Mancotta Road Dibruga -TCR5","Dibrugarh","Assam",19,"Balaji Digital World Godrej","Delhi","store_001109","UNMATCHED"
"Reliance Digital- Rrl Cdit Hosur Road Bangalore -6835","Bangalore","Karnataka",19,"Balaji Digital World Godrej","Delhi","store_001109","UNMATCHED"
"Reliance Digital- Rrl Cdit Avenue Plaza Pimple -TEG6","Pune","Maharashtra",19,"Croma -Ichalkranjii-Fortune Plaza II","Ichalkranjii","store_001037","UNMATCHED"
"Reliance Digital- Rrl Cdit Sarbahal Road Jharsu -TLL0","Jharsuguda","Odisha",19,"Balaji Digital World Godrej","Delhi","store_001109","UNMATCHED"
"Reliance Digital- Pks Town Central, Noida Ncr -T3DA","Noida","Uttar Pradesh",19,"Balaji Digital World Godrej","Delhi","store_001109","UNMATCHED"
"Reliance Digital- Rrl Cdit Rupam Tower Kankerbag -TDJ0","Patna","Bihar",19,"Balaji Digital World Godrej","Delhi","store_001109","UNMATCHED"
"Reliance Digital- Rrl Cdit Tumkur Karnataka -8729","Tumkur","Karnataka",19,"Balaji Digital World Godrej","Delhi","store_001109","UNMATCHED"
"Reliance Digital- Rrl Cdit Arya Nagar Jwalapur -TSE5","Haridwar","Uttarakhand",19,"Croma-Indore-Vijay Nagar Square","Indore","store_000336","UNMATCHED"
"Reliance Digital- Rrl Cdit Asian Vaish -T752","Hyderabad","Telangana",19,"Balaji Digital World Godrej","Delhi","store_001109","UNMATCHED"
"Reliance Digital- Rrl Cdit Babunia Road Siwan -TX90","Siwan","Bihar",19,"Balaji Digital World Godrej","Delhi","store_001109","UNMATCHED"
"Reliance Digital- Rrl Cdit Mahmoorganj Varanasi -TDI8","Varanasi","Uttar Pradesh",19,"Balaji Digital World Godrej","Delhi","store_001109","UNMATCHED"
"Reliance Digital- Rrl Cdit The Rise Pratap Nagar -TCO1","Jaipur","Rajasthan",19,"Rakesh electronics(Patel Nagar)","Delhi","store_002187","UNMATCHED"
"Reliance Digital- Rrl Cdit Bunglow Road Kamla Na -TNE6","Delhi","Delhi",19,"Balaji Digital World Godrej","Delhi","store_001109","UNMATCHED"
"Reliance Digital- Rrl Cdit Mutyalareddypalle T -TLW7","Tirupati","Andhra Pradesh",19,"Balaji Digital World Godrej","Delhi","store_001109","UNMATCHED"
"Reliance Digital- Rrl Cdit Budhavarapupeta Kurn -6379","Kurnool","Andhra Pradesh",19,"Balaji Digital World Godrej","Delhi","store_001109","UNMATCHED"
"Reliance Digital- Rrl Cdit Prestige Feroze Banga -7686","Bangalore","Karnataka",19,"Balaji Digital World Godrej","Delhi","store_001109","UNMATCHED"
"Reliance Digital- Rrl Cdit Nexus 4 Nadiad -TLY3","Nadiad","Gujarat",19,"Balaji Digital World Godrej","Delhi","store_001109","UNMATCHED"
"Reliance Digital- Rrl Cdit Moosarambagh Dilsukh -TEZ7","Hyderabad","Telangana",19,"Balaji Digital World Godrej","Delhi","store_001109","UNMATCHED"
"Reliance Digital- Rrlcdit Adoni Kurnool Dist -9505","Kurnool","Andhra Pradesh",19,"Balaji Digital World Godrej","Delhi","store_001109","UNMATCHED"
"Reliance Digital- Rrl Cdit Crystal Mall Jamnagar -8669","Jamnagar","Gujarat",19,"Croma-Rajkot-Crystal Mall","Rajkot","store_000652","UNMATCHED"
"Reliance Digital- Rrl Cdit Chapaguri Road Bongai -TKI0","Bongaigaon","Assam",19,"Balaji Digital World Godrej","Delhi","store_001109","UNMATCHED"
"Reliance Digital- Rrl Cdit Laxmipuram Guntur -6440","Guntur","Andhra Pradesh",19,"Balaji Digital World Godrej","Delhi","store_001109","UNMATCHED"
"Reliance Digital- Rrl Cdit Ashok Pillar Chennai -8939","Chennai","Tamil Nadu",19,"Balaji Digital World Godrej","Delhi","store_001109","UNMATCHED"
"Reliance Digital- Rrl Cdit Bharatpur Rajasthan -9161","Bharatpur","Rajasthan",19,"Balaji Digital World Godrej","Delhi","store_001109","UNMATCHED"
"Reliance Digital- Rrl Cdit Imperial Sangamner -TW93","Sangamner","Maharashtra",19,"Balaji Digital World Godrej","Delhi","store_001109","UNMATCHED"
"Reliance Digital- Rrl Cdit Tagore Road Krishnnag -TGM2","Krishnanagar","West Bengal",19,"Balaji Digital World Godrej","Delhi","store_001109","UNMATCHED"
"Reliance Digital- Rrl Cdit 93 Avenue Pune -TIY8","Pune","Maharashtra",19,"Balaji Digital World Godrej","Delhi","store_001109","UNMATCHED"
"Reliance Digital- Rrl Cdit Jubilee Road Tadepal -TEG8","Hyderabad","Telangana",19,"Balaji Digital World Godrej","Delhi","store_001109","UNMATCHED"
"Reliance Digital- Rrl Cdit Vellore Road Thiruvan -TER9","Thiruvannamalai","Tamil Nadu",19,"Balaji Digital World Godrej","Delhi","store_001109","UNMATCHED"
"Reliance Digital- Rrl Cdit Centre One Talegaon -TJV6","Pune","Maharashtra",19,"Balaji Digital World Godrej","Delhi","store_001109","UNMATCHED"
"Reliance Digital- Rrl Cdit Alambagh Market Luckn -TOQ2","Lucknow","Uttar Pradesh",19,"Balaji Digital World Godrej","Delhi","store_001109","UNMATCHED"
"Reliance Digital- Rrl Cdit Bapunagar Ahmedabad -TFF3","Ahmedabad","Gujarat",19,"Balaji Digital World Godrej","Delhi","store_001109","UNMATCHED"
"Reliance Digital- Rrl Cdit Ramghat Road Aligarh -TW1Z","Aligarh","Uttar Pradesh",19,"Balaji Digital World Godrej","Delhi","store_001109","UNMATCHED"
"Reliance Digital- Rrl Cdit Chirala Town Guntur -TGE5","Guntur","Andhra Pradesh",19,"Balaji Digital World Godrej","Delhi","store_001109","UNMATCHED"
"Reliance Digital- Rrl Cdit Nagamani Tower Chitto -8695","Chitoor","Andhra Pradesh",19,"Balaji Digital World Godrej","Delhi","store_001109","UNMATCHED"
"Reliance Digital- Amtala Crossing, Westbengal -TCS7","Bangalore","Karnataka",19,"Balaji Digital World Godrej","Delhi","store_001109","UNMATCHED"
"Reliance Digital- Rrl Cdit Varachha Ma -TH0W","Surat","Gujarat",19,"Croma-Surat-Mota Varachha","Surat","store_000312","UNMATCHED"
"Reliance Digital- Rrl Cdit Pentagon Mall Haridwa -7784","Haridwar","Uttarakhand",19,"Balaji Digital World Godrej","Delhi","store_001109","UNMATCHED"
"Reliance Digital- Rrl Cdit Binaka Mall -T5AD","Jagdalpur","Chhattisgarh",19,"Croma-Ghazibad-Aditya Mall","Ghaziabad","store_000013","UNMATCHED"
"Reliance Digital- Rrl Cdit Sekkalai Road Karaiku -TVA7","Karaikudi","Tamil Nadu",19,"Balaji Digital World Godrej","Delhi","store_001109","UNMATCHED"
"Reliance Digital- Rrl Cdit Chennai Digital Store -8933","Chennai","Tamil Nadu",19,"BANSAL ELECTRONICS AND GENRAL STORE","Sonipat","store_000809","UNMATCHED"
"Reliance Digital- Rrl Cdit Venu Gopal Complex -T766","Hyderabad","Telangana",19,"Balaji Digital World Godrej","Delhi","store_001109","UNMATCHED"
"Reliance Digital- Ktj Nagar, Davanagere, Kn -T8RK","Davanagere","Karnataka",19,"Croma-Mahbubnagar-Rajendra Nagar","Mahbubnagar","store_000563","UNMATCHED"
"VS - Rajajinagar Bangalore","Bangalore","Karnataka",19,"VS-Gandhinagar(Sargasan)","Ahmedabad","store_000214","UNMATCHED"
"Value Plus -M/S Veetraag Trading Co. (Muzaffarnagar)","Ghaziabad","Uttar Pradesh",19,"MALIK TRADING CORPORATION","Jammu","store_001924","UNMATCHED"
"Value Plus -M/S Goyal Televisions (Jahangirabad)","Ghaziabad","Uttar Pradesh",19,"GOYAL ELECTRONICS","Delhi","store_000916","UNMATCHED"
"Value Plus -M/S E.T.N.Retails(Birpara)","Ghaziabad","Uttar Pradesh",19,"ASP - MS Arth Enterprises","Delhi","store_001339","UNMATCHED"
"Value Plus -M/S Bhm Commerce Pvt Ltd(Gangtok)","Ghaziabad","Uttar Pradesh",19,"KAMALIA SONS PVT. LTD","Ranchi","store_002160","UNMATCHED"
"As Engineering-Jankipuram","Lucknow","Uttar Pradesh",19,"YOUNG ENGINEERING REFRIGERATION","Kolkata","store_002033","UNMATCHED"
"Reliance Digital-Dawarka","Delhi","Delhi",19,"RANA DIGITAL","Howrah","store_001088","UNMATCHED"
"Reliance Digital-Kalikapur","Kolkata","West Bengal",19,"Croma-Kolkata-Kalikapur","Kolkata","store_000295","UNMATCHED"
"Suraj Business Pvt.Ltd","Gurgaon","Haryana",19,"KAMALIA SONS PVT. LTD","Ranchi","store_002160","UNMATCHED"
"Modern Sales-Sec-47","Chandigarh","Chandigarh",19,"SUPER SALES","Delhi","store_000871","UNMATCHED"
"Reliance Digital-Kolkata","Kolkata","West Bengal",19,"RANA DIGITAL","Howrah","store_001088","UNMATCHED"
"Trio Home Appliances-Old Passport Office","Ahmedabad","Gujarat",19,"THE HOME MAKERS","Bhubaneswar","store_001710","UNMATCHED"
"Reliance Digital-Maninagar","Ahmedabad","Gujarat",19,"Croma-Ahmedabad-Mani Nagar","Ahmedabad","store_000305","UNMATCHED"
"Reliance Digital-Nellore","Vijayawada","Andhra Pradesh",19,"RANA DIGITAL","Howrah","store_001088","UNMATCHED"
"Value Plus -Vns (Babatpur)","Varanasi","Uttar Pradesh",19,"ANIL ELECTRONICS BABARPUR","Delhi","store_000924","UNMATCHED"
"Reliance Digital- Rrl Cdit Vellayambalam -TQ71","Trivandrum","Tamil Nadu",19,"Balaji Digital World Godrej","Delhi","store_001109","UNMATCHED"
"Hotspot-New Delhi South Exte","Delhi","Delhi",19,"Croma-Delhi-SouthEx","Delhi","store_000381","UNMATCHED"
"Reliance Digital -Rrl Cdit  Tollygunge Store Ko -8953","Kolkata","West Bengal",19,"Balaji Digital World Godrej","Delhi","store_001109","UNMATCHED"
"Parikh Marketing-Dhanbad","Dhanbad","Jharkhand",19,"A.G MARKETING","Kanpur","store_001948","UNMATCHED"
"Gunjan Time (Santacruz)","Mumbai","Maharashtra",19,"PUNJAB T.V CENTRE","Ludhiana","store_002091","UNMATCHED"
"Aabans","Bhubaneswar","Odisha",18,"A B  SONS","Ranchi","store_002147","UNMATCHED"
"Sarat Emporium","Bhubaneswar","Odisha",18,"SMART ELCTRONICS","Noida","store_000035","UNMATCHED"
"Aparajita Infotech","Jaipur","Rajasthan",18,"LAXMI ENFRATECH","Ranchi","store_002164","UNMATCHED"
"Croma-Virar-Redbricks- A288","Mumbai","Maharashtra",18,"Croma-Vizag-Sripuram","Visakhapatnam","store_000559","UNMATCHED"
"Hotspot- Yusuf Sarai","Delhi","Delhi",18,"THE SPICE HOTSPOT","Patna","store_000959","UNMATCHED"
"Hotspot- Delhi - Devli Extn","Delhi","Delhi",18,"THE SPICE HOTSPOT","Patna","store_000959","UNMATCHED"
"Hotspot- Punjab - Peer Muchalla Mohali","Peer Muchalla","Punjab",18,"PUNJAB T.V CENTRE","Ludhiana","store_002091","UNMATCHED"
"Hotspot- Delhi-New Kalka Ji","Delhi","Delhi",18,"VS-Delhi(Dwarka) Br","Delhi","store_000140","UNMATCHED"
"Hotspot- Himachal Pradesh - Baddi","Baddi","Himachal Pradesh",18,"THE SPICE HOTSPOT","Patna","store_000959","UNMATCHED"
"Hotspot- Punjab - Ludhiana Mundian Kalan","Ludhiana","Punjab",18,"PUNJAB T.V CENTRE","Ludhiana","store_002091","UNMATCHED"
"Hotspot- Rajasthan-Jagatpura Jaipur","Jaipur","Rajasthan",18,"THE SPICE HOTSPOT","Patna","store_000959","UNMATCHED"
"Reliance Digital -Rrl Cdit Kharavela Nagar Bhub -8928","Bhubaneswar","Odisha",18,"VS-Ahmedabad(Krishna Nagar) Br","Ahmedabad","store_000189","UNMATCHED"
"Reliance Digital -Rrl Cdit Hampankatta Mangalor -8897","Mangalore","Karnataka",18,"Balaji Digital World Godrej","Delhi","store_001109","UNMATCHED"
"Reliance Digital -Rrl Cdit Orion Mall Brigade B -8892","Bangalore","Karnataka",18,"Balaji Digital World Godrej","Delhi","store_001109","UNMATCHED"
"Reliance Digital -Rrl Cdit Lake Mall Kolkata -8734","Kolkata","West Bengal",18,"Balaji Digital World Godrej","Delhi","store_001109","UNMATCHED"
"Reliance Digital -Rrl Cdit Century Corbel Banga -8887","Bangalore","Karnataka",18,"Balaji Digital World Godrej","Delhi","store_001109","UNMATCHED"
"Reliance Digital -Rrl Cdit Sandya Tower Ranchi -8757","Ranchi","Jharkhand",18,"Balaji Digital World Godrej","Delhi","store_001109","UNMATCHED"
"Reliance Digital -Rrl Cdit Crown Interiorz Mall -8689","Faridabad","Haryana",18,"Balaji Digital World Godrej","Delhi","store_001109","UNMATCHED"
"Reliance Digital -Rrl Cdit Suchitra Junction Kom -8661","Hyderabad","Telangana",18,"Croma-Perinthalmanna-Bypass Junction","Perinthalmanna","store_000611","UNMATCHED"
"Reliance Digital -Rrl Cdit Msr Elements Bangalo -8793","Bangalore","Karnataka",18,"Balaji Digital World Godrej","Delhi","store_001109","UNMATCHED"
"Reliance Digital -Rrl Cdit R City Ghatkopar Mum -8910","Mumbai","Maharashtra",18,"Balaji Digital World Godrej","Delhi","store_001109","UNMATCHED"
"Reliance Digital- Rrl Cdit Kilkattalai Chennai -8938","Chennai","Tamil Nadu",18,"Balaji Digital World Godrej","Delhi","store_001109","UNMATCHED"
"Reliance Digital- Rrl Cdit Phoenix Lucknow Stor -8948","Lucknow","Uttar Pradesh",18,"Balaji Digital World Godrej","Delhi","store_001109","UNMATCHED"
"Reliance Digital -Rrl Cdit Lawate Nagar Nasik -8916","Nashik","Maharashtra",18,"VS-Ahmedabad(Krishna Nagar) Br","Ahmedabad","store_000189","UNMATCHED"
"Reliance Digital -Rrl Cdit Westend Mall Yavatmal -TOH3","Yavatmal","Maharashtra",18,"Croma-Delhi-Rohini West Mall","Delhi","store_000420","UNMATCHED"
"Reliance Digital -Rrl Cdit Trilium Mall Nagpur -TB86","Nagpur","Maharashtra",18,"Balaji Digital World Godrej","Delhi","store_001109","UNMATCHED"
"Reliance Digital- Rrl Cdit Ideal Plaza Kolkata -8988","Kolkata","West Bengal",18,"Croma-Greater Noida-Ansal Plaza Mall","Noida","store_000019","UNMATCHED"
"Reliance Digital -Rrl Cdit Celebration Mall Udai -8701","Udaipur","Tripura",18,"Balaji Digital World Godrej","Delhi","store_001109","UNMATCHED"
"Reliance Digital -Rrl Cdit Kukatpally Hyderabad -8822","Hyderabad","Telangana",18,"Balaji Digital World Godrej","Delhi","store_001109","UNMATCHED"
"Reliance Digital -Rrl Cdit Asian Mall Gulbarga -8967","Gulbarga","Karnataka",18,"Croma-Greater Noida-Ansal Plaza Mall","Noida","store_000019","UNMATCHED"
"Reliance Digital -Rrl Cdit Madhuri Chandra Patna -8671","Patna","Bihar",18,"Balaji Digital World Godrej","Delhi","store_001109","UNMATCHED"
"Reliance Digital- Rrl Cdit Galaxy Mall Asansol -8952","Asansol","West Bengal",18,"Balaji Digital World Godrej","Delhi","store_001109","UNMATCHED"
"Reliance Digital -Rrl Cdit Prestige Shantiniket -TP73","Bangalore","Karnataka",18,"Balaji Digital World Godrej","Delhi","store_001109","UNMATCHED"
"Reliance Digital- Bb Pune Kothrud City Pride Mul -TSE1","Pune","Maharashtra",18,"Balaji Digital World Godrej","Delhi","store_001109","UNMATCHED"
"Reliance Digital- Rrl Cdit The Capital By Lake S -TWXI","Mumbai","Maharashtra",18,"S S DIGITAL ZONE","Kolkata","store_002023","UNMATCHED"
"Reliance Digital -Rrl Cdit Shewalkar Arcade Dhar -TOA2","Nagpur","Maharashtra",18,"Balaji Digital World Godrej","Delhi","store_001109","UNMATCHED"
"Reliance Digital- Rrl Cdit Omaxe Mall Greater No -TC82","Greater Noida","Uttar Pradesh",18,"VISHNU RADIO ELECTRONICS MALL & FURNITURE","Patna","store_002146","UNMATCHED"
"Reliance Digital- Rrl Cdit Shagun Insignia Ulwe -TEH3","Mumbai","Maharashtra",18,"Balaji Digital World Godrej","Delhi","store_001109","UNMATCHED"
"Reliance Digital- Rrl Cdit Times V Square Belapu -8464","Mumbai","Maharashtra",18,"Croma-Vadodara-Centre Square Mall","Vadodara","store_000667","UNMATCHED"
"Reliance Digital- Rrl Cdit Bb Road Devanhalli Ma -TXFZ","Devanhalli","Karnataka",18,"Balaji Digital World Godrej","Delhi","store_001109","UNMATCHED"
"Reliance Digital- Rrl Cdit Central Plaza Eluru -8673","Eluru","Andhra Pradesh",18,"Croma-Greater Noida-Ansal Plaza Mall","Noida","store_000019","UNMATCHED"
"Reliance Digital- Rrl Cdit Orion Omr Mall Bangal -TES0","Bangalore","Karnataka",18,"Balaji Digital World Godrej","Delhi","store_001109","UNMATCHED"
"Reliance Digital- Rrl Cdit Udayaravi Rd Kuvempu -TW2A","Mysore","Karnataka",18,"Balaji Digital World Godrej","Delhi","store_001109","UNMATCHED"
"Reliance Digital- Rrl Cdit Halwasiya Court Luck -8950","Lucknow","Uttar Pradesh",18,"Balaji Digital World Godrej","Delhi","store_001109","UNMATCHED"
"Reliance Digital- Rrl Cdit Sarajapur Road Bangal -TOD3","Bangalore","Karnataka",18,"Croma-Tarn Taran-Amritsar road","Amritsar","store_000440","UNMATCHED"
"Reliance Digital- Rrl Cdit Vaishali Nagarjaipur -T051","Jaipur","Rajasthan",18,"Balaji Digital World Godrej","Delhi","store_001109","UNMATCHED"
"Reliance Digital- Rrl Cdit Grand Malll Maripur M -TCI0","Muzzafarpur","Bihar",18,"Balaji Digital World Godrej","Delhi","store_001109","UNMATCHED"
"Reliance Digital- Rrl Cdit United Phoenix Mall -8944","Bareily","Uttar Pradesh",18,"Croma-Chandigarh-Elante Mall","Chandigarh","store_000254","UNMATCHED"
"Reliance Digital- Rrl Cdit Geetai Sankul Paud Ro -TDQ0","Pune","Maharashtra",18,"Balaji Digital World Godrej","Delhi","store_001109","UNMATCHED"
"Reliance Digital- Rrl Cdit Near Shashti Bridge J -TLL2","Jabalpur","Madhya Pradesh",18,"Balaji Digital World Godrej","Delhi","store_001109","UNMATCHED"
"Reliance Digital- Rrl Cdit Market City Kurla -8787","Mumbai","Maharashtra",18,"Balaji Digital World Godrej","Delhi","store_001109","UNMATCHED"
"Reliance Digital- Rrl D Xpress 8D Rcp Ghansoli -8635","Mumbai","Maharashtra",18,"Balaji Digital World Godrej","Delhi","store_001109","UNMATCHED"
"Reliance Digital- Rrl Cdit Dwarakanagar Visakhap -TX81","Visakhapatnam","Andhra Pradesh",18,"Balaji Digital World Godrej","Delhi","store_001109","UNMATCHED"
"Reliance Digital- Rrl Cdit Laxmi Puri Kolhapur -8970","Kolhapur","Maharashtra",18,"Balaji Digital World Godrej","Delhi","store_001109","UNMATCHED"
"Reliance Digital- Rrl Cdit Treasure Island Bhila -8726","Durg-Bhilainagar","Chhattisgarh",18,"Balaji Digital World Godrej","Delhi","store_001109","UNMATCHED"
"Reliance Digital- Rrl Cdit Lothiya Complex Nande -TI05","Nanded","Maharashtra",18,"Balaji Digital World Godrej","Delhi","store_001109","UNMATCHED"
"Reliance Digital- Rrl Cdit Alpha One Ahmedabad -8872","Ahmedabad","Gujarat",18,"Balaji Digital World Godrej","Delhi","store_001109","UNMATCHED"
"Reliance Digital- Rrl Cdit Shelar Park Khadapada -TED7","Mumbai","Maharashtra",18,"Balaji Digital World Godrej","Delhi","store_001109","UNMATCHED"
"Reliance Digital- Rrl Cdit Orion Business Park -8909","Mumbai","Maharashtra",18,"Balaji Digital World Godrej","Delhi","store_001109","UNMATCHED"
"Reliance Digital- Rrl Cdit Sangeeta Heights Amba -TEE0","Ambala","Haryana",18,"Balaji Digital World Godrej","Delhi","store_001109","UNMATCHED"
"Reliance Digital- Rrl Cdit Hotel Grace Pipli Roa -TLK6","Kurukshetra","Haryana",18,"Balaji Digital World Godrej","Delhi","store_001109","UNMATCHED"
"Reliance Digital- Rrl Cdit Western Express High -8905","Mumbai","Maharashtra",18,"Balaji Digital World Godrej","Delhi","store_001109","UNMATCHED"
"Reliance Digital- Rrl Cdit Sawan Life Style -TB84","Mumbai","Maharashtra",18,"Balaji Digital World Godrej","Delhi","store_001109","UNMATCHED"
"Reliance Digital- Rrl Cdit Old Bh Rd Nelamangala -TTS4","Bangalore","Karnataka",18,"Balaji Digital World Godrej","Delhi","store_001109","UNMATCHED"
"Reliance Digital- Rrl Cdit Lb Nagar Kothapet Hy -8834","Hyderabad","Telangana",18,"Balaji Digital World Godrej","Delhi","store_001109","UNMATCHED"
"Reliance Digital- Rrl Cdit Coastal Castle Bheem -8526","Bheemavaram","Andhra Pradesh",18,"Balaji Digital World Godrej","Delhi","store_001109","UNMATCHED"
"Reliance Digital- Rrl Cdit New Bel Road Bangalor -6401","Bangalore","Karnataka",18,"Balaji Digital World Godrej","Delhi","store_001109","UNMATCHED"
"Reliance Digital- Rrl Cdit Sfc Mall Sangli Sto -8927","Sangli","Maharashtra",18,"Balaji Digital World Godrej","Delhi","store_001109","UNMATCHED"
"Reliance Digital- Rrl Cdit Bawa Tanna Road Sone -TLK7","Sonepat","Haryana",18,"Croma-Nadiad-Uttarsanda Road","Nadiad","store_000682","UNMATCHED"
"Reliance Digital- Ril - Dlf Cyber Hub Gurugram -TF6C","Gurugram","Haryana",18,"Balaji Digital World Godrej","Delhi","store_001109","UNMATCHED"
"Reliance Digital- Rrl Cdit Saraf Complex Wardha -TOD2","Wardha","Maharashtra",18,"Croma-Rajahmundry-RTC Complex Road","Rajahmundry","store_000506","UNMATCHED"
"Reliance Digital- Rrl Cdit Pride Icon Hubli -TVA6","Hubli","Karnataka",18,"Balaji Digital World Godrej","Delhi","store_001109","UNMATCHED"
"Reliance Digital- Rrl Cdit Charbhuja Nagar Chitt -TDQ1","Chittogarh","Andhra Pradesh",18,"VS-Ahmedabad(Krishna Nagar) Br","Ahmedabad","store_000189","UNMATCHED"
"Reliance Digital- Rrl Cdit 1 635 Janakpuri New D -TEG7","Delhi","Delhi",18,"Croma -Delhi-Airport Terminal 1 D","Delhi","store_001065","UNMATCHED"
"Reliance Digital- Rrl Cdit Shreeji Arcade Surat -6361","Surat","Gujarat",18,"Balaji Digital World Godrej","Delhi","store_001109","UNMATCHED"
"Reliance Digital- Rrl Cdit Vanasthalipuram Hyder -8742","Hyderabad","Telangana",18,"Balaji Digital World Godrej","Delhi","store_001109","UNMATCHED"
"Reliance Digital- Rrl Cdit Vivekanandpuri Karimn -6917","Karimnagar","Telangana",18,"Balaji Digital World Godrej","Delhi","store_001109","UNMATCHED"
"Reliance Digital- Rrl Cdit Radharani Para Balang -TKI1","Balangir","Odisha",18,"Balaji Digital World Godrej","Delhi","store_001109","UNMATCHED"
"Reliance Digital- Rrl Cdit Lepl Centro Vijayawa -8840","Vijayawada","Andhra Pradesh",18,"Balaji Digital World Godrej","Delhi","store_001109","UNMATCHED"
"Reliance Digital- Rrl Cdit Maharaja Hall Mumbai -8908","Mumbai","Maharashtra",18,"Balaji Digital World Godrej","Delhi","store_001109","UNMATCHED"
"Reliance Digital- Rrl D Xpress Mylapore Chennai -8658","Chennai","Tamil Nadu",18,"Balaji Digital World Godrej","Delhi","store_001109","UNMATCHED"
"Reliance Digital- Rrl Cdit Acme Mall Mumbai -8687","Mumbai","Maharashtra",18,"Croma-Chandigarh-Elante Mall","Chandigarh","store_000254","UNMATCHED"
"Reliance Digital- Rrl Cdit Valasarawakkam Chenna -T050","Chennai","Tamil Nadu",18,"Balaji Digital World Godrej","Delhi","store_001109","UNMATCHED"
"Reliance Digital- Rrl Cdit Ot Road Inda Kharagpu -TKC2","Kharagpur","West Bengal",18,"Croma-Nadiad-Uttarsanda Road","Nadiad","store_000682","UNMATCHED"
"Reliance Digital- Rrl Cdit Jakotia Complex Waran -8674","Warangal","Telangana",18,"Balaji Digital World Godrej","Delhi","store_001109","UNMATCHED"
"Reliance Digital- Rrl Cdit Abhi Towers Tirupati -8690","Tirupati","Andhra Pradesh",18,"Balaji Digital World Godrej","Delhi","store_001109","UNMATCHED"
"Reliance Digital- Rrl Cdit Nisha Bafna Plaza Jal -TFI3","Aurangabad","Bihar",18,"Croma-Greater Noida-Ansal Plaza Mall","Noida","store_000019","UNMATCHED"
"Reliance Digital- Rrl Cdit Enikepadu Vijayawada -TDJ8","Vijayawada","Andhra Pradesh",18,"Balaji Digital World Godrej","Delhi","store_001109","UNMATCHED"
"Reliance Digital- Rrl Cdit H 1 Model Town 3 -TDI9","Delhi","Delhi",18,"Balaji Digital World Godrej","Delhi","store_001109","UNMATCHED"
"Reliance Digital- Rrl Digital R Mart Barnala Ro -8770","Bathinda","Punjab",18,"Balaji Digital World Godrej","Delhi","store_001109","UNMATCHED"
"Reliance Digital- Rrl Cdit Nizampura Road Vadoda -8873","Vadodara","Gujarat",18,"Croma -Dehradun-Rajpur Road","Dehradun","store_001009","UNMATCHED"
"Reliance Digital- Rrl Cdit Paras Prime Udaipur -TY11","Udaipur","Tripura",18,"Balaji Digital World Godrej","Delhi","store_001109","UNMATCHED"
"Reliance Digital- Rrl Cdit South Avenue Mall Jab -8683","Jabalpur","Madhya Pradesh",18,"Balaji Digital World Godrej","Delhi","store_001109","UNMATCHED"
"Reliance Digital- Rrl Cdit Kr Pali Putoor Road -TSE7","Chitoor","Andhra Pradesh",18,"Croma-Jamnagar-Lalpur Road","Jamnagar","store_000711","UNMATCHED"
"Reliance Digital- Rrl Cdit Hema Durga Mall Hyder -8731","Hyderabad","Telangana",18,"Balaji Digital World Godrej","Delhi","store_001109","UNMATCHED"
"Reliance Digital- Rrl Cdit Sarovar Land Mark Ka -TDG3","Ahmedabad","Gujarat",18,"Balaji Digital World Godrej","Delhi","store_001109","UNMATCHED"
"Reliance Digital- Rrl Cdit Market City Bangalor -8884","Bangalore","Karnataka",18,"Balaji Digital World Godrej","Delhi","store_001109","UNMATCHED"
"Reliance Digital- Rrl D Xpress Ramanthapur Hyde -8697","Hyderabad","Telangana",18,"Balaji Digital World Godrej","Delhi","store_001109","UNMATCHED"
"Reliance Digital- Bommasandra, Hosur Road, Bangalore Ka -TB9F","Bangalore","Karnataka",18,"Croma-Hosur-Bagalur Road","Hosur","store_000539","UNMATCHED"
"Ace Technomark","Ghaziabad","Uttar Pradesh",18,"BALAJI ELECTROMART","Delhi","store_000935","UNMATCHED"
"The Legend New Saravana Stores Bram","Chennai","Tamil Nadu",18,"THE HOME MAKERS","Bhubaneswar","store_001710","UNMATCHED"
"Value Plus -Gkp (Radhika Complex)","Gorakhpur","Uttar Pradesh",18,"RADHIKA ENTERPRISES","Patna","store_002136","UNMATCHED"
"Value Plus -M/S K-Mart (Dhanaura)","Ghaziabad","Uttar Pradesh",18,"ASP - MS Arth Enterprises","Delhi","store_001339","UNMATCHED"
"Value Plus -M/S Samriddhi (Kishanganj)","Ghaziabad","Uttar Pradesh",18,"ASP - MS Arth Enterprises","Delhi","store_001339","UNMATCHED"
"Reliance Digital-Gurugram","Gurgaon","Haryana",18,"RANA DIGITAL","Howrah","store_001088","UNMATCHED"
"Reliance Digital-Alambagh","Lucknow","Uttar Pradesh",18,"RANA DIGITAL","Howrah","store_001088","UNMATCHED"
"Reliance Digital-Gorakhpur","Lucknow","Uttar Pradesh",18,"RANA DIGITAL","Howrah","store_001088","UNMATCHED"
"Shristi Sales-Patna","Patna","Bihar",18,"ANKIT SALES","Ranchi","store_002149","UNMATCHED"
"Reliance Digital-Jayanagar","Bangalore","Karnataka",18,"Croma-Delhi-Malviya Nagar","Delhi","store_000396","UNMATCHED"
"Chandra Traders-Velachery","Chennai","Tamil Nadu",18,"CHAUDHARY TRADERS","Delhi","store_000943","UNMATCHED"
"Reliance Digital-Jamnagar","Ahmedabad","Gujarat",18,"RANA DIGITAL","Howrah","store_001088","UNMATCHED"
"Sarvana Store-Avadi","Chennai","Tamil Nadu",18,"HARYANA REDIOS","Ludhiana","store_002079","UNMATCHED"
"Reliance Digital-Gulbarga","Bangalore","Karnataka",18,"RANA DIGITAL","Howrah","store_001088","UNMATCHED"
"Reliance Digital-Namakkal","Coimbatore","Tamil Nadu",18,"RANA DIGITAL","Howrah","store_001088","UNMATCHED"
"Sony Mony","Mumbai","Maharashtra",18,"SKYTONE","Kolkata","store_002026","UNMATCHED"
"Reliance Digital-Jhotwara","Jaipur","Rajasthan",18,"RANA DIGITAL","Howrah","store_001088","UNMATCHED"
"Reliance Digital-Bengaluru","Bangalore","Karnataka",18,"RANA DIGITAL","Howrah","store_001088","UNMATCHED"
"Reliance Digital- Rrl D Xpress O Mall Kochi -8754","Kochi","Kerala",18,"Balaji Digital World Godrej","Delhi","store_001109","UNMATCHED"
"Reliance Digital- Rrl Cdit East Nadakkavu Kozhik -TGJ5","Calicut","Kerala",18,"Balaji Digital World Godrej","Delhi","store_001109","UNMATCHED"
"Kore @ New - Ranip | Gj","Ahmedabad","Gujarat",18,"NEW CITY AGENCY","Ranchi","store_002168","UNMATCHED"
"Kore @ Vikas Bazar - Mathura | Up","Mathura","Uttar Pradesh",18,"Croma-Kanpur-Awas Vikas","Kanpur","store_000289","UNMATCHED"
"Kore @ Krishnanagar - Mathura | Up","Mathura","Uttar Pradesh",18,"Croma-Krishnanagar-MM Ghosh Street","Krishnanagar","store_000461","UNMATCHED"
"Mathura (Dwarkapuri)","Agra","Uttar Pradesh",18,"Croma-Bhopal-Indrapuri","Bhopal","store_000366","UNMATCHED"
"Hotspot- Bihar-Dadan Handi","Patna","Bihar",17,"THE SPICE HOTSPOT","Patna","store_000959","UNMATCHED"
"Hotspot- Vasundhara Encl","Delhi","Delhi",17,"THE SPICE HOTSPOT","Patna","store_000959","UNMATCHED"
"Hotspot- Delhi - Mayurvuhar Ii","Delhi","Delhi",17,"Croma -Ichalkranjii-Fortune Plaza II","Ichalkranjii","store_001037","UNMATCHED"
"Hotspot- Bardhaman- Begunia","Bardhaman","West Bengal",17,"THE SPICE HOTSPOT","Patna","store_000959","UNMATCHED"
"Reliance Digital -Rrl Cdit Avni River Side Mall -8956","Kolkata","West Bengal",17,"Croma-Chandigarh-Elante Mall","Chandigarh","store_000254","UNMATCHED"
"Reliance Digital -Rrl Cdit Infiniti Malad Mumba -8912","Mumbai","Maharashtra",17,"Balaji Digital World Godrej","Delhi","store_001109","UNMATCHED"
"Reliance Digital -Rrl Cdit As Rao Speciality St -8959","Hyderabad","Telangana",17,"Balaji Digital World Godrej","Delhi","store_001109","UNMATCHED"
"Reliance Digital -Rrl Cdit Navi Mumbai Speciali -8917","Mumbai","Maharashtra",17,"Balaji Digital World Godrej","Delhi","store_001109","UNMATCHED"
"Reliance Digital -Rrl D Xpress Ashok Pillar Bang -8717","Bangalore","Karnataka",17,"Balaji Digital World Godrej","Delhi","store_001109","UNMATCHED"
"Reliance Digital -Rrl Cdit Indiranagar 100 Ft Ro -TML2","Bangalore","Karnataka",17,"Balaji Digital World Godrej","Delhi","store_001109","UNMATCHED"
"Reliance Digital -Rrl Cdit Vishaal De Mal Madur -8943","Madurai","Tamil Nadu",17,"Balaji Digital World Godrej","Delhi","store_001109","UNMATCHED"
"Reliance Digital -Rrl D Xpress V3S Mall Delhi -8633","Delhi","Delhi",17,"Balaji Digital World Godrej","Delhi","store_001109","UNMATCHED"
"Reliance Digital -Rrl D Xpress Sea Breeze Prabha -8636","Mumbai","Maharashtra",17,"Balaji Digital World Godrej","Delhi","store_001109","UNMATCHED"
"Reliance Digital -Rrl Cdit Marbaniang Hub Shill -8975","Shillong","Meghalaya",17,"Balaji Digital World Godrej","Delhi","store_001109","UNMATCHED"
"Reliance Digital -Rrl D Xpress Urban Oasis Mall -8738","Mysore","Karnataka",17,"Croma-Chandigarh-Elante Mall","Chandigarh","store_000254","UNMATCHED"
"Reliance Digital- Rrl Cdit Krishna Vatika Jalpa -TJV7","Jalpaiguri","West Bengal",17,"Balaji Digital World Godrej","Delhi","store_001109","UNMATCHED"
"Reliance Digital -Rrl Cdit Bull Temple Road Ban -8890","Bangalore","Karnataka",17,"Balaji Digital World Godrej","Delhi","store_001109","UNMATCHED"
"Reliance Digital -Rrl Cdit Ttmc Vijayanagar Bang -8684","Bangalore","Karnataka",17,"Balaji Digital World Godrej","Delhi","store_001109","UNMATCHED"
"Reliance Digital -Rrl Cdit Sparsh Plaza Pune St -8924","Pune","Maharashtra",17,"Balaji Digital World Godrej","Delhi","store_001109","UNMATCHED"
"Reliance Digital- Rrl Cdit Kilpauk Chennai Stor -8937","Chennai","Tamil Nadu",17,"Balaji Digital World Godrej","Delhi","store_001109","UNMATCHED"
"Reliance Digital- Rrl Cdit Pacific Nsp Pitampura -TXFW","Delhi","Delhi",17,"Balaji Digital World Godrej","Delhi","store_001109","UNMATCHED"
"Reliance Digital- Rrl Cdit Alpha One Mall Amrits -T591","Amritsar","Punjab",17,"Croma-Chandigarh-Elante Mall","Chandigarh","store_000254","UNMATCHED"
"Reliance Digital- Rrl Cdit Sonal Business Park G -TTZ9","Mumbai","Maharashtra",17,"Balaji Digital World Godrej","Delhi","store_001109","UNMATCHED"
"Reliance Digital- Rrl Cdit Beside Municipal Off -TY90","Kamareddy","Telangana",17,"Balaji Digital World Godrej","Delhi","store_001109","UNMATCHED"
"Reliance Digital- Rrl Cdit Mahagun Metro Mall G -8946","Ghaziabad","Uttar Pradesh",17,"Croma-Chandigarh-Elante Mall","Chandigarh","store_000254","UNMATCHED"
"Reliance Digital- Rrl Cdit Sec 9 Panchkula -8465","Panchkula","Haryana",17,"Balaji Digital World Godrej","Delhi","store_001109","UNMATCHED"
"Reliance Digital- Rrl D Xpress Drishti Mini Mall -8730","Bhopal","Madhya Pradesh",17,"Balaji Digital World Godrej","Delhi","store_001109","UNMATCHED"
"Reliance Digital- Rrl Cdit Barasat Mall Kolkata -8987","Kolkata","West Bengal",17,"Croma-Greater Noida-Ansal Plaza Mall","Noida","store_000019","UNMATCHED"
"Reliance Digital- Rrl Cdit Cross Point Mall Alw -8930","Alwar","Rajasthan",17,"Croma-Coimbatore-Prozone Mall","Coimbatore","store_000591","UNMATCHED"
"Reliance Digital- Rrl Cdit Reach Aria Mall Gurga -TIX4","Gurgaon","Haryana",17,"Croma-Bangalore-Bannerghatta Mall","Bengaluru","store_000495","UNMATCHED"
"Reliance Digital- Rrl Cdit Yst Mall Khammam -TY23","Khammam","Telangana",17,"Croma-Ghazibad-Aditya Mall","Ghaziabad","store_000013","UNMATCHED"
"Reliance Digital- Rrl Cdit Asian Sridevi Mall Ha -TM91","Warangal","Telangana",17,"Croma-Chandigarh-Elante Mall","Chandigarh","store_000254","UNMATCHED"
"Reliance Digital- Rrl Cdit Southern Park Mall Sa -TXFV","Delhi","Delhi",17,"Croma-Mumbai-Ghatkopar Mall","Mumbai","store_000638","UNMATCHED"
"Reliance Digital- Rrl Cdit In Cnc Advance Mills -T736","Ahmedabad","Gujarat",17,"Balaji Digital World Godrej","Delhi","store_001109","UNMATCHED"
"Reliance Digital- Rrl Cdit Gyan Babu Chowk Moti -TCN7","Motihari","Bihar",17,"Balaji Digital World Godrej","Delhi","store_001109","UNMATCHED"
"Reliance Digital- Bb Thane Kalyan Netivali Villa -TSE4","Mumbai","Maharashtra",17,"Digital Planet","Ranchi","store_002153","UNMATCHED"
"Reliance Digital- Rrl Cdit Himalaya Mall Bhavnag -8767","Bhavnagar","Gujarat",17,"Croma-Ghazibad-Aditya Mall","Ghaziabad","store_000013","UNMATCHED"
"Reliance Digital- Rrl Cdit D Victoria Mall Boriv -8971","Mumbai","Maharashtra",17,"Balaji Digital World Godrej","Delhi","store_001109","UNMATCHED"
"Value Plus -M/S Radhe Shyam Brajesh Kumar (Mau)","Varanasi","Uttar Pradesh",17,"SHREE SHYAM VARIETY STORE","Ranchi","store_002174","UNMATCHED"
"Value Plus -M/S Sri Balaji Mobiles (Shri Ram Tower)","Ghaziabad","Uttar Pradesh",17,"PRINCE MOBILES & ELECTRONICS","Kanpur","store_001986","UNMATCHED"
"Value Plus -M/S Mohsin Mobiles (Sambhal)","Ghaziabad","Uttar Pradesh",17,"ASP - MS Arth Enterprises","Delhi","store_001339","UNMATCHED"
"Vs - Padmavati","Pune","Maharashtra",17,"VS-Ts(Karmanghat)","Hyderabad","store_000096","UNMATCHED"
"Reliance Digital-Old Delhi Road-Sec-14","Gurgaon","Haryana",17,"Balaji Digital World Godrej","Delhi","store_001109","UNMATCHED"
"Value Plus -Vns (Azamgarh)","Varanasi","Uttar Pradesh",17,"VS-Delhi(Najafgarh)","Delhi","store_000182","UNMATCHED"
"Value Plus -Vns (Ramnagar)","Varanasi","Uttar Pradesh",17,"VS-DELHI(KRISHNA NAGAR)","Delhi","store_000108","UNMATCHED"
"Kore @ Kadi New | Gj","Ahmedabad","Gujarat",17,"NEW JINDAL ENTERPRISES","Ludhiana","store_002087","UNMATCHED"
"Kore @ Raipur Chakla | Gj","Ahmedabad","Gujarat",17,"Croma -Raipur-Bhatagaon","Raipur","store_001044","UNMATCHED"
"Kore @ Vikroli East - Mumbai | Mh","Mumbai","Maharashtra",17,"Croma-Mumbai-Borivali East M G Road","Mumbai","store_000671","UNMATCHED"
"Digi 1","Ghaziabad","Uttar Pradesh",17,"Croma -Delhi-Airport Terminal 1 D","Delhi","store_001065","UNMATCHED"
"Value Plus Retail","Jaipur","Rajasthan",17,"MAA AMBEY RETAIL PRIVATE LIMITED","Patna","store_002124","UNMATCHED"
"Lg Laminates","Lucknow","Uttar Pradesh",17,"LUXMI SALES","Delhi","store_000869","UNMATCHED"
"Kore @ Anand | Gj","Anand","Gujarat",17,"ANAND ELECTRONICS","Delhi","store_000895","UNMATCHED"
"Kore @ Bhavnagar | Gj","Bhavnagar","Gujarat",17,"VS-Ulhasnagar Br","Thane","store_000205","UNMATCHED"
"Kore @ Isanpur | Gj","Ahmedabad","Gujarat",17,"VS-Delhi(Janakpuri) Br","Delhi","store_000104","UNMATCHED"
"Kore @ Sutrapada | Gj","Gir Gadhada","Gujarat",17,"Croma-Surat-Adajan","Surat","store_000300","UNMATCHED"
"Kore @ Durg | Cg","Durg","Chhattisgarh",17,"SREE DURGA AC GALLERY","Kolkata","store_002028","UNMATCHED"
"Hotspot- Bihar - Pashchim Champaran Bettiah","West Champaran","Bihar",16,"THE SPICE HOTSPOT","Patna","store_000959","UNMATCHED"
"Hotspot- Uttar Pradesh - Muzaffarnagar","Muzaffarnagar","Uttar Pradesh",16,"THE SPICE HOTSPOT","Patna","store_000959","UNMATCHED"
"Reliance Digital -Rrl Cdit Axis Mall Kolkata St -8955","Kolkata","West Bengal",16,"Croma-Ghazibad-Aditya Mall","Ghaziabad","store_000013","UNMATCHED"
"Reliance Digital -Rrl D Xpress Viva City Thane M -8667","Mumbai","Maharashtra",16,"Balaji Digital World Godrej","Delhi","store_001109","UNMATCHED"
"Reliance Digital- Rrl D Xpress Park Mansion Kolk -8709","Kolkata","West Bengal",16,"Balaji Digital World Godrej","Delhi","store_001109","UNMATCHED"
"Reliance Digital- Rrl Cdit Ipcl Jvpd Juhu Mumbai -8972","Mumbai","Maharashtra",16,"Balaji Digital World Godrej","Delhi","store_001109","UNMATCHED"
"Reliance Digital- Rrl Cdit Forum Fizaa Mall Man -TDI4","Mangalore","Karnataka",16,"Croma-Ghazibad-Aditya Mall","Ghaziabad","store_000013","UNMATCHED"
"Reliance Digital- Gobra - Near To Great Eastern, Dankuni, Wb -T1BZ","Hooghly","West Bengal",16,"Balaji Digital World Godrej","Delhi","store_001109","UNMATCHED"
"Hitachi Home-Hitachi Air Shopee The Freezing Shop-","Ludhiana","Punjab",16,"THE SPICE HOTSPOT","Patna","store_000959","UNMATCHED"
"Reliance Digital-Bhbanesshwar","Bhubaneswar","Odisha",16,"RANA DIGITAL","Howrah","store_001088","UNMATCHED"
"Sony Mony-Niyamatpur","Kolkata","West Bengal",16,"Croma-Chennai-Ambattur","Chennai","store_000474","UNMATCHED"
"Pall & Co-Rohtak","Gurgaon","Haryana",16,"PAYAL ELECTRONICS","Kolkata","store_002017","UNMATCHED"
"Sardar Trading-Jalandhar","Ludhiana","Punjab",16,"BAHADAR CHAND AND CO","Amritsar","store_000717","UNMATCHED"
"Kore @ Laxminagar | Dl","Delhi","Delhi",16,"VS-Ahmedabad(Maninagar) Br","Ahmedabad","store_000107","UNMATCHED"
"Kore @ Jamnagar | Gj","Ahmedabad","Gujarat",16,"VS-Ulhasnagar Br","Thane","store_000205","UNMATCHED"
"Kore @ Palanpur | Gj","Ahmedabad","Gujarat",16,"VS-Belapur Br","Thane","store_000124","UNMATCHED"
"Kore @ Shastrinagar | Gj","Ahmedabad","Gujarat",16,"VS-Ts(Hastinapur)","Hyderabad","store_000141","UNMATCHED"
"Kore @ Vidhyanagar - Anand | Gj","Ahmedabad","Gujarat",16,"ANAND ELECTRONICS","Delhi","store_000895","UNMATCHED"
"Kore @ Govindnagar - Kanpur | Up","Kanpur","Uttar Pradesh",16,"KANPUR COOLING SERVICES PRIVATE LIM","Kanpur","store_001970","UNMATCHED"
"J.K.International-Durgapur","Durgapur","West Bengal",16,"VS-Delhi(Durgapuri)","Delhi","store_000131","UNMATCHED"
"Shop In Ebo","Baharampur","West Bengal",16,"VS-Ghodbunder Br","Thane","store_000085","UNMATCHED"
"Adeshwar Collection (Ghatkopar-W)","Mumbai","Maharashtra",16,"Rakesh Electronics (RK Puram)","Delhi","store_002197","UNMATCHED"
"Namaste Tradelink (Kalyan W)","Mumbai","Maharashtra",16,"VS-Goregaon (W) Br","Mumbai","store_000119","UNMATCHED"
"Kore @ Damnagar | Gj","Amreli","Gujarat",16,"VS-Ulhasnagar Br","Thane","store_000205","UNMATCHED"
"Kore @ Hisar | Hr","Hisar","Haryana",16,"VS-Delhi(Shahdara) Br","Delhi","store_000120","UNMATCHED"
"Kore @ Jhajjar | Hr","Jhajjar","Haryana",16,"VS-Delhi(Shahdara) Br","Delhi","store_000120","UNMATCHED"
"Kore @ Sonipat | Hr","Sonipat","Haryana",16,"KAMALIA SONS PVT. LTD","Ranchi","store_002160","UNMATCHED"
"Kore @ Veraval | Gj","Veraval","Gujarat",16,"Croma-Hyderabad-L B Nagar","Hyderabad","store_000525","UNMATCHED"
"Kore @ Bilaspur | Cg","Bilaspur","Chhattisgarh",16,"VS-Belapur Br","Thane","store_000124","UNMATCHED"
"Durlava","Bhubaneswar","Odisha",15,"SUROBANI","Kolkata","store_002030","UNMATCHED"
"Attari","Ghaziabad","Uttar Pradesh",15,"AIR CARE","Lucknow","store_000720","UNMATCHED"
"Hotspot- Bihar-Road 8 Kankarbagh","Patna","Bihar",15,"THE SPICE HOTSPOT","Patna","store_000959","UNMATCHED"
"Value Plus -Mathura (Dwarkapuri)","Mathur","Uttar Pradesh",15,"VS-Delhi(Durgapuri)","Delhi","store_000131","UNMATCHED"
"Value Plus -Lko (Mahanagar)","Lucknow","Uttar Pradesh",15,"VS-DELHI(KRISHNA NAGAR)","Delhi","store_000108","UNMATCHED"
"Value Plus -Vns (Durgakund)","Varanasi","Uttar Pradesh",15,"VS-Delhi(Durgapuri)","Delhi","store_000131","UNMATCHED"
"Value Plus -Vns(Nadesar)","Varanasi","Uttar Pradesh",15,"VS-Pune(Hadapsar)","Pune","store_000089","UNMATCHED"
"Value Plus -Vns (Mau)","Varanasi","Uttar Pradesh",15,"ASP - PAUL AND COMPANY","Kolkata","store_001363","UNMATCHED"
"Elektrokraft Jamsedpur (Sakchi)","Patna","Bihar",15,"Croma-Jamshedpur-Bistupur","Jamshedpur","store_000235","UNMATCHED"
"Reliance Digital-Sigra Varanasi","Lucknow","Uttar Pradesh",15,"RANA DIGITAL","Howrah","store_001088","UNMATCHED"
"Hitachi Studio - Aircon-Bathinda","Chandigarh","Chandigarh",15,"SHASHI RADIO CENTER","Patna","store_002141","UNMATCHED"
"Hitachi Brand Shop -Dharani","Hyderabad","Telangana",15,"HIMALAYAN SHOPPE","Kolkata","store_002006","UNMATCHED"
"Value Plus -Gkp (Kunraghat)","Gorakhpur","Uttar Pradesh",15,"VS-Delhi(Roop Nagar)","Delhi","store_000180","UNMATCHED"
"Value Plus Ho","Noida","Uttar Pradesh",15,"VS-Opera House Br","Mumbai","store_000101","UNMATCHED"
"Kore @ Naraina | Dl","Delhi","Delhi",15,"Croma -Ratnagiri-Arihant Mall","Ratnagiri","store_001052","UNMATCHED"
"Kore @ Bapunagar | Gj","Ahmedabad","Gujarat",15,"VS-Delhi(Lajpatnagar) Br","Delhi","store_000130","UNMATCHED"
"Kore @ Sardarnagar - Rajkot | Gj","Ahmedabad","Gujarat",15,"RYS Kanti Nagar Godrej","Delhi","store_001123","UNMATCHED"
"Sheetal Tarang","Indore","Madhya Pradesh",15,"SHREE JAI ELECTRONICS","Delhi","store_000922","UNMATCHED"
"Shankarlal Rameshchandra Panchal","Indore","Madhya Pradesh",15,"BAHADAR CHAND AND CO","Amritsar","store_000717","UNMATCHED"
"Nod (Crossing Republic)","Noida","Uttar Pradesh",15,"AIR COOLING CENTER","Patna","store_002108","UNMATCHED"
"Kore @ Ajwa - Vadodara | Gj","Vadodara","Gujarat",15,"Croma-Vadodara-Gotri","Vadodara","store_000697","UNMATCHED"
"Kore @ Burari | Dl","Delhi","Delhi",15,"VS-Delhi(Burari)","Delhi","store_000147","UNMATCHED"
"Kore @ Gohana Stand - Rohtak | Hr","Rohtak","Haryana",15,"Croma-Hassan-BM Road","Hassan","store_000560","UNMATCHED"
"Kore @ Haldarvas | Gj","Memdabad","Gujarat",15,"VS-Delhi(Daryaganj)","Delhi","store_000095","UNMATCHED"
"Kore @ Jasdan - Rajkot | Gj","Rajkot","Gujarat",15,"KANJANI MARKETING","Kanpur","store_001969","UNMATCHED"
"Kore @ Kamlanagar - Agra | Up","Agra","Uttar Pradesh",15,"Croma-Karimnagar-Jagtial Road","Karimnagar","store_000555","UNMATCHED"
"Kore @ Kusumi - Gorakhpur | Up","Gorakhpur","Uttar Pradesh",15,"Croma-Jabalpur-Gorakhpur Road","Jabalpur","store_000352","UNMATCHED"
"Kore @ Mahemadavad | Gj","Memdabad","Gujarat",15,"Croma-Ahmedabad-Gota","Ahmedabad","store_000332","UNMATCHED"
"Kore @ Naujheel - Mathura | Up","Mathura","Uttar Pradesh",15,"Croma-Palwal-Mathura Road","Palwal","store_000441","UNMATCHED"
"Kore @ Pethapur | Gj","Gandhinagar","Gujarat",15,"VS-Delhi(Pitampura) Br","Delhi","store_000168","UNMATCHED"
"Aryabhatta Doordarshan","Bhubaneswar","Odisha",14,"Croma-Pune-Datta Mandir Road","Pune","store_000267","UNMATCHED"
"Value Plus -Gkp (Golghar)","Gorakhpur","Uttar Pradesh",14,"VS-Palghar","Thane","store_000135","UNMATCHED"
"Value Plus -Lko (Abhyuday Tower)","Lucknow","Uttar Pradesh",14,"VS-Pune(Kothrud) Br","Pune","store_000091","UNMATCHED"
"Value Plus -Nod (Crossing Republic)","Ghaziabad","Uttar Pradesh",14,"ASP - COOLING POWER","Kolkata","store_001370","UNMATCHED"
"Value Plus -Meerut (Chipi Tank)","Ghaziabad","Uttar Pradesh",14,"ASP - PAUL AND COMPANY","Kolkata","store_001363","UNMATCHED"
"Value Plus -Lko (Sadar)","Lucknow","Uttar Pradesh",14,"VS-Delhi(Roop Nagar)","Delhi","store_000180","UNMATCHED"
"U.A Associates-Hajipur","Patna","Bihar",14,"VS-Ts(Attapur)","Hyderabad","store_000137","UNMATCHED"
"Hitachi Home-Gaya Musical Store-Gaya","Patna","Bihar",14,"Croma-Gaya-Jail Road","Gaya","store_000239","UNMATCHED"
"Hitachi Studio - Bahadurgarh","Gurgaon","Haryana",14,"kavita electronics Bawana Godrej","Delhi","store_001320","UNMATCHED"
"Value Plus -Vns (Kanchanpur, Chitaipur)","Varanasi","Uttar Pradesh",14,"Vasanth & Co KALLAKURICHI - 1512","Viluppuram","store_001610","UNMATCHED"
"Kore @ Kalol | Gj","Ahmedabad","Gujarat",14,"VS-Delhi(Karol Bagh) Br","Delhi","store_000112","UNMATCHED"
"Kore @ Rajmahal | Gj","Ahmedabad","Gujarat",14,"Croma-Delhi-Ramphal Chowk","Delhi","store_000398","UNMATCHED"
"Kore @ Koparkhairane - Mumbai | Mh","Mumbai","Maharashtra",14,"Croma-Navi Mumbai-Vashi","Mumbai","store_000650","UNMATCHED"
"Kore @ Koparkhairane - Shivneri | Mh","Mumbai","Maharashtra",14,"VS-Kharghar(Patel Heritage)","Thane","store_000187","UNMATCHED"
"Value Plus -Gkp (Gokhaknath)","Gorakhpur","Uttar Pradesh",14,"ASP - PAUL AND COMPANY","Kolkata","store_001363","UNMATCHED"
"Utsav","Kolkata","West Bengal",14,"GUPTA SALES","Ludhiana","store_002077","UNMATCHED"
"Jayesh Novelty","Mumbai","Maharashtra",14,"VS-Delhi(Narela)","Delhi","store_000175","UNMATCHED"
"Kore @ Barvada - Botad | Gj","Botad","Gujarat",14,"SHREE PARSVANATH ENTERPRISES","Jodhpur","store_001944","UNMATCHED"
"Kore @ Bhatiya | Gj","Jamnagar","Gujarat",14,"Croma-Delhi-Malviya Nagar","Delhi","store_000396","UNMATCHED"
"Kore @ Chirawa | Rj","Chirawa","Rajasthan",14,"VS-Delhi(Nawada)","Delhi","store_000162","UNMATCHED"
"Kore @ Chotila | Gj","Chotila","Gujarat",14,"Kirti Electroworld PBO Godrej","Gautam Buddha Nagar","store_001152","UNMATCHED"
"Kore @ Dhauli Piyau - Mathura | Up","Mathura","Uttar Pradesh",14,"VS-Delhi(Pitampura) Br","Delhi","store_000168","UNMATCHED"
"Kore @ Ganganagar - Meerut | Up","Meerut","Uttar Pradesh",14,"Croma-Gandhinagar-Sector 11","Gandhinagar","store_000677","UNMATCHED"
"Kore @ Hansi - Hisar | Hr","Hisar","Haryana",14,"VS-Delhi(Shahdara) Br","Delhi","store_000120","UNMATCHED"
"Kore @ Jam Khambhaliya | Gj","Jam Khambhadia","Gujarat",14,"Croma-Mohali-CP 67","Chandigarh","store_000251","UNMATCHED"
"Kore @ Jesar | Gj","Bhavnagar","Gujarat",14,"Kataria Sales Corp Godrej","Delhi","store_001170","UNMATCHED"
"Kore @ Jind | Hr","Haryana","Haryana",14,"HOME LINE","Patna","store_002120","UNMATCHED"
"Kore @ Julana -Jind | Hr","Jind","Haryana",14,"Croma -Bhubaneswar-Janpath Road","Bhubaneswar","store_001014","UNMATCHED"
"Kore @ Kodinar | Gj","Una","Gujarat",14,"Croma-Lucknow-Indra Nagar","Lucknow","store_000288","UNMATCHED"
"Kore @ Petlad | Gj","Anand","Gujarat",14,"Kirti Electroworld PBO Godrej","Gautam Buddha Nagar","store_001152","UNMATCHED"
"Kore @ Porbandar | Gj","Porbandar","Gujarat",14,"Croma-Porbandar-Jalaram Colony","Porbandar","store_000707","UNMATCHED"
"Kore @ Saiyan - Agra | Up","Agra","Uttar Pradesh",14,"ASP - Hamdan Aircon","Delhi","store_001355","UNMATCHED"
"Kore @ Sanand | Gj","Ahmedabad","Gujarat",14,"PREETAM SINGH AND SONS","Kanpur","store_001985","UNMATCHED"
"Kore @ Sevaliya | Gj","Kheda","Gujarat",14,"Croma-Delhi-Malviya Nagar","Delhi","store_000396","UNMATCHED"
"Kore @ Sihor | Gj","Bhavnagar","Gujarat",14,"Kataria Sales Corp Godrej","Delhi","store_001170","UNMATCHED"
"Kore @ Talod | Gj","Talod","Gujarat",14,"Kirti Electroworld PBO Godrej","Gautam Buddha Nagar","store_001152","UNMATCHED"
"Kore @ Vallabhipur | Gj","Bhavnagar","Gujarat",14,"Croma-Valsad-Dharampur Road","Valsad","store_000688","UNMATCHED"
"Kore @ Wadi Rangmahal - Vadodara | Gj","Vadodara","Gujarat",14,"RYS Kanti Nagar Godrej","Delhi","store_001123","UNMATCHED"
"Kore @ Waghodiya - Vadodara | Gj","Vadodara","Gujarat",14,"Croma-Vadodara-Atladara","Vadodara","store_000647","UNMATCHED"
"Kore @ Meham | Hr","Meham,Rohtak,Haryana","Haryana",14,"Croma -Guwahati ? Lokhara","Guwahati","store_001066","UNMATCHED"
"Kore @ Tosham | Hr","Tosham (Bhiwani)","Haryana",14,"VS-Delhi(Paschim Vihar)","Delhi","store_000125","UNMATCHED"
"Kore @ Chandmari - Varanasi | Up","Varanasi","Uttar Pradesh",14,"Croma-Varanasi-Sigra","Varanasi","store_000338","UNMATCHED"
"Kore @ Chandrikadevi - Lucknow | Up","Lucknow","Uttar Pradesh",14,"Croma-Chandigarh-Sector 22B","Chandigarh","store_000249","UNMATCHED"
"Kore @ Sankat Mochan - Varanasi | Up","Varansi","Uttar Pradesh",14,"Croma-Surat-Mota Varachha","Surat","store_000312","UNMATCHED"
"Kore @ Bhilai - Durg | Cg","Bhilai Durg","Chhattisgarh",14,"Croma -Bhilai-Supela","Bhilai","store_001028","UNMATCHED"
"Kore @ Old Bus Stand - Narnaund | Hr","Hisar","Haryana",14,"Croma -Kolhapur -Station Road","Kolhapur","store_001061","UNMATCHED"
"Value Plus -Lko (Gic, Bahraich)","Lucknow","Uttar Pradesh",13,"ASP - M S LEON AIRCON","Chennai","store_001412","UNMATCHED"
"Value Plus -Ddn (Kashipur)","Dehradun","Uttarakhand",13,"ANIL ELECTRONICS BABARPUR","Delhi","store_000924","UNMATCHED"
"Value Plus -Ddn (Rishikesh)","Dehradun","Uttarakhand",13,"LULU DIGITAL","North And Middle Andaman","store_001068","UNMATCHED"
"Value Plus -Gkp (Deoria)","Gorakhpur","Uttar Pradesh",13,"VS-VIJAY SALES (GREATER NOIDA)","Greater Noida","store_000001","UNMATCHED"
"Value Plus -Gkp (Nasirabad)","Gorakhpur","Uttar Pradesh",13,"VS-Pune(S Bapat Rd)","Pune","store_000083","UNMATCHED"
"Value Plus -Knp (Unnao)","Kanpur","Uttar Pradesh",13,"ASP - PAUL AND COMPANY","Kolkata","store_001363","UNMATCHED"
"Value Plus -Lko(Gic,Bahraich)","Lucknow","Uttar Pradesh",13,"LULU DIGITAL","North And Middle Andaman","store_001068","UNMATCHED"
"Value Plus -Lko (Aashiyana)","Lucknow","Uttar Pradesh",13,"VS-Pune(Kondhawa)","Pune","store_000110","UNMATCHED"
"Value Plus -Lko (Rai Bareilly)","Lucknow","Uttar Pradesh",13,"VS-Delhi(Rajouri Garden) Br","Delhi","store_000090","UNMATCHED"
"Value Plus -Vns (Maldia)","Varanasi","Uttar Pradesh",13,"VS-Delhi(Nawada)","Delhi","store_000162","UNMATCHED"
"Value Plus -Vns(Jaunpur)","Varanasi","Uttar Pradesh",13,"VS-VIJAY SALES (INDRAPURAM)","Ghaziabad","store_000005","UNMATCHED"
"Value Plus -Vns (Pandeypur)","Varanasi","Uttar Pradesh",13,"VS-Pune(Baner) Br","Pune","store_000111","UNMATCHED"
"Value Plus -Vns (Sunderpur)","Varanasi","Uttar Pradesh",13,"VS-Ghodbunder Br","Thane","store_000085","UNMATCHED"
"Value Plus -Vns (Ballia)","Varanasi","Uttar Pradesh",13,"LULU DIGITAL","North And Middle Andaman","store_001068","UNMATCHED"
"Value Plus -Gkp (Bashratpur)","Gorakhpur","Uttar Pradesh",13,"VS-Pune(S Bapat Rd)","Pune","store_000083","UNMATCHED"
"Value Plus -Gkp (Deoria Bhatwaliya Chauraha)","Gorakhpur","Uttar Pradesh",13,"Croma-Secunderabad-Nacharam","Hyderabad","store_000614","UNMATCHED"
"Kore @ Bopal | Gj","Ahmedabad","Gujarat",13,"Croma-Bhopal-DB Mall","Bhopal","store_000358","UNMATCHED"
"Kore @ Chandlodiya | Gj","Ahmedabad","Gujarat",13,"VS-Ts(Tolichowki- Aditya Ngr)","Hyderabad","store_000132","UNMATCHED"
"Kore @ Gadhada | Gj","Ahmedabad","Gujarat",13,"VS-Ahmedabad(Chandkheda Rd) Br","Ahmedabad","store_000161","UNMATCHED"
"Kore @ Rajula | Gj","Ahmedabad","Gujarat",13,"SHRI KRISHNA AGENCY","Patna","store_002143","UNMATCHED"
"Kore @ Usmanpura | Gj","Ahmedabad","Gujarat",13,"VS-Delhi(Shahdara) Br","Delhi","store_000120","UNMATCHED"
"Value Plus -Knp (Auriya)","Kanpur","Uttar Pradesh",13,"VS-VIJAY SALES (INDRAPURAM)","Ghaziabad","store_000005","UNMATCHED"
"Alfiya Mobilz - (Dharavi) (Nothing)","Mumbai","Maharashtra",13,"GOYAL MARKETING","Ludhiana","store_002075","UNMATCHED"
"Kore @ Una | Gj","Una","Gujarat",13,"VS-Goregaon (W) Br","Mumbai","store_000119","UNMATCHED"
"Kore @ Bhanvad | Gj","Dwarka","Gujarat",13,"SHREE SHYAM VARIETY STORE","Ranchi","store_002174","UNMATCHED"
"Kore @ Billari | Up","Muradabad","Uttar Pradesh",13,"SHREE BALAJI ENTERPRISES","Kanpur","store_001991","UNMATCHED"
"Kore @ Dhasa | Gj","Dhasa","Gujarat",13,"SREE DURGA AC GALLERY","Kolkata","store_002028","UNMATCHED"
"Kore @ Dhola | Gj","Bhavnagar","Gujarat",13,"SREE DURGA AC GALLERY","Kolkata","store_002028","UNMATCHED"
"Kore @ Dhoraji | Gj","Rajkot","Gujarat",13,"Globe Enterprises Godrej","Lucknow","store_001149","UNMATCHED"
"Kore @ Gariyadhar | Gj","Bhavnagar","Gujarat",13,"Croma-Bangalore-Basaveshwar Nagar","Bengaluru","store_000522","UNMATCHED"
"Kore @ Gir Gadhada | Gj","Gir Gadhada","Gujarat",13,"Vasanth & Co MARTHANDAM - (1312)","Kanyakumari","store_001625","UNMATCHED"
"Kore @ Kaalol | Gj","Kaalol","Gujarat",13,"Kataria Sales Corp Godrej","Delhi","store_001170","UNMATCHED"
"Kore @ Khergam | Gj","Navsari","Gujarat",13,"Globe Enterprises Godrej","Lucknow","store_001149","UNMATCHED"
"Kore @ Meghpar | Gj","Jamnagar","Gujarat",13,"Croma-Mumbai-Ghatkopar Mall","Mumbai","store_000638","UNMATCHED"
"Kore @ Moti Khavdi | Gj","Jamnagar","Gujarat",13,"WORLD VOICE RADIO","Delhi","store_000867","UNMATCHED"
"Kore @ Odhav | Gj","Ahmedabad","Gujarat",13,"VS-Ahmedabad(Odhav) Br","Ahmedabad","store_000195","UNMATCHED"
"Kore @ Palitana | Gj","Bhavnagar","Gujarat",13,"VS-Delhi(Patel Nagar) Br","Delhi","store_000151","UNMATCHED"
"Kore @ Prachi | Gj","Junagadh","Gujarat",13,"VS-Surat(Varachha) Br","Surat","store_000126","UNMATCHED"
"Kore @ Savarkundala | Gj","Amreli","Gujarat",13,"Croma-Varanasi-Sigra","Varanasi","store_000338","UNMATCHED"
"Kore @ Talaja | Gj","Bhavnagar","Gujarat",13,"Croma-Delhi-Lajpat Nagar","Delhi","store_000395","UNMATCHED"
"Kore @ Timbi | Gj","Amreli","Gujarat",13,"Globe Enterprises Godrej","Lucknow","store_001149","UNMATCHED"
"Kore @ Upleta | Gj","Rajkot","Gujarat",13,"Golden Electronics Godrej","Lucknow","store_001139","UNMATCHED"
"Kore @ Kirari | Dl","Delhi","Delhi",13,"Croma-Chennai-Grand Mall","Chennai","store_000572","UNMATCHED"
"Kore @ Geetacolony | Dl","Delhi","Delhi",13,"KIRTI ELECTROWORLD","Ghaziabad","store_000055","UNMATCHED"
"Kore @ Gohana - Sonipat | Hr","Sonipat","Haryana",13,"VS-Ghatkopar Br","Mumbai","store_000188","UNMATCHED"
"Kore @ Mirjamurad - Varanasi | Up","Varanasi","Uttar Pradesh",13,"Croma-Varanasi-Sigra","Varanasi","store_000338","UNMATCHED"
"Value Plus -Lko (Telibagh)","Lucknow","Uttar Pradesh",12,"Croma-Lucknow-Alambagh","Lucknow","store_000281","UNMATCHED"
"Value Plus -Gkp ( Gorakhnath)","Gorakhpur","Uttar Pradesh",12,"ASP - PAUL AND COMPANY","Kolkata","store_001363","UNMATCHED"
"Value Plus -Nod (Vasundhra)","Ghaziabad","Uttar Pradesh",12,"ARJUN AND SONS","Amritsar","store_000053","UNMATCHED"
"Genesis-Kolkata","Kolkata","West Bengal",12,"VS-Ts(Kompally)","Hyderabad","store_000143","UNMATCHED"
"KORE @ NIKOL - RASPAN | GJ","Ahmedabad","Gujarat",12,"UNIQUE TRADING","Ranchi","store_002176","UNMATCHED"
"Elmec","Noida","Uttar Pradesh",12,"KS TELECOM","Ludhiana","store_002082","UNMATCHED"
"Kore @ Botad | Gj","Botad","Gujarat",12,"Croma-Delhi-Uttam Nagar","Delhi","store_000380","UNMATCHED"
"Kore @ Gondal | Gj","Gondal","Gujarat",12,"Croma-Greater Noida-Ansal Plaza Mall","Noida","store_000019","UNMATCHED"
"Kore @ Hathras | Up","Agra","Uttar Pradesh",12,"VS-Opera House Br","Mumbai","store_000101","UNMATCHED"
"Kore @ Jam Jodhpur | Gj","Jamnagar","Gujarat",12,"VS-Opera House Br","Mumbai","store_000101","UNMATCHED"
"Kore @ Kumudvadi | Gj","Bhavnagar","Gujarat",12,"Croma-Ahmedabad-Mani Nagar","Ahmedabad","store_000305","UNMATCHED"
"Kore @ Mahuva | Gj","Bhavnagar","Gujarat",12,"Croma-Howrah-Avani Mall","Kolkata","store_000244","UNMATCHED"
"Kore @ Dadri | Up","Dadri","Uttar Pradesh",12,"VS-Ahmedabad(Rakhial) Br","Ahmedabad","store_000208","UNMATCHED"
"Value Plus -Lko Fzb(Ayodhya)","Lucknow","Uttar Pradesh",11,"VS-Pune(Kondhawa)","Pune","store_000110","UNMATCHED"
"Bea","Coimbatore","Tamil Nadu",10,"VS-Belapur Br","Thane","store_000124","UNMATCHED"