Store ID,Store Name,City,Latitude,Longitude,Google Maps Link
store_000022,AIR PAVILION,Greater Noida,28.5756227,77.4445198,"https://www.google.com/maps?q=28.5756227,77.4445198"
store_000024,SHYAM ELECTRICALS,Ghaziabad,28.677627,77.42597839999999,"https://www.google.com/maps?q=28.677627,77.42597839999999"
store_000026,BHASIN BROTHERS,Meerut,28.9929826,77.7056782,"https://www.google.com/maps?q=28.9929826,77.7056782"
store_000027,METRO ELECTRICALS,Meerut,29.0246378,77.68616800000001,"https://www.google.com/maps?q=29.0246378,77.68616800000001"
store_000030,SS ENTERPRISES,Noida,28.5376327,77.3866948,"https://www.google.com/maps?q=28.5376327,77.3866948"
store_000033,AARCO ELECTROLINKS,Amritsar,31.6339793,74.8722642,"https://www.google.com/maps?q=31.6339793,74.8722642"
store_000035,SMART ELCTRONICS,Noida,28.6069478,77.37971050000002,"https://www.google.com/maps?q=28.6069478,77.37971050000002"
store_000047,LAXMI ELECTRONICS,Ghaziabad,28.6461156,77.4173556,"https://www.google.com/maps?q=28.6461156,77.4173556"
store_000053,ARJUN AND SONS,Amritsar,31.6298509,74.8755779,"https://www.google.com/maps?q=31.6298509,74.8755779"
store_000054,M S DISTRIBUTORS,Ghaziabad,28.6886212,77.5485477,"https://www.google.com/maps?q=28.6886212,77.5485477"
store_000055,KIRTI ELECTROWORLD,Ghaziabad,28.5466416,77.5457083,"https://www.google.com/maps?q=28.5466416,77.5457083"
store_000058,ELECTRIC POINT,Ghaziabad,28.6676911,77.4275454,"https://www.google.com/maps?q=28.6676911,77.4275454"
store_000060,R.D.ELECTRONICS,Greater Noida,28.5127109,77.4772536,"https://www.google.com/maps?q=28.5127109,77.4772536"
store_000062,RAM ELECTRONICS,Meerut,28.9856958,77.6698464,"https://www.google.com/maps?q=28.9856958,77.6698464"
store_000063,AIRNET,Noida,28.6173478,77.3529964,"https://www.google.com/maps?q=28.6173478,77.3529964"
store_000066,ARORA ELECTRONICS,Amritsar,31.6280579,74.8748492,"https://www.google.com/maps?q=31.6280579,74.8748492"
store_000078,ANUCOOL AIRCON,Meerut,28.9717109,77.66911970000001,"https://www.google.com/maps?q=28.9717109,77.66911970000001"
store_000716,Inovana,Lucknow,26.8624272,81.0377083,"https://www.google.com/maps?q=26.8624272,81.0377083"
store_000717,BAHADAR CHAND AND CO,Amritsar,31.6297558,74.8759343,"https://www.google.com/maps?q=31.6297558,74.8759343"
store_000718,M/S MANAS ELECTRONICS,Lucknow,26.8732963,80.991919,"https://www.google.com/maps?q=26.8732963,80.991919"
store_000719,SHARMA AGENCIES,Lucknow,26.754603,80.8684705,"https://www.google.com/maps?q=26.754603,80.8684705"
store_000720,AIR CARE,Lucknow,26.852749,81.003061,"https://www.google.com/maps?q=26.852749,81.003061"
store_000721,BAL GIFT HOUSE,Amritsar,31.8598978,74.95389349999999,"https://www.google.com/maps?q=31.8598978,74.95389349999999"
store_000722,BHASIN ENTERPRISES,Amritsar,31.22061699999999,75.771121,"https://www.google.com/maps?q=31.22061699999999,75.771121"
store_000723,BOBBY ELECTRONICS,Amritsar,31.5401545,75.236896,"https://www.google.com/maps?q=31.5401545,75.236896"
store_000724,INITIATIVE DATA SYSTEMS,Lucknow,26.9018828,80.955153,"https://www.google.com/maps?q=26.9018828,80.955153"
store_000748,VISHAL TRADERS,Gorakhpur,26.7605482,83.3729754,"https://www.google.com/maps?q=26.7605482,83.3729754"
store_000749,GANPATI ELECTRO WORLD,Amritsar,31.2896284,75.6261461,"https://www.google.com/maps?q=31.2896284,75.6261461"
store_000750,New Sweeton Electronics,Nadia,23.0814809,88.52915589999999,"https://www.google.com/maps?q=23.0814809,88.52915589999999"
store_000751,GOEL ELECTRONICS,Amritsar,30.6668614,76.29277569999999,"https://www.google.com/maps?q=30.6668614,76.29277569999999"
store_000752,GUPTA ELECTRONICS,Amritsar,31.6288532,74.87671879999999,"https://www.google.com/maps?q=31.6288532,74.87671879999999"
store_000756,MALANCHA APPLIANCES,Kolkata,22.6601266,88.3835854,"https://www.google.com/maps?q=22.6601266,88.3835854"
store_000763,MY ELECTRONICS,Amritsar,31.62868739999999,74.87686939999999,"https://www.google.com/maps?q=31.62868739999999,74.87686939999999"
store_000765,KARUNAMOYEE COOLING CENTRE,Kolkata,22.4848437,88.34200129999999,"https://www.google.com/maps?q=22.4848437,88.34200129999999"
store_000791,DIXIT ENTERPRISE,Faridabad,28.3499664,77.32971049999999,"https://www.google.com/maps?q=28.3499664,77.32971049999999"
store_000792,MOHAN ELECTROVISION,Faridabad,28.3393018,77.3209201,"https://www.google.com/maps?q=28.3393018,77.3209201"
store_000794,MOHIT ELECTROVISION,Faridabad,28.3659648,77.2817195,"https://www.google.com/maps?q=28.3659648,77.2817195"
store_000795,AGGARWAL KIRYANA COMMUNICATION,Faridabad,28.3628369,77.28809609999999,"https://www.google.com/maps?q=28.3628369,77.28809609999999"
store_000797,FINE ELECTRONIC,Gurugram,28.3392731,77.3209049,"https://www.google.com/maps?q=28.3392731,77.3209049"
store_000798,ISHA ELECTROVISION PVT LTD,Gurugram,28.4632085,77.03045589999999,"https://www.google.com/maps?q=28.4632085,77.03045589999999"
store_000799,FINE ELECTRONICS,Faridabad,28.3392731,77.3209049,"https://www.google.com/maps?q=28.3392731,77.3209049"
store_000800,FINE ELECTRONICS,Faridabad,28.3392731,77.3209049,"https://www.google.com/maps?q=28.3392731,77.3209049"
store_000801,ARMAN TELECOM,Faridabad,28.34277,77.32617499999999,"https://www.google.com/maps?q=28.34277,77.32617499999999"
store_000809,BANSAL ELECTRONICS AND GENRAL STORE,Sonipat,28.9597173,77.099113,"https://www.google.com/maps?q=28.9597173,77.099113"
store_000819,GOELA ELECTRONICS,Karnal,29.3961864,76.96920159999999,"https://www.google.com/maps?q=29.3961864,76.96920159999999"
store_000832,VARDHMAN TELECOM,Sonipat,28.99639749999999,77.02743629999999,"https://www.google.com/maps?q=28.99639749999999,77.02743629999999"
store_000833,MADAN ELECTRONICS,Sonipat,28.980767,77.01361399999999,"https://www.google.com/maps?q=28.980767,77.01361399999999"
store_000837,MAHESH TRADING,Karnal,29.6921473,76.97487819999999,"https://www.google.com/maps?q=29.6921473,76.97487819999999"
store_000847,JAIN ENTERPRISES,Delhi,28.5103493,77.2323641,"https://www.google.com/maps?q=28.5103493,77.2323641"
store_000852,KUMAR ELECTRONICS,Delhi,28.6383709,77.0974669,"https://www.google.com/maps?q=28.6383709,77.0974669"
store_000853,AARUSH ENTERPRISES,Delhi,28.5428896,77.25239359999999,"https://www.google.com/maps?q=28.5428896,77.25239359999999"
store_000854,SLG ELECTRONICS,Delhi,28.642504,77.3601545,"https://www.google.com/maps?q=28.642504,77.3601545"
store_000855,SLG ELECTRONICS,Delhi,28.642504,77.3601545,"https://www.google.com/maps?q=28.642504,77.3601545"
store_000856,KUMAR ELECTRONICS INDIA ROHINI,Delhi,28.7118689,77.1158497,"https://www.google.com/maps?q=28.7118689,77.1158497"
store_000857,COOL BIRD ENGINEERS,Delhi,28.6998424,77.1417151,"https://www.google.com/maps?q=28.6998424,77.1417151"
store_000858,VARDHAAN INFRA SOLUTION,Delhi,28.7007529,77.12879939999999,"https://www.google.com/maps?q=28.7007529,77.12879939999999"
store_000861,CHAWLA REFRIGERATION LLP,Delhi,28.6681412,77.2815078,"https://www.google.com/maps?q=28.6681412,77.2815078"
store_000862,HARSH ELECTRONICS,Delhi,28.7746684,77.1738163,"https://www.google.com/maps?q=28.7746684,77.1738163"
store_000863,NEW BERCO ELECTRONICS,Delhi,28.6227575,77.0589959,"https://www.google.com/maps?q=28.6227575,77.0589959"
store_000864,BHARAT ELECTRONICS,Delhi,28.637556,77.05198899999999,"https://www.google.com/maps?q=28.637556,77.05198899999999"
store_000865,OM ELECTRONICS AND ELECTRICALS,Delhi,28.7206653,77.2771035,"https://www.google.com/maps?q=28.7206653,77.2771035"
store_000867,WORLD VOICE RADIO,Delhi,28.6471051,77.21780079999999,"https://www.google.com/maps?q=28.6471051,77.21780079999999"
store_000869,LUXMI SALES,Delhi,28.544561,77.29097229999999,"https://www.google.com/maps?q=28.544561,77.29097229999999"
store_000871,SUPER SALES,Delhi,28.6602,77.2705658,"https://www.google.com/maps?q=28.6602,77.2705658"
store_000872,WALIA ELECTRONICS,Amritsar,31.657623,74.877388,"https://www.google.com/maps?q=31.657623,74.877388"
store_000873,202 CRPF COBRA,Bhubaneswar,18.6972543,82.7926569,"https://www.google.com/maps?q=18.6972543,82.7926569"
store_000877,AEROVISION,Bhubaneswar,20.241241,85.76467099999999,"https://www.google.com/maps?q=20.241241,85.76467099999999"
store_000878,NEW PANKAJ ELECTRONICS,Delhi,28.6066018,77.29544039999999,"https://www.google.com/maps?q=28.6066018,77.29544039999999"
store_000879,PHONEX,Delhi,28.5382456,77.272198,"https://www.google.com/maps?q=28.5382456,77.272198"
store_000880,RAJ ELECTRONICS,Delhi,28.566285,77.1762548,"https://www.google.com/maps?q=28.566285,77.1762548"
store_000881,SUPER ELECTRONICS,Delhi,28.6393713,77.0822695,"https://www.google.com/maps?q=28.6393713,77.0822695"
store_000883,JAIN ENTERPRISES,Delhi,28.5103493,77.2323641,"https://www.google.com/maps?q=28.5103493,77.2323641"
store_000885,MTK ELECTRONIC,Delhi,28.6894466,77.28599129999999,"https://www.google.com/maps?q=28.6894466,77.28599129999999"
store_000886,ELECTRONIC POINT,Delhi,28.7272319,77.0509506,"https://www.google.com/maps?q=28.7272319,77.0509506"
store_000887,SHIVAM ENTERPRISES,Delhi,28.6736073,77.27358989999999,"https://www.google.com/maps?q=28.6736073,77.27358989999999"
store_000888,DABAS ELECTRONICS,Delhi,28.8010615,77.0351586,"https://www.google.com/maps?q=28.8010615,77.0351586"
store_000894,PRAGYA METRO ELECTRONICS,Delhi,28.6886554,77.2921449,"https://www.google.com/maps?q=28.6886554,77.2921449"
store_000895,ANAND ELECTRONICS,Delhi,28.5353212,77.2602816,"https://www.google.com/maps?q=28.5353212,77.2602816"
store_000896,MOBINEX INVERTORS,Delhi,28.7481319,77.1986107,"https://www.google.com/maps?q=28.7481319,77.1986107"
store_000897,MI ENTERPRISES,Delhi,28.6573568,77.2352329,"https://www.google.com/maps?q=28.6573568,77.2352329"
store_000900,RYS ENTERPRISES,Delhi,28.68926919999999,77.2950546,"https://www.google.com/maps?q=28.68926919999999,77.2950546"
store_000901,DEEPAK ELECTRONICS,Delhi,28.65326799999999,77.271717,"https://www.google.com/maps?q=28.65326799999999,77.271717"
store_000902,SUPERTEK ELECTRONICS,Delhi,28.599144,77.081538,"https://www.google.com/maps?q=28.599144,77.081538"
store_000904,RADHEY ENTERPRISES,Delhi,28.6110973,77.33452630000001,"https://www.google.com/maps?q=28.6110973,77.33452630000001"
store_000906,AMBIKA ELECTRONICS,Delhi,28.5481436,77.2533381,"https://www.google.com/maps?q=28.5481436,77.2533381"
store_000908,SHIV SHAKTI ELECTRONICS,Delhi,28.659112,77.23416399999999,"https://www.google.com/maps?q=28.659112,77.23416399999999"
store_000909,AMAN ELECTRONICS,Delhi,28.6268641,77.299801,"https://www.google.com/maps?q=28.6268641,77.299801"
store_000911,SYAL ELECTRONICS,Delhi,28.5882355,77.0810533,"https://www.google.com/maps?q=28.5882355,77.0810533"
store_000912,PAL SAHAB ENTERPRISES,Delhi,28.76931369999999,77.17871389999999,"https://www.google.com/maps?q=28.76931369999999,77.17871389999999"
store_000916,GOYAL ELECTRONICS,Delhi,28.6581944,77.2326004,"https://www.google.com/maps?q=28.6581944,77.2326004"
store_000917,ARCHIE DISTRIBUTOR,Bhubaneswar,20.2986747,85.82333589999999,"https://www.google.com/maps?q=20.2986747,85.82333589999999"
store_000919,KRISHNA ELECTRONICS,Delhi,28.6342727,77.3103766,"https://www.google.com/maps?q=28.6342727,77.3103766"
store_000920,ARCHIE ELECTRONICS,Bhubaneswar,20.4566052,85.8792927,"https://www.google.com/maps?q=20.4566052,85.8792927"
store_000922,SHREE JAI ELECTRONICS,Delhi,28.6836743,77.13464499999999,"https://www.google.com/maps?q=28.6836743,77.13464499999999"
store_000923,VINAYAK ELECTRONICS,Delhi,28.5743115,77.2272741,"https://www.google.com/maps?q=28.5743115,77.2272741"
store_000924,ANIL ELECTRONICS BABARPUR,Delhi,28.6898007,77.2851795,"https://www.google.com/maps?q=28.6898007,77.2851795"
store_000926,SHARMA ENTERPRISES,Delhi,28.7203684,77.2777867,"https://www.google.com/maps?q=28.7203684,77.2777867"
store_000927,KHANDELWAL COMMUNICATION,Delhi,28.6575228,77.11056169999999,"https://www.google.com/maps?q=28.6575228,77.11056169999999"
store_000928,MAYUR ELECTRONICS,Delhi,28.6094552,77.3099965,"https://www.google.com/maps?q=28.6094552,77.3099965"
store_000930,B.K. ELECTRONICS,Delhi,28.644943,77.10410999999999,"https://www.google.com/maps?q=28.644943,77.10410999999999"
store_000931,GARG ELECTRONICS,Delhi,28.5193392,77.2063927,"https://www.google.com/maps?q=28.5193392,77.2063927"
store_000932,GULATI ELECTRONICS,Delhi,28.5401501,77.2579093,"https://www.google.com/maps?q=28.5401501,77.2579093"
store_000935,BALAJI ELECTROMART,Delhi,28.6359623,77.3055631,"https://www.google.com/maps?q=28.6359623,77.3055631"
store_000936,RAZA ELECTRONICS,Delhi,28.7131276,77.27781759999999,"https://www.google.com/maps?q=28.7131276,77.27781759999999"
store_000939,NEELKANTH ELECTRONICS,Delhi,28.6634773,77.2584601,"https://www.google.com/maps?q=28.6634773,77.2584601"
store_000941,SM GADGET DEALS,Delhi,28.5938079,77.0957169,"https://www.google.com/maps?q=28.5938079,77.0957169"
store_000943,CHAUDHARY TRADERS,Delhi,28.6462669,77.1041755,"https://www.google.com/maps?q=28.6462669,77.1041755"
store_000944,MAHAJAN ELECTRONICS,Delhi,28.6510822,77.12503869999999,"https://www.google.com/maps?q=28.6510822,77.12503869999999"
store_000945,RPG ELECTRO,Delhi,28.558376,77.2070391,"https://www.google.com/maps?q=28.558376,77.2070391"
store_000946,BINAYAK ELECTRONICS,Bhubaneswar,20.476195,85.877073,"https://www.google.com/maps?q=20.476195,85.877073"
store_000947,Sanjay Electronics,Delhi,28.6467445,77.2839121,"https://www.google.com/maps?q=28.6467445,77.2839121"
store_000948,BIRAJA ELECTRICAL,Bhubaneswar,20.7677094,86.1535684,"https://www.google.com/maps?q=20.7677094,86.1535684"
store_000949,LADO ENTERPRISES,Patna,25.6363196,85.04922570000001,"https://www.google.com/maps?q=25.6363196,85.04922570000001"
store_000950,Sangeeta,Patna,25.6106848,85.1385743,"https://www.google.com/maps?q=25.6106848,85.1385743"
store_000951,SPH ENTERPRISES,Patna,25.5845013,85.0943508,"https://www.google.com/maps?q=25.5845013,85.0943508"
store_000952,BHARTI TELEVISION,Patna,25.6132819,85.1391714,"https://www.google.com/maps?q=25.6132819,85.1391714"
store_000953,VIMAL ELECTRIC,Patna,28.65785799999999,77.233974,"https://www.google.com/maps?q=28.65785799999999,77.233974"
store_000954,BISWANATH ENTERPRISES,Bhubaneswar,20.2504634,85.8396655,"https://www.google.com/maps?q=20.2504634,85.8396655"
store_000956,Ark Enterprise,Patna,25.6172659,85.0410016,"https://www.google.com/maps?q=25.6172659,85.0410016"
store_000957,BSDS DISTRIBUTORS,Bhubaneswar,20.4672583,85.89368160000001,"https://www.google.com/maps?q=20.4672583,85.89368160000001"
store_000960,CHAKRADHARI ELECTRONICS,Bhubaneswar,20.2568457,85.8334457,"https://www.google.com/maps?q=20.2568457,85.8334457"
store_000988,DURGASHREE ELECTRONICS,Bhubaneswar,20.4507376,85.8924852,"https://www.google.com/maps?q=20.4507376,85.8924852"
store_001080,UMA ENTERPRISE,Howrah,22.5933632,88.1535758,"https://www.google.com/maps?q=22.5933632,88.1535758"
store_001081,SALKIA RADIO,Howrah,22.6015103,88.3464631,"https://www.google.com/maps?q=22.6015103,88.3464631"
store_001083,PRINCE ELECTRONICS,Howrah,22.5681246,88.3241686,"https://www.google.com/maps?q=22.5681246,88.3241686"
store_001085,ROLTRONEX GALLERY,Howrah,22.6204331,88.348525,"https://www.google.com/maps?q=22.6204331,88.348525"
store_001087,MIRA TELECOM,Howrah,22.5630498,88.29357449999999,"https://www.google.com/maps?q=22.5630498,88.29357449999999"
store_001086,MATRI ELECTRONICS,Howrah,22.5855927,88.2347051,"https://www.google.com/maps?q=22.5855927,88.2347051"
store_001088,RANA DIGITAL,Howrah,22.592327,88.31470399999999,"https://www.google.com/maps?q=22.592327,88.31470399999999"
store_001068,LULU DIGITAL,North And Middle Andaman,11.6697254,92.7409014,"https://www.google.com/maps?q=11.6697254,92.7409014"
store_001077,MITTAL ELECTRONICS,Hooghly,22.725462,88.34619219999999,"https://www.google.com/maps?q=22.725462,88.34619219999999"
store_001078,PADMA ENTERPRISE,Hooghly,22.8160625,88.2265625,"https://www.google.com/maps?q=22.8160625,88.2265625"
store_001072,SS DIGITAL ZONE,Hooghly,22.9139737,88.3072875,"https://www.google.com/maps?q=22.9139737,88.3072875"
store_001076,GANGA ELECTRONICS,Hooghly,22.7480797,88.34844819999999,"https://www.google.com/maps?q=22.7480797,88.34844819999999"
store_001127,sangam electronics Godrej,Gurgaon,28.448108,77.0155545,"https://www.google.com/maps?q=28.448108,77.0155545"
store_001129,Glowfast Electronics Godrej,Ghaziabad,28.6858103,77.3442465,"https://www.google.com/maps?q=28.6858103,77.3442465"
store_001141,UNI Harisharan and Sons Godrej,Delhi,28.6797562,77.20006269999999,"https://www.google.com/maps?q=28.6797562,77.20006269999999"
store_001106,Denco electronics Godrej,Delhi,28.6993313,77.2049341,"https://www.google.com/maps?q=28.6993313,77.2049341"
store_001131,Rama Shoppee Godrej,Ghaziabad,28.6794049,77.36556139999999,"https://www.google.com/maps?q=28.6794049,77.36556139999999"
store_001133,Mix Mobile Godrej,Delhi,28.6361685,77.0414806,"https://www.google.com/maps?q=28.6361685,77.0414806"
store_001149,Globe Enterprises Godrej,Lucknow,26.8837105,80.9492746,"https://www.google.com/maps?q=26.8837105,80.9492746"
store_001109,Balaji Digital World Godrej,Delhi,28.6125737,77.0874121,"https://www.google.com/maps?q=28.6125737,77.0874121"
store_001110,Lassi Trading Dombivili Godrej,Thane,19.2184464,73.08539309999999,"https://www.google.com/maps?q=19.2184464,73.08539309999999"
store_001139,Golden Electronics Godrej,Lucknow,26.8711945,80.8996264,"https://www.google.com/maps?q=26.8711945,80.8996264"
store_001138,RYS Ent Durgapuri Godrej,Delhi,28.68926919999999,77.2950546,"https://www.google.com/maps?q=28.68926919999999,77.2950546"
store_001113,UNI PVR Disributors Budh Vihar Godrej,Delhi,28.4951427,77.3046767,"https://www.google.com/maps?q=28.4951427,77.3046767"
store_001116,Ambey Electronic and Electrical PBO Godrej,Gautam Buddha Nagar,28.4817088,77.4991642,"https://www.google.com/maps?q=28.4817088,77.4991642"
store_001123,RYS Kanti Nagar Godrej,Delhi,28.6713222,77.2803304,"https://www.google.com/maps?q=28.6713222,77.2803304"
store_001121,Kaushik Electronics and Furniture and Mobile House Godrej,Delhi,28.66554949999999,77.05878609999999,"https://www.google.com/maps?q=28.66554949999999,77.05878609999999"
store_001124,Cool Care Airconditioning Godrej,Delhi,28.6757161,77.1990734,"https://www.google.com/maps?q=28.6757161,77.1990734"
store_001152,Kirti Electroworld PBO Godrej,Gautam Buddha Nagar,28.5466416,77.5457083,"https://www.google.com/maps?q=28.5466416,77.5457083"
store_001161,Star Electronics Godrej,Delhi,28.5754207,77.2558299,"https://www.google.com/maps?q=28.5754207,77.2558299"
store_001193,Krishna Electronics Godrej,Delhi,28.6342727,77.3103766,"https://www.google.com/maps?q=28.6342727,77.3103766"
store_001186,Uni Electronics Narela Godrej,Delhi,28.8524805,77.08819179999999,"https://www.google.com/maps?q=28.8524805,77.08819179999999"
store_001188,Anisha TV Corner Godrej,Delhi,28.6466415,77.28372700000001,"https://www.google.com/maps?q=28.6466415,77.28372700000001"
store_001165,RakeshDabas Electronics Bawana Godrej,Delhi,28.8010615,77.0351586,"https://www.google.com/maps?q=28.8010615,77.0351586"
store_001170,Kataria Sales Corp Godrej,Delhi,28.6596335,77.26727389999999,"https://www.google.com/maps?q=28.6596335,77.26727389999999"
store_001208,Haryana TV Centre Godrej,Delhi,28.5702502,77.3218876,"https://www.google.com/maps?q=28.5702502,77.3218876"
store_001223,Hindustan Distributor Godrej,Delhi,28.6478138,77.2404416,"https://www.google.com/maps?q=28.6478138,77.2404416"
store_001221,Sahu Agency Godrej,Delhi,28.7692004,77.1732809,"https://www.google.com/maps?q=28.7692004,77.1732809"
store_001255,Lakshmi grace enterprises Godrej,Delhi,28.6688108,77.07234400000002,"https://www.google.com/maps?q=28.6688108,77.07234400000002"
store_001270,Khushi Electronics PBO Godrej,Gautam Buddha Nagar,28.5543782,77.34687219999999,"https://www.google.com/maps?q=28.5543782,77.34687219999999"
store_001271,Deepti Electronics Godrej,Delhi,28.6810015,77.3201177,"https://www.google.com/maps?q=28.6810015,77.3201177"
store_001333,ASP - Alliance Solutions,Delhi,28.5346981,77.2701683,"https://www.google.com/maps?q=28.5346981,77.2701683"
store_001332,ASP - Next Gen Services,Delhi,28.5197145,77.2010664,"https://www.google.com/maps?q=28.5197145,77.2010664"
store_001344,ASP - INFINITI SALES AND SERVICES,Delhi,28.6251543,77.3952225,"https://www.google.com/maps?q=28.6251543,77.3952225"
store_001346,ASP - Shaurya Aircon,Lucknow,26.7775307,80.9068276,"https://www.google.com/maps?q=26.7775307,80.9068276"
store_001345,ASP - E zone Services,Delhi,28.639124,77.2803491,"https://www.google.com/maps?q=28.639124,77.2803491"
store_001335,ASP - Handa Refrigeration,Delhi,28.6518683,77.12948759999999,"https://www.google.com/maps?q=28.6518683,77.12948759999999"
store_001348,ASP - smart service,Lucknow,26.8272152,80.9456699,"https://www.google.com/maps?q=26.8272152,80.9456699"
store_001336,ASP - Royal Refrigeration,Delhi,28.6397853,77.0849617,"https://www.google.com/maps?q=28.6397853,77.0849617"
store_001350,ASP - Roy Services,Kolkata,22.5634245,88.35197529999999,"https://www.google.com/maps?q=22.5634245,88.35197529999999"
store_001339,ASP - MS Arth Enterprises,Delhi,28.658237,77.2055022,"https://www.google.com/maps?q=28.658237,77.2055022"
store_001340,ASP - United Home Care,Delhi,28.5736376,77.2559832,"https://www.google.com/maps?q=28.5736376,77.2559832"
store_001341,ASP - MS ATHARVA SALES AND SERVICES,Pune,18.5896008,73.816901,"https://www.google.com/maps?q=18.5896008,73.816901"
store_001320,kavita electronics Bawana Godrej,Delhi,28.8010472,77.0348866,"https://www.google.com/maps?q=28.8010472,77.0348866"
store_001329,ASP - A S Services,Delhi,28.6242828,77.3092624,"https://www.google.com/maps?q=28.6242828,77.3092624"
store_001327,ASP - Blue Gagan Enterprises,Bhubaneswar,20.245423,85.8039817,"https://www.google.com/maps?q=20.245423,85.8039817"
store_001330,ASP - D K Enterprises,Delhi,28.511833,77.1777425,"https://www.google.com/maps?q=28.511833,77.1777425"
store_001328,ASP - Nanak Services,Delhi,28.6502091,77.20496849999999,"https://www.google.com/maps?q=28.6502091,77.20496849999999"
store_001353,ASP - M S RITA REFRIGERATION WORKS,Kolkata,22.606788,88.4325767,"https://www.google.com/maps?q=22.606788,88.4325767"
store_001354,ASP - M S SHREE SERVICES,Pune,18.497271,73.813467,"https://www.google.com/maps?q=18.497271,73.813467"
store_001359,ASP - S k enterprises,Delhi,28.6934588,77.099051,"https://www.google.com/maps?q=28.6934588,77.099051"
store_001360,ASP - ALPHA ENTERPRISES,Delhi,28.6690016,77.1686023,"https://www.google.com/maps?q=28.6690016,77.1686023"
store_001351,ASP - STAR SERVICE,Kolkata,22.5334529,88.3787021,"https://www.google.com/maps?q=22.5334529,88.3787021"
store_001355,ASP - Hamdan Aircon,Delhi,28.6433329,77.2294732,"https://www.google.com/maps?q=28.6433329,77.2294732"
store_001381,ASP - MAXXON,Bhubaneswar,20.2641043,85.76611969999999,"https://www.google.com/maps?q=20.2641043,85.76611969999999"
store_001386,ASP - M S VIVA SERVICES AND SOLUTIONS,Chennai,12.9296489,80.11508119999999,"https://www.google.com/maps?q=12.9296489,80.11508119999999"
store_001387,ASP - Isha Enterprises,Mumbai,19.1859174,72.85858879999999,"https://www.google.com/maps?q=19.1859174,72.85858879999999"
store_001362,ASP - HI TECH SERVICE,Kolkata,22.5480084,88.359741,"https://www.google.com/maps?q=22.5480084,88.359741"
store_001363,ASP - PAUL AND COMPANY,Kolkata,22.569184,88.36164199999999,"https://www.google.com/maps?q=22.569184,88.36164199999999"
store_001396,ASP - M S SMART SERVICES,Chennai,13.0379751,80.1794922,"https://www.google.com/maps?q=13.0379751,80.1794922"
store_001398,ASP - M S SHREE RAM ENGINEERING,Coimbatore,11.143453,76.9553458,"https://www.google.com/maps?q=11.143453,76.9553458"
store_001366,ASP - CNB ENTERPRISES,Delhi,28.7618276,77.14823070000001,"https://www.google.com/maps?q=28.7618276,77.14823070000001"
store_001393,ASP - DOLPHIN SERVICES,Mumbai,18.9134002,72.820754,"https://www.google.com/maps?q=18.9134002,72.820754"
store_001367,ASP - SMART REFRIGERATION,Kolkata,22.5188614,88.37814519999999,"https://www.google.com/maps?q=22.5188614,88.37814519999999"
store_001392,ASP - M S ELITE SERVICES,Chennai,12.9310682,80.2049353,"https://www.google.com/maps?q=12.9310682,80.2049353"
store_001369,ASP - M S S R INNOVATION,Lucknow,26.9052048,80.9647499,"https://www.google.com/maps?q=26.9052048,80.9647499"
store_001370,ASP - COOLING POWER,Kolkata,22.476926,88.381699,"https://www.google.com/maps?q=22.476926,88.381699"
store_001379,ASP - M S IDEAL,Cochin,18.9378983,72.8356467,"https://www.google.com/maps?q=18.9378983,72.8356467"
store_001372,ASP - M S creative cool,Lucknow,26.8494896,80.95039229999999,"https://www.google.com/maps?q=26.8494896,80.95039229999999"
store_001378,ASP - JJ ASSOCIATES,Cochin,9.9110756,76.2787917,"https://www.google.com/maps?q=9.9110756,76.2787917"
store_001375,ASP - M S RACHANA ELECTRIC AND REFRIGERATION,Kolkata,22.7172437,88.3855444,"https://www.google.com/maps?q=22.7172437,88.3855444"
store_001376,ASP - MS PHOENIX ENTERPRISES,Pune,18.4616546,73.8074615,"https://www.google.com/maps?q=18.4616546,73.8074615"
store_001371,ASP - SAI AIR COOL,Delhi,28.5213304,77.1687998,"https://www.google.com/maps?q=28.5213304,77.1687998"
store_001374,ASP - M S E BUG INDIA PRIVATE LIMITED,Lucknow,26.8466937,80.94616599999999,"https://www.google.com/maps?q=26.8466937,80.94616599999999"
store_001404,ASP - M S ICEBERG SERVICES,Chennai,13.0359496,80.2689307,"https://www.google.com/maps?q=13.0359496,80.2689307"
store_001409,ASP - M S MIDAS SERVICES,Chennai,12.9908133,80.1977295,"https://www.google.com/maps?q=12.9908133,80.1977295"
store_001443,ASP - MARIA REFRIGERATION,Bangalore,12.9169007,77.60149419999999,"https://www.google.com/maps?q=12.9169007,77.60149419999999"
store_001442,ASP - SHIVASHAKTHI ENTERPRISES,Bangalore,13.0640068,77.717636,"https://www.google.com/maps?q=13.0640068,77.717636"
store_001444,ASP - M S SIVASENTHURAN ENGINEERING,Coimbatore,11.0557445,76.9855192,"https://www.google.com/maps?q=11.0557445,76.9855192"
store_001408,ASP - MS ICON ENTERPRISES,Pune,18.5527158,73.88206989999999,"https://www.google.com/maps?q=18.5527158,73.88206989999999"
store_001411,ASP - Shiv Enterprises,Faridabad,28.4003828,77.28993679999999,"https://www.google.com/maps?q=28.4003828,77.28993679999999"
store_001412,ASP - M S LEON AIRCON,Chennai,12.8926565,80.1828967,"https://www.google.com/maps?q=12.8926565,80.1828967"
store_001450,ASP - M S RAGHUVANSHI ENTERPRISES,Mumbai,18.9922779,72.82419639999999,"https://www.google.com/maps?q=18.9922779,72.82419639999999"
store_001436,ASP - RDV GROUP,Bangalore,12.9281413,77.573512,"https://www.google.com/maps?q=12.9281413,77.573512"
store_001439,ASP - SGR REFRIGERATION,Bangalore,12.9917611,77.7120954,"https://www.google.com/maps?q=12.9917611,77.7120954"
store_001440,ASP - M S KASOTIYA SERVICES CENTER,Faridabad,28.4864579,77.3050032,"https://www.google.com/maps?q=28.4864579,77.3050032"
store_001415,ASP - Servotex Service,Ghaziabad,28.6771063,77.3758667,"https://www.google.com/maps?q=28.6771063,77.3758667"
store_001413,ASP - Perfect Service And Spare,Faridabad,28.3444037,77.32986720000001,"https://www.google.com/maps?q=28.3444037,77.32986720000001"
store_001477,ASP - M S SRI AYYAPPA ENTERPRISES,Chennai,13.0551039,80.15761359999999,"https://www.google.com/maps?q=13.0551039,80.15761359999999"
store_001454,ASP - TRADE MAX REFRRGEATION,Lucknow,26.8797078,80.974111,"https://www.google.com/maps?q=26.8797078,80.974111"
store_001452,ASP - DIO ENTERPRISES,Bangalore,12.9976116,77.6174783,"https://www.google.com/maps?q=12.9976116,77.6174783"
store_001489,ASP - RELIABLE SERVICE CENTER,Ghaziabad,28.6355577,77.3493402,"https://www.google.com/maps?q=28.6355577,77.3493402"
store_001476,ASP - CLASSIC AIRCONDITIONING,Bangalore,12.9681661,77.6541276,"https://www.google.com/maps?q=12.9681661,77.6541276"
store_001509,ASP - M S NIGEL ENGINEERING,Coimbatore,11.048876,76.948491,"https://www.google.com/maps?q=11.048876,76.948491"
store_001536,ASP - Shree Enterprises,Mumbai,19.1060625,72.8478125,"https://www.google.com/maps?q=19.1060625,72.8478125"
store_001517,ASP - vanisha cooltech System,Bhubaneswar,20.3542145,85.8265087,"https://www.google.com/maps?q=20.3542145,85.8265087"
store_001516,ASP - KOOLTECH REFRIGERTION,Mumbai,19.0805961,72.8886082,"https://www.google.com/maps?q=19.0805961,72.8886082"
store_001551,ASP - M S GREENCITY AIRCON,Chennai,13.0481098,77.57730769999999,"https://www.google.com/maps?q=13.0481098,77.57730769999999"
store_001555,ASP - M S THREE STAR SERVICE,Cochin,9.9580944,76.28955599999999,"https://www.google.com/maps?q=9.9580944,76.28955599999999"
store_001583,ASP - M S HOME CARE SERVICE,Cochin,9.9686155,76.3152472,"https://www.google.com/maps?q=9.9686155,76.3152472"
store_001562,ASP - VP VENTURES,Mumbai,19.1869658,72.9706047,"https://www.google.com/maps?q=19.1869658,72.9706047"
store_001598,ASP - Shree Krupa,Mumbai,19.2288724,72.8621818,"https://www.google.com/maps?q=19.2288724,72.8621818"
store_001567,ASP - Lakshay Enterprise,Delhi,28.6945288,77.2588924,"https://www.google.com/maps?q=28.6945288,77.2588924"
store_001568,ASP - POWER COOL ENGINEERING WORKS,Pune,18.5083216,73.8753208,"https://www.google.com/maps?q=18.5083216,73.8753208"
store_001645,INDIRA ENTERPRISERS,Bhubaneswar,20.2602968,85.78771669999999,"https://www.google.com/maps?q=20.2602968,85.78771669999999"
store_001666,MAMATA ELECTRICAL AND ELECTRONICS,Bhubaneswar,20.3792427,85.8266689,"https://www.google.com/maps?q=20.3792427,85.8266689"
store_001667,MOBILE MANIA,Bhubaneswar,20.2044125,85.8497266,"https://www.google.com/maps?q=20.2044125,85.8497266"
store_001710,THE HOME MAKERS,Bhubaneswar,20.2800645,85.76524270000002,"https://www.google.com/maps?q=20.2800645,85.76524270000002"
store_001778,DARBAR TRADERS,Delhi,28.5930746,77.1212906,"https://www.google.com/maps?q=28.5930746,77.1212906"
store_001793,OM ELECTRONICS,Delhi,28.7206653,77.2771035,"https://www.google.com/maps?q=28.7206653,77.2771035"
store_001794,PANDIT JI MOBILE CARE,Delhi,28.7331774,77.2706068,"https://www.google.com/maps?q=28.7331774,77.2706068"
store_001798,SAREENS ELECTRONICS,Delhi,28.663539,77.19689199999999,"https://www.google.com/maps?q=28.663539,77.19689199999999"
store_001782,HINDUSTAN DISTRIBUTORS,Delhi,28.6895487,77.29663939999999,"https://www.google.com/maps?q=28.6895487,77.29663939999999"
store_001784,KHATTAR ELECTRONICS,Delhi,28.8459748,77.0894902,"https://www.google.com/maps?q=28.8459748,77.0894902"
store_001785,KUMRA ENGINEERING,Delhi,28.5850649,77.0699987,"https://www.google.com/maps?q=28.5850649,77.0699987"
store_001788,MALIK CYCLE,Delhi,28.5844625,77.2176185,"https://www.google.com/maps?q=28.5844625,77.2176185"
store_001790,MOVIE ELECTRONICS,Delhi,28.6585958,77.2357749,"https://www.google.com/maps?q=28.6585958,77.2357749"
store_001776,BASANT COMMUNICATION,Delhi,28.5664002,77.176073,"https://www.google.com/maps?q=28.5664002,77.176073"
store_001806,VERMA ELECTRONICS,Delhi,28.6488875,77.1628666,"https://www.google.com/maps?q=28.6488875,77.1628666"
store_001805,VARDHMAN ELECTRONIC,Delhi,28.71743279999999,77.1745395,"https://www.google.com/maps?q=28.71743279999999,77.1745395"
store_001891,NAVEEN ELECTRONICS,Delhi,28.7052651,77.1898394,"https://www.google.com/maps?q=28.7052651,77.1898394"
store_001948,A.G MARKETING,Kanpur,26.4722063,80.322163,"https://www.google.com/maps?q=26.4722063,80.322163"
store_001953,ALL MEGA MART,Kanpur,26.4984228,80.2518746,"https://www.google.com/maps?q=26.4984228,80.2518746"
store_001955,BANKE BIHARI AGENCIES,Kanpur,26.4360743,80.30151780000001,"https://www.google.com/maps?q=26.4360743,80.30151780000001"
store_001981,NEW JEET ELECTRONICS,Kanpur,26.4673371,80.31458669999999,"https://www.google.com/maps?q=26.4673371,80.31458669999999"
store_001978,MISHRA ELECTRICALS,Kanpur,26.4940511,80.2471138,"https://www.google.com/maps?q=26.4940511,80.2471138"
store_001970,KANPUR COOLING SERVICES PRIVATE LIM,Kanpur,26.4472178,80.31133390000001,"https://www.google.com/maps?q=26.4472178,80.31133390000001"
store_001965,INDIA SUPPLY CORPN,Kanpur,26.4693073,80.3593046,"https://www.google.com/maps?q=26.4693073,80.3593046"
store_002034,ABHISHEK ELECTRONICS,Lucknow,26.7707585,80.87859859999999,"https://www.google.com/maps?q=26.7707585,80.87859859999999"
store_002050,POOJA ELECTRONICS,Lucknow,26.7915049,80.92474179999999,"https://www.google.com/maps?q=26.7915049,80.92474179999999"
store_002056,SATISH ELECTRONICS,Lucknow,26.872727,80.890545,"https://www.google.com/maps?q=26.872727,80.890545"
store_002101,BINDRA RADIOS,Noida,28.9954666,77.7045193,"https://www.google.com/maps?q=28.9954666,77.7045193"
store_002103,HARISH WATCH ELECTRONICS,Noida,28.553601,77.55388099999999,"https://www.google.com/maps?q=28.553601,77.55388099999999"
store_002190,Rakesh Electronics (Uttam Nagar) Godrej,Delhi,28.6225876,77.0586921,"https://www.google.com/maps?q=28.6225876,77.0586921"
store_002191,Rakesh Electronics-M2K Godrej,Delhi,28.634009,77.145285,"https://www.google.com/maps?q=28.634009,77.145285"
store_002193,Rakesh Electronics-Ashok Vihar Godrej,Delhi,28.6927756,77.1743314,"https://www.google.com/maps?q=28.6927756,77.1743314"
store_002197,Rakesh Electronics (RK Puram) Godrej,Delhi,28.5666606,77.17578019999999,"https://www.google.com/maps?q=28.5666606,77.17578019999999"
store_002196,Rakesh Electronics-Rohini Sec-17 Godrej,Delhi,28.7411144,77.1192464,"https://www.google.com/maps?q=28.7411144,77.1192464"
store_002198,Rakesh Electronics (Kanti Nagar) Godrej,Delhi,28.671587,77.2802839,"https://www.google.com/maps?q=28.671587,77.2802839"
store_002186,Rakesh Electronics (Budh Vihar) Godrej,Delhi,28.70382639999999,77.08765269999999,"https://www.google.com/maps?q=28.70382639999999,77.08765269999999"
store_002187,Rakesh electronics(Patel Nagar) Godrej,Delhi,28.6507275,77.1593573,"https://www.google.com/maps?q=28.6507275,77.1593573"
store_002188,Rakesh Electronics (Kanti Nagar) Godrej,Delhi,28.671587,77.2802839,"https://www.google.com/maps?q=28.671587,77.2802839"
store_002202,Sadana Electric Store,Lucknow,26.8414172,80.9268653,"https://www.google.com/maps?q=26.8414172,80.9268653"
store_002203,Uni Prakash Trading,Delhi,28.6781216,77.1890552,"https://www.google.com/maps?q=28.6781216,77.1890552"
store_002205,New Ganapati Electronic,Panipat,29.396246,76.96917210000001,"https://www.google.com/maps?q=29.396246,76.96917210000001"
store_002207,Rakesh Electronics ( Narela ) Godrej,Delhi,28.8565566,77.08877199999999,"https://www.google.com/maps?q=28.8565566,77.08877199999999"
store_002209,Sangam Electronics,Delhi,28.8503457,77.08752179999999,"https://www.google.com/maps?q=28.8503457,77.08752179999999"
store_002210,Shadab Electronics,Lucknow,26.9045196,80.933403,"https://www.google.com/maps?q=26.9045196,80.933403"
store_002214,Mahajan Electronics,Delhi,28.6510822,77.12503869999999,"https://www.google.com/maps?q=28.6510822,77.12503869999999"
store_002215,Atlantic,Delhi,28.5448625,77.30930239999999,"https://www.google.com/maps?q=28.5448625,77.30930239999999"
store_002216,Vardhman Light and Sound Ent Godrej,Delhi,28.6895749,77.2984846,"https://www.google.com/maps?q=28.6895749,77.2984846"
store_002241,NANDAJI ELECTRICALS ELECTRONICS Godrej,Delhi,28.5689741,77.22335939999999,"https://www.google.com/maps?q=28.5689741,77.22335939999999"
store_002220,AGGARWAL ELECTRONICS,Delhi,28.6576397,77.2354624,"https://www.google.com/maps?q=28.6576397,77.2354624"
store_002219,NEW PANKAJ ELECTRONICS Godrej,Delhi,28.6108196,77.3351301,"https://www.google.com/maps?q=28.6108196,77.3351301"
store_002243,KPSK ENTERPRISES Godrej,Delhi,28.5468619,77.2751031,"https://www.google.com/maps?q=28.5468619,77.2751031"
store_002244,MANCHANDA ELECTRICAL WORKS Godrej,Delhi,28.65491369999999,77.2765958,"https://www.google.com/maps?q=28.65491369999999,77.2765958"
store_002231,V N Agencies Godrej,Delhi,28.6232349,77.0606679,"https://www.google.com/maps?q=28.6232349,77.0606679"
store_002222,Anugrah Electronic and Appliances K Godrej,Delhi,28.7030755,77.1174061,"https://www.google.com/maps?q=28.7030755,77.1174061"
store_002221,Anugrah electronics Godrej,Delhi,28.7030755,77.1174061,"https://www.google.com/maps?q=28.7030755,77.1174061"
store_002228,Kumar Electronics India Godrej,Delhi,28.6824583,77.3235263,"https://www.google.com/maps?q=28.6824583,77.3235263"
store_002223,Shri Bala Pritam Electronics Godrej,Delhi,28.6418365,77.0994016,"https://www.google.com/maps?q=28.6418365,77.0994016"
store_002245,RPG ELECTRADE PRIVATE LIMITED Godrej,Delhi,28.558376,77.2070391,"https://www.google.com/maps?q=28.558376,77.2070391"
store_002226,HARI SHARAN AND SONS Godrej,Delhi,28.6797562,77.20006269999999,"https://www.google.com/maps?q=28.6797562,77.20006269999999"
store_002232,CHAMPARAN ELECTRONICS PVT LTD Godrej,Delhi,28.5891299,77.3041573,"https://www.google.com/maps?q=28.5891299,77.3041573"
store_002227,Sahu Electronics Godrej,Delhi,28.7412963,77.1199874,"https://www.google.com/maps?q=28.7412963,77.1199874"
store_002224,Ambica Electronics Godrej,Delhi,28.5253472,77.2814867,"https://www.google.com/maps?q=28.5253472,77.2814867"
store_002293,mk electronics refrigeration Godrej,Delhi,28.5452667,77.127866,"https://www.google.com/maps?q=28.5452667,77.127866"
store_002260,ALFA ELECTRONICS,Delhi,28.574959,77.226721,"https://www.google.com/maps?q=28.574959,77.226721"
store_002265,RYS Ent East Vinod Ngr Godrej,Delhi,28.6423762,77.3130001,"https://www.google.com/maps?q=28.6423762,77.3130001"
store_002273,Vardhman Electronics Jawala Burari Godrej,Delhi,28.71743279999999,77.1745395,"https://www.google.com/maps?q=28.71743279999999,77.1745395"
store_002340,Sadana Electricals Godrej,Lucknow,26.8414172,80.9268653,"https://www.google.com/maps?q=26.8414172,80.9268653"
store_002342,Refrico Godrej,Lucknow,26.8445626,80.9353651,"https://www.google.com/maps?q=26.8445626,80.9353651"
store_002341,Initiative Data Systems Godrej,Lucknow,26.802332,80.895787,"https://www.google.com/maps?q=26.802332,80.895787"
store_002344,Refrico Havells,Lucknow,26.8445626,80.9353651,"https://www.google.com/maps?q=26.8445626,80.9353651"
store_002343,Melody House Godrej,Lucknow,26.8265628,80.9446827,"https://www.google.com/maps?q=26.8265628,80.9446827"
store_002345,satish electronics Godrej,Lucknow,26.872727,80.890545,"https://www.google.com/maps?q=26.872727,80.890545"
store_002346,Shree Ram Electronics Godrej,Faridabad,28.4776083,77.3210048,"https://www.google.com/maps?q=28.4776083,77.3210048"
store_002350,Raj Kumar Electronics ( UNI ),Delhi,28.6824583,77.3235263,"https://www.google.com/maps?q=28.6824583,77.3235263"
store_002349,Goyal Electronics ( Ovot ),Delhi,28.59429,77.3111359,"https://www.google.com/maps?q=28.59429,77.3111359"
store_002358,S R ELECTRO WORLD,Kanpur,26.472156,80.322042,"https://www.google.com/maps?q=26.472156,80.322042"
store_002361,LEO INTERNATIONAL,Kanpur,26.4642595,80.29635689999999,"https://www.google.com/maps?q=26.4642595,80.29635689999999"
store_002360,THE ELECTRONIC SHOP,Kanpur,26.478901,80.3177954,"https://www.google.com/maps?q=26.478901,80.3177954"
store_002357,DIGITAL WORLD ELECTRONIC HUB,Kanpur,26.4727398,80.3275946,"https://www.google.com/maps?q=26.4727398,80.3275946"
store_002362,Singh Electronics,Kanpur,26.424315,80.31912710000002,"https://www.google.com/maps?q=26.424315,80.31912710000002"
store_002363,Tech solutions,Delhi,28.548077,77.25171,"https://www.google.com/maps?q=28.548077,77.25171"
store_002364,Laxmi electromart,Delhi,28.5493045,77.2514264,"https://www.google.com/maps?q=28.5493045,77.2514264"
store_002367,M/S CLIMATE WORLD,GORAKHPUR,26.7472451,83.3697755,"https://www.google.com/maps?q=26.7472451,83.3697755"
store_002369,RUNGTA ELECTRICALS,GORAKHPUR,26.7559493,83.36779849999999,"https://www.google.com/maps?q=26.7559493,83.36779849999999"
store_002368,RAMA ELECTRONIC WORLD,GORAKHPUR,26.7695277,83.38232819999999,"https://www.google.com/maps?q=26.7695277,83.38232819999999"
store_002370,GARAG DIGITAL,GORAKHPUR,26.7848296,83.3855703,"https://www.google.com/maps?q=26.7848296,83.3855703"
store_002373,A TO Z ELECTRONICS,SIDHARTHNAGAR,27.1257126,83.5826366,"https://www.google.com/maps?q=27.1257126,83.5826366"
store_002372,JAI MATA DI ELECTRONIC,GORAKHPUR,26.7940797,83.3876946,"https://www.google.com/maps?q=26.7940797,83.3876946"
store_002366,NEELAM ELECTRONICS,DEORIA,26.279778,83.72022,"https://www.google.com/maps?q=26.279778,83.72022"
store_002375,Electronic paradise,Delhi,28.6334515,77.2815092,"https://www.google.com/maps?q=28.6334515,77.2815092"
store_002378,Chennai-Kolathur,Chennai,13.1239583,80.2121332,"https://www.google.com/maps?q=13.1239583,80.2121332"
store_002377,Electronic Bazar,Delhi,28.7016983,77.081409,"https://www.google.com/maps?q=28.7016983,77.081409"
store_002376,Bharat Electronics,Delhi,28.637556,77.05198899999999,"https://www.google.com/maps?q=28.637556,77.05198899999999"
store_002380,Bengaluru ? Kadugodi,Bangalore,12.9908404,77.7607805,"https://www.google.com/maps?q=12.9908404,77.7607805"
store_002381,Nashik- Jail Road,Nashik,19.9758225,73.8414578,"https://www.google.com/maps?q=19.9758225,73.8414578"
store_002383,Virar-Redbricks,Mumbai,19.470135,72.802973,"https://www.google.com/maps?q=19.470135,72.802973"
store_002382,Surat-Bardoli,Surat,21.1255374,73.1122499,"https://www.google.com/maps?q=21.1255374,73.1122499"
Delhi,Gtb Nagar New Delh,Delhi,28.6987867,77.2047205,"https://www.google.com/maps?q=28.6987867,77.2047205"
store_002618,Nnema endeavours pvt ltd,Lucknow,26.9023786,81.0014455,"https://www.google.com/maps?q=26.9023786,81.0014455"
store_003299,Namisha Enterprise,Delhi,28.5046807,77.3206285,"https://www.google.com/maps?q=28.5046807,77.3206285"
store_003300,V.K. Electronics,Delhi,28.5015903,77.3170675,"https://www.google.com/maps?q=28.5015903,77.3170675"
store_003304,Sai enterprise,Delhi,28.5354626,77.2807938,"https://www.google.com/maps?q=28.5354626,77.2807938"
store_003303,Jain audio video,Delhi,28.6170793,77.31781920000002,"https://www.google.com/maps?q=28.6170793,77.31781920000002"
store_003306,Amaan electronics,Delhi,28.6268641,77.299801,"https://www.google.com/maps?q=28.6268641,77.299801"
store_003305,Mp electronics,Delhi,28.6463822,77.295305,"https://www.google.com/maps?q=28.6463822,77.295305"
store_003309,Navrang Audio Video,Delhi,28.6318657,77.27912409999999,"https://www.google.com/maps?q=28.6318657,77.27912409999999"
store_003310,Rastogi Mobile Gallery,Delhi,28.5048406,77.3231031,"https://www.google.com/maps?q=28.5048406,77.3231031"
store_003311,ASP - Arpita Enterprises,Lucknow,26.883446,80.969309,"https://www.google.com/maps?q=26.883446,80.969309"
store_003312,Toshi Electronics,Delhi,28.7359435,77.1833533,"https://www.google.com/maps?q=28.7359435,77.1833533"
store_003313,Krishna Electronics,Delhi,28.6342727,77.3103766,"https://www.google.com/maps?q=28.6342727,77.3103766"
store_003314,Mobinex,Delhi,28.7481319,77.1986107,"https://www.google.com/maps?q=28.7481319,77.1986107"
store_003315,JSS Sales and Service Center,Delhi,28.570201,77.324958,"https://www.google.com/maps?q=28.570201,77.324958"
store_003318,Anisha T.V.Corner (Retail),Delhi,28.6466415,77.28372700000001,"https://www.google.com/maps?q=28.6466415,77.28372700000001"
store_003335,Kataria Sales Corporation (Retail),Delhi,28.6596335,77.26727389999999,"https://www.google.com/maps?q=28.6596335,77.26727389999999"
store_003338,Kooner A.C. & Ref. Eng (Retail),Delhi,28.6205239,77.2852407,"https://www.google.com/maps?q=28.6205239,77.2852407"
store_003341,Manchanda Electrical Works (Retail),Delhi,28.65491369999999,77.2765958,"https://www.google.com/maps?q=28.65491369999999,77.2765958"
store_003320,Associated Electronics (Retail),Delhi,28.6543184,77.2894484,"https://www.google.com/maps?q=28.6543184,77.2894484"
store_003326,Gupta Enterprises (Shahdara) (Retail),Delhi,28.6631544,77.29029229999999,"https://www.google.com/maps?q=28.6631544,77.29029229999999"
store_003322,Durby Electronics (Retail),Delhi,28.62825,77.30170720000001,"https://www.google.com/maps?q=28.62825,77.30170720000001"
store_003342,Mb Aircon (Retail),Delhi,28.6656079,77.32052399999999,"https://www.google.com/maps?q=28.6656079,77.32052399999999"
store_003323,Emerald Airconditioning & Refrigeration (Retail),Delhi,28.6476619,77.2403863,"https://www.google.com/maps?q=28.6476619,77.2403863"
store_003339,Krishna Electronics (Khichripur) (Retail),Delhi,28.6219913,77.3121487,"https://www.google.com/maps?q=28.6219913,77.3121487"
store_003343,Navrang Audio Video Pvt Ltd (Retail),Delhi,28.6318657,77.27912409999999,"https://www.google.com/maps?q=28.6318657,77.27912409999999"
store_003344,New Pankaj Electronics (Retail),Delhi,28.6108196,77.3351301,"https://www.google.com/maps?q=28.6108196,77.3351301"
store_003331,Jain Electronics (Babarpur) (Retail),Delhi,28.6803845,77.2869291,"https://www.google.com/maps?q=28.6803845,77.2869291"
store_003328,Hindustan Distributor (Retail),Delhi,28.6895487,77.29663939999999,"https://www.google.com/maps?q=28.6895487,77.29663939999999"
store_003330,Jai Maa Durga Electronics (Retail),Delhi,28.6079752,77.3055468,"https://www.google.com/maps?q=28.6079752,77.3055468"
store_003347,Om Electronics & Electricals (Retail),Delhi,28.7206653,77.2771035,"https://www.google.com/maps?q=28.7206653,77.2771035"
store_003348,Om Sai Enterprises (Ele) (Retail),Delhi,28.612497,77.0879389,"https://www.google.com/maps?q=28.612497,77.0879389"
store_003332,Jain Enterprises (Karawal Nagar) (Retail),Delhi,28.7238698,77.2739455,"https://www.google.com/maps?q=28.7238698,77.2739455"
store_003350,Pragya Metro Electronics (Retail),Delhi,28.6886554,77.2921449,"https://www.google.com/maps?q=28.6886554,77.2921449"
store_003365,Viva Electronics (Retail),Delhi,28.6299809,77.2761728,"https://www.google.com/maps?q=28.6299809,77.2761728"
store_003352,R.R.Air Conditioning & Electronics (Retail),Delhi,28.6651931,77.29561629999999,"https://www.google.com/maps?q=28.6651931,77.29561629999999"
store_003356,Sai Enterprises (Retail),Delhi,28.5354626,77.2807938,"https://www.google.com/maps?q=28.5354626,77.2807938"
store_003354,Raj Kumar Electronics (India) (Retail),Delhi,28.7166747,77.26484099999999,"https://www.google.com/maps?q=28.7166747,77.26484099999999"
store_003360,Shree Kailash Electronics (Retail),Delhi,28.7209255,77.2464282,"https://www.google.com/maps?q=28.7209255,77.2464282"
store_003353,Rahul Electronics (Retail),Delhi,28.701297,77.0825843,"https://www.google.com/maps?q=28.701297,77.0825843"
store_003368,Yash Enterprises (Retail),Delhi,28.6509247,77.22482629999999,"https://www.google.com/maps?q=28.6509247,77.22482629999999"
store_003359,Sharma Electronics (Khichripur) (Retail),Delhi,28.6177876,77.3182546,"https://www.google.com/maps?q=28.6177876,77.3182546"
store_003364,Vinayak Enetreprises (Retail),Delhi,28.6413422,77.1302628,"https://www.google.com/maps?q=28.6413422,77.1302628"
store_003361,Shri Balaji Electronics (Krishna Nagar) (Retail),Delhi,28.6588465,77.2837667,"https://www.google.com/maps?q=28.6588465,77.2837667"
store_003369,MAA PEETAMBRA ENTERPRISES (Retail),Kanpur,26.4167823,80.3200536,"https://www.google.com/maps?q=26.4167823,80.3200536"
store_003371,PY Electronics (Retail),Kanpur,26.4720883,80.32989320000001,"https://www.google.com/maps?q=26.4720883,80.32989320000001"
store_003373,Mars Enterprises (Retail),Kanpur,26.4105532,80.36843590000001,"https://www.google.com/maps?q=26.4105532,80.36843590000001"
store_003379,Air Cool (ASP),Haryana,28.3605628,77.0649531,"https://www.google.com/maps?q=28.3605628,77.0649531"
store_003380,AERO WINGS (ASP),Tamil Nadu,8.8676853,77.5097358,"https://www.google.com/maps?q=8.8676853,77.5097358"
store_003381,VK REFRIGERATION (ASP),UP West,29.0345504,77.67916509999999,"https://www.google.com/maps?q=29.0345504,77.67916509999999"
store_003387,MS Fine Electronics (Retail),Haryana,28.1452035,77.3316172,"https://www.google.com/maps?q=28.1452035,77.3316172"
store_003382,Mishra Refrigeration Engineers Pvt Ltd (Retail),UP West,28.539582,77.3671197,"https://www.google.com/maps?q=28.539582,77.3671197"
store_003386,SUPERIOR SERVICE (ASP),Delhi,28.6302455,77.2724507,"https://www.google.com/maps?q=28.6302455,77.2724507"
store_003385,Pragya Metro Electronics (Retail),Delhi,28.6886554,77.2921449,"https://www.google.com/maps?q=28.6886554,77.2921449"
store_003383,SEVEN STAR AIRCONDITION (ASP),Tamil Nadu,13.0483243,80.23191849999999,"https://www.google.com/maps?q=13.0483243,80.23191849999999"
store_003390,BLUE WEATHER SOLUTIONS (ASP),Haryana,28.6284723,77.1366972,"https://www.google.com/maps?q=28.6284723,77.1366972"
store_003391,AIR TREAT (ASP),Tamil Nadu,12.9872362,80.2530756,"https://www.google.com/maps?q=12.9872362,80.2530756"
store_003397,MAYANK SERVICES (ASP),Delhi,28.6213092,77.0595312,"https://www.google.com/maps?q=28.6213092,77.0595312"
store_003394,NEW ERA AIRCON (ASP),UP West,28.546131,77.3831968,"https://www.google.com/maps?q=28.546131,77.3831968"
store_003395,Mahi traders (ASP),Haryana,28.5117094,77.0217333,"https://www.google.com/maps?q=28.5117094,77.0217333"
store_003398,COMFORT SERVICE (ASP),Maharashtra,19.1909052,73.0226569,"https://www.google.com/maps?q=19.1909052,73.0226569"
store_003396,RS ENTERPRISES (ASP),Delhi,28.6336114,77.2804617,"https://www.google.com/maps?q=28.6336114,77.2804617"
store_003399,TYAGI CLIMATE CONTROL (ASP),UP West,28.64179,77.2766962,"https://www.google.com/maps?q=28.64179,77.2766962"
store_003400,BABYLON SALES SERVICE (ASP),Delhi,28.6467704,77.2889079,"https://www.google.com/maps?q=28.6467704,77.2889079"
store_003377,AR MAGIC COOL (ASP),UP West,28.6285902,77.3775749,"https://www.google.com/maps?q=28.6285902,77.3775749"
store_003376,GRACE ELECTRONICS (ASP),Delhi,28.5253142,77.23385549999999,"https://www.google.com/maps?q=28.5253142,77.23385549999999"
store_003375,BALVIK CONSUMER SOLUTION (ASP),Tamil Nadu,13.1369117,80.2064101,"https://www.google.com/maps?q=13.1369117,80.2064101"
store_003410,SURABHI COOL AIR (ASP),UP West,28.6405724,77.271525,"https://www.google.com/maps?q=28.6405724,77.271525"
store_003406,PRAKASH REFRIGERATION ELECTRICAL (ASP),Delhi,28.6351009,77.101702,"https://www.google.com/maps?q=28.6351009,77.101702"
store_003409,OM SERVICES SALES (Retail),Haryana,28.3471388,77.3389406,"https://www.google.com/maps?q=28.3471388,77.3389406"
store_003408,SS ENTERPRISES (ASP),Tamil Nadu,13.0965692,80.2778842,"https://www.google.com/maps?q=13.0965692,80.2778842"
store_003402,CINNY COOL AIR CONDITIONING (ASP),Delhi,28.6698384,77.1522045,"https://www.google.com/maps?q=28.6698384,77.1522045"
store_003435,AIR COOL SYSTEMS (ASP),UP West,28.5946966,77.346074,"https://www.google.com/maps?q=28.5946966,77.346074"
store_003411,ELITE ENTERPRISES (ASP),Tamil Nadu,10.80373,78.68802389999999,"https://www.google.com/maps?q=10.80373,78.68802389999999"
store_003415,KANPUR COOLING SERVICES P LTD (Retail),UP East,26.4472178,80.31133390000001,"https://www.google.com/maps?q=26.4472178,80.31133390000001"
store_003417,Hitachi -VS AIRCON (ASP),Maharashtra,28.5891913,77.30163329999999,"https://www.google.com/maps?q=28.5891913,77.30163329999999"
store_003448,EUNIKE COOLING SOLUTIONS PVT LTD (ASP),Karnataka,13.0187786,77.6327128,"https://www.google.com/maps?q=13.0187786,77.6327128"
store_003419,DAKSH AIRCONDITIONER INDIA (Retail),Delhi,28.6082604,77.30299509999999,"https://www.google.com/maps?q=28.6082604,77.30299509999999"
store_003450,DMP COOL TECH (ASP),Tamil Nadu,17.297835,78.5047532,"https://www.google.com/maps?q=17.297835,78.5047532"
store_003437,MS STANDARD AIRCON (ASP),UP West,28.5820461,77.2510801,"https://www.google.com/maps?q=28.5820461,77.2510801"
store_003431,SHEZA ELECTRO WORLD PRIVATE LIMITED (ASP),Delhi,28.7171996,77.2036948,"https://www.google.com/maps?q=28.7171996,77.2036948"
store_003426,CRYSTAL AIR COOL (ASP),Maharashtra,19.3872041,72.8289254,"https://www.google.com/maps?q=19.3872041,72.8289254"
store_003432,NUTAN ELECTRONICS (Retail),Delhi,28.6809207,77.3204548,"https://www.google.com/maps?q=28.6809207,77.3204548"
store_003429,SRI AIR CONDITIONER (ASP),Tamil Nadu,11.3150824,77.7531667,"https://www.google.com/maps?q=11.3150824,77.7531667"
store_003456,Airnet (Retail),Delhi,28.5380794,77.2601179,"https://www.google.com/maps?q=28.5380794,77.2601179"
store_003451,YAMUNA ELECTRONICS (Retail),Delhi,28.7013158,77.2658974,"https://www.google.com/maps?q=28.7013158,77.2658974"
store_003459,SHREE SAMARTH KRUPA ENTERPRISES (ASP),Maharashtra,19.193886,73.0927425,"https://www.google.com/maps?q=19.193886,73.0927425"
store_003460,SHARP SERVICE (ASP),Delhi,28.5656693,77.2779276,"https://www.google.com/maps?q=28.5656693,77.2779276"
store_003466,TECHNOMACH (ASP),Maharashtra,18.6422219,73.8260641,"https://www.google.com/maps?q=18.6422219,73.8260641"
store_003477,SREE SAI AC SERVICE CENTRE (ASP),Tamil Nadu,13.0708913,80.2101995,"https://www.google.com/maps?q=13.0708913,80.2101995"
store_003462,OM ENTERPRISES (ASP),UP West,28.5195493,77.2866126,"https://www.google.com/maps?q=28.5195493,77.2866126"
store_003481,MAHALAKSHMI COOLING SYSTEMS (ASP),Karnataka,12.9617998,77.63750499999999,"https://www.google.com/maps?q=12.9617998,77.63750499999999"
store_003467,UNIVERSAL CARE (ASP),Haryana,28.7362859,77.10750759999999,"https://www.google.com/maps?q=28.7362859,77.10750759999999"
store_003469,MICRO SERVICES (ASP),Maharashtra,19.2250419,72.9670019,"https://www.google.com/maps?q=19.2250419,72.9670019"
store_003471,Kumar Electronics India (Retail),Delhi,28.7118689,77.1158497,"https://www.google.com/maps?q=28.7118689,77.1158497"
store_003455,SAI ENTERPRISES MV PHIII (Retail),Delhi,28.5354626,77.2807938,"https://www.google.com/maps?q=28.5354626,77.2807938"
store_003484,Alfa Air Conditioning (ASP),Maharashtra,19.0265673,72.8654749,"https://www.google.com/maps?q=19.0265673,72.8654749"
store_003486,Shri Balaji Telecom (Retail),Haryana,28.1364305,77.3292234,"https://www.google.com/maps?q=28.1364305,77.3292234"
store_003475,IQAIR SOLUTIONS (ASP),Karnataka,12.9965862,77.6580503,"https://www.google.com/maps?q=12.9965862,77.6580503"
store_003490,As Engineering Works (Retail),Lucknow,26.848008,80.93342299999999,"https://www.google.com/maps?q=26.848008,80.93342299999999"
store_003489,Global Enterprises (Retail),Lucknow,26.8913017,81.0389074,"https://www.google.com/maps?q=26.8913017,81.0389074"
store_003488,Feel Heaven Aircondition (Retail),Lucknow,26.8445626,80.9353651,"https://www.google.com/maps?q=26.8445626,80.9353651"
store_003487,Shivi Enterprises (Retail),Lucknow,26.8488157,80.94138889999999,"https://www.google.com/maps?q=26.8488157,80.94138889999999"
store_003491,Snow Air Conditioner (Retail),Delhi,28.5710809,77.22550489999999,"https://www.google.com/maps?q=28.5710809,77.22550489999999"
store_003492,Radhey Enterprise (Retail),Delhi,28.657268,77.234146,"https://www.google.com/maps?q=28.657268,77.234146"
store_003500,Kalka Enterprises (Retail),Faridabad,28.5005885,77.32229389999999,"https://www.google.com/maps?q=28.5005885,77.32229389999999"
store_003493,Mtk Electronics (Retail),Delhi,28.6894466,77.28599129999999,"https://www.google.com/maps?q=28.6894466,77.28599129999999"
store_003497,Gupta Electro Word,Delhi,28.677296,77.28914619999999,"https://www.google.com/maps?q=28.677296,77.28914619999999"
store_003494,Jain Electronic-Rohtash nagar (Retail),Delhi,28.6803845,77.2869291,"https://www.google.com/maps?q=28.6803845,77.2869291"
store_003495,Gupta Electro Word (Retail),Delhi,28.677296,77.28914619999999,"https://www.google.com/maps?q=28.677296,77.28914619999999"
store_003501,Light and Sound,Delhi,28.6579605,77.2844336,"https://www.google.com/maps?q=28.6579605,77.2844336"
store_003502,Prince refergeation,Lucknow,26.8504056,81.02223819999999,"https://www.google.com/maps?q=26.8504056,81.02223819999999"
store_003505,SR enterprise,Lucknow,26.8714373,80.9735106,"https://www.google.com/maps?q=26.8714373,80.9735106"
store_003503,Climb Service,Lucknow,26.8361498,80.88457420000002,"https://www.google.com/maps?q=26.8361498,80.88457420000002"
store_003506,Day Dreamer,Lucknow,26.7976389,80.89761659999999,"https://www.google.com/maps?q=26.7976389,80.89761659999999"
store_003511,Shadab electronics,Lucknow,26.9045196,80.933403,"https://www.google.com/maps?q=26.9045196,80.933403"
store_003508,Sateesh electronics,Lucknow,26.872727,80.890545,"https://www.google.com/maps?q=26.872727,80.890545"
store_003507,Golden electronics,Lucknow,26.8711945,80.8996264,"https://www.google.com/maps?q=26.8711945,80.8996264"
store_003512,ASP - Depali Enterprise,Delhi,28.65463219999999,77.1194581,"https://www.google.com/maps?q=28.65463219999999,77.1194581"
store_003513,New Rhtym ( Retail ),Noida,28.5701426,77.3249538,"https://www.google.com/maps?q=28.5701426,77.3249538"
store_003516,GOLDEN HITACHI HOME,Kolkata,22.5846499,88.3772212,"https://www.google.com/maps?q=22.5846499,88.3772212"
store_003515,Golden refrigeration HO,Kolkata,22.5846499,88.3772212,"https://www.google.com/maps?q=22.5846499,88.3772212"
store_003517,GOLDAR AIR-CONDITION ASP,Kolkata,22.5846499,88.3772212,"https://www.google.com/maps?q=22.5846499,88.3772212"
store_003518,Cooling Zone,Noida,28.522323,77.38639289999999,"https://www.google.com/maps?q=28.522323,77.38639289999999"
store_003524,HO ( Salt Lake ),Kolkata,22.5881164,88.4082462,"https://www.google.com/maps?q=22.5881164,88.4082462"
store_003528,Refrico,Lucknow,26.8445626,80.9353651,"https://www.google.com/maps?q=26.8445626,80.9353651"
store_003535,SADGURU ENTERPRISES,Ahmednagar,19.0349561,74.7196757,"https://www.google.com/maps?q=19.0349561,74.7196757"
store_003548,Sanjay electronics,Delhi,28.6467445,77.2839121,"https://www.google.com/maps?q=28.6467445,77.2839121"
store_003549,Anand electronics,Delhi,28.5353212,77.2602816,"https://www.google.com/maps?q=28.5353212,77.2602816"
store_003533,Air Corp Engineering,Pune,28.4892807,77.0657955,"https://www.google.com/maps?q=28.4892807,77.0657955"
store_003532,CNP AIR FLOW SOLUTION,Pune,18.4614367,73.8270342,"https://www.google.com/maps?q=18.4614367,73.8270342"
store_003551,Mahi Traders,Faridabad,28.4116183,77.3352326,"https://www.google.com/maps?q=28.4116183,77.3352326"
store_003552,Fine Electronics,Faridabad,28.3392731,77.3209049,"https://www.google.com/maps?q=28.3392731,77.3209049"
store_003554,Kolkata Cooling Santoshpur Botkala,Kolkata,22.4958135,88.38026669999999,"https://www.google.com/maps?q=22.4958135,88.38026669999999"
store_003556,The Heritage Asp Centre Rajbadi Uttarpada,Kolkata,22.6640499,88.3456527,"https://www.google.com/maps?q=22.6640499,88.3456527"
store_003555,J P Enterprise Jamuna Nagar,Kolkata,22.4484448,88.4563647,"https://www.google.com/maps?q=22.4484448,88.4563647"
store_003553,Cool Care Shyam Bazar,Kolkata,22.5655254,88.35666289999999,"https://www.google.com/maps?q=22.5655254,88.35666289999999"
store_003562,Coolcare Air conditioning,Delhi,28.6757161,77.1990734,"https://www.google.com/maps?q=28.6757161,77.1990734"
store_003560,INITIATIVE DATA SYSTEMS,Lucknow,26.9018828,80.955153,"https://www.google.com/maps?q=26.9018828,80.955153"
store_003561,Sahu electronics,Delhi,28.7412963,77.1199874,"https://www.google.com/maps?q=28.7412963,77.1199874"
store_003563,Prakash trading CO.,Delhi,28.6705891,77.20257269999999,"https://www.google.com/maps?q=28.6705891,77.20257269999999"
store_003565,Cool universe,Kolkata,22.5639935,88.1542511,"https://www.google.com/maps?q=22.5639935,88.1542511"
store_003564,S R Enterprise,Kolkata,22.9678456,88.53006730000001,"https://www.google.com/maps?q=22.9678456,88.53006730000001"
store_003566,FROSTER Service Center,Kolkata,22.5219179,88.396896,"https://www.google.com/maps?q=22.5219179,88.396896"
store_003568,Electromart,Ghaziabad,28.6454963,77.34301409999999,"https://www.google.com/maps?q=28.6454963,77.34301409999999"
store_003569,A C planet ( ASP ),Kolkata,22.5184698,88.34791109999999,"https://www.google.com/maps?q=22.5184698,88.34791109999999"
store_003653,Electronics Paradise - Ankur Electronic,Delhi,28.6334515,77.2815092,"https://www.google.com/maps?q=28.6334515,77.2815092"
store_003731,Sachdeva Electronics (P) Ltd,Delhi,28.65841,77.23538669999999,"https://www.google.com/maps?q=28.65841,77.23538669999999"
store_003734,New Berco Electronics,Delhi,28.6227575,77.0589959,"https://www.google.com/maps?q=28.6227575,77.0589959"
store_003721,Dummy Store,Delhi,28.5389118,77.2721347,"https://www.google.com/maps?q=28.5389118,77.2721347"
store_003725,Razzle Dazzle Electronics,Delhi,28.6582515,77.2842496,"https://www.google.com/maps?q=28.6582515,77.2842496"
store_003727,Shri Mangla Electronics,Delhi,28.5894707,77.0715587,"https://www.google.com/maps?q=28.5894707,77.0715587"
store_003726,Razzle Dazzle Electronics,Delhi,28.6582515,77.2842496,"https://www.google.com/maps?q=28.6582515,77.2842496"
store_003831,Lamba Electronics,Delhi,28.53852,77.25976600000001,"https://www.google.com/maps?q=28.53852,77.25976600000001"
store_003832,Mu Engineering Services,Delhi,28.629211,77.09961,"https://www.google.com/maps?q=28.629211,77.09961"
store_003833,Neeru Electronics,Delhi,28.5349239,77.2096978,"https://www.google.com/maps?q=28.5349239,77.2096978"
store_003840,Daksh Airconditioner (India),Delhi,28.6082604,77.30299509999999,"https://www.google.com/maps?q=28.6082604,77.30299509999999"
store_003838,Thukral Time Center P Ltd,Delhi,28.5429402,77.2522518,"https://www.google.com/maps?q=28.5429402,77.2522518"
store_003827,Cool Care Airconditioning,Delhi,28.6757161,77.1990734,"https://www.google.com/maps?q=28.6757161,77.1990734"
store_003913,Ace Technomark,Ghaziabad,28.568257,77.32439699999999,"https://www.google.com/maps?q=28.568257,77.32439699999999"
store_003912,Sauraj Electricals,Ghaziabad,28.668038,77.427908,"https://www.google.com/maps?q=28.668038,77.427908"
store_003925,New Rhythm House,Ghaziabad,28.5701426,77.3249538,"https://www.google.com/maps?q=28.5701426,77.3249538"
store_003920,Ice Energy Solutions Private Limited,Ghaziabad,28.5870653,77.43773709999999,"https://www.google.com/maps?q=28.5870653,77.43773709999999"
store_003923,Mishra Refrigeration Engineers Pvt Ltd,Ghaziabad,28.5906933,77.3355476,"https://www.google.com/maps?q=28.5906933,77.3355476"
store_003921,Kay Dee Audio Visions Pvt Ltd,Ghaziabad,28.6300836,77.3792034,"https://www.google.com/maps?q=28.6300836,77.3792034"
store_003926,Vimlesh Enterprises,Ghaziabad,28.5675109,77.3428492,"https://www.google.com/maps?q=28.5675109,77.3428492"
store_004100,M/S Fine Electronics,Gurgaon,28.4185741,76.9178312,"https://www.google.com/maps?q=28.4185741,76.9178312"
store_004099,Koolex Air Conditioners,Gurgaon,28.4598917,77.08348409999999,"https://www.google.com/maps?q=28.4598917,77.08348409999999"
store_004107,Prakash Trading Co,Gurgaon,28.3836338,77.29774599999999,"https://www.google.com/maps?q=28.3836338,77.29774599999999"
store_004111,Anand Electronics,Gurgaon,28.457037,77.0166798,"https://www.google.com/maps?q=28.457037,77.0166798"
store_004117,Shree Jee Electronics,Gurgaon,28.4806144,77.09508509999999,"https://www.google.com/maps?q=28.4806144,77.09508509999999"
store_004143,Ruchi Electronics,Lucknow,26.8725183,80.9801237,"https://www.google.com/maps?q=26.8725183,80.9801237"
store_004140,Airo-Dynamics,Lucknow,26.8531194,81.001632,"https://www.google.com/maps?q=26.8531194,81.001632"
store_004141,Pratap Air Conditioners,Lucknow,26.8810871,80.942788,"https://www.google.com/maps?q=26.8810871,80.942788"
store_004127,Soni Electricals,Lucknow,26.8712534,80.9724914,"https://www.google.com/maps?q=26.8712534,80.9724914"
store_004146,Singhal Airconditioning,Lucknow,26.8375705,80.9242233,"https://www.google.com/maps?q=26.8375705,80.9242233"
store_004133,Agarwal Electric Co.,Lucknow,26.8436388,80.9279961,"https://www.google.com/maps?q=26.8436388,80.9279961"
store_004137,Silver Leaf And Company,Lucknow,26.8374605,80.91910240000001,"https://www.google.com/maps?q=26.8374605,80.91910240000001"
store_004136,A & K Infotech Solutions,Lucknow,26.8747019,80.99304090000001,"https://www.google.com/maps?q=26.8747019,80.99304090000001"
store_004299,SHREE JAIN TRADERS,Mumbai,19.1883622,72.9724142,"https://www.google.com/maps?q=19.1883622,72.9724142"
store_004296,NAVDEEP ENTERPRISES,Mumbai,19.2287075,72.85977609999999,"https://www.google.com/maps?q=19.2287075,72.85977609999999"
store_004267,Amit Distributor,Pune,18.5091944,73.8525283,"https://www.google.com/maps?q=18.5091944,73.8525283"
store_004316,IND -SUNSHINE ELECTRONICS,Indore,22.726849,75.8818982,"https://www.google.com/maps?q=22.726849,75.8818982"
store_004367,KESHAV SALES,Surat,21.1886065,72.7897102,"https://www.google.com/maps?q=21.1886065,72.7897102"
store_004369,D B ENGINEERS,Surat,21.1861246,72.779054,"https://www.google.com/maps?q=21.1861246,72.779054"
store_004376,KRISHNA CORPORATION,Surat,21.1910447,72.8842708,"https://www.google.com/maps?q=21.1910447,72.8842708"
store_004456,Rathna Cools Pvt Ltd,Tamil Nadu,13.0409835,80.2393894,"https://www.google.com/maps?q=13.0409835,80.2393894"
store_004567,G K Enterprise,kolkata,22.4523417,88.38417059999999,"https://www.google.com/maps?q=22.4523417,88.38417059999999"
store_004569,TOTA ENTERPRISE,kolkata,22.5786889,88.34855820000001,"https://www.google.com/maps?q=22.5786889,88.34855820000001"
store_004571,Himalaya Engineering,kolkata,22.5155433,88.3708809,"https://www.google.com/maps?q=22.5155433,88.3708809"
store_004572,A R Cooling,kolkata,22.6377316,88.4772184,"https://www.google.com/maps?q=22.6377316,88.4772184"
store_004566,South point ASP,kolkata,22.5227494,88.36696909999999,"https://www.google.com/maps?q=22.5227494,88.36696909999999"
store_004552,S D Aircon,Lucknow,26.8730017,80.98715849999999,"https://www.google.com/maps?q=26.8730017,80.98715849999999"
store_004565,A D Enterprise ASP,kolkata,22.595107,88.3113209,"https://www.google.com/maps?q=22.595107,88.3113209"
store_004576,Active service enterprise,kolkata,22.5458631,88.3664388,"https://www.google.com/maps?q=22.5458631,88.3664388"
store_004577,H R cooling,kolkata,22.5295827,88.40501069999999,"https://www.google.com/maps?q=22.5295827,88.40501069999999"
store_004556,Computer Electronics,Delhi,28.6817553,77.1980868,"https://www.google.com/maps?q=28.6817553,77.1980868"
store_004555,Aradhya Traders (ASP),Faridabad,28.5895534,77.3176404,"https://www.google.com/maps?q=28.5895534,77.3176404"
store_004559,Dummy Store,Delhi,28.5389118,77.2721347,"https://www.google.com/maps?q=28.5389118,77.2721347"
store_004557,Kashika Trading Co.,Delhi,28.6811521,77.1917465,"https://www.google.com/maps?q=28.6811521,77.1917465"
store_004554,Ashoka Trading,Faridabad,28.410537,77.3201442,"https://www.google.com/maps?q=28.410537,77.3201442"
store_004561,Happy Refrigeration & Airconditioning Works,Delhi,28.5078681,77.32453780000002,"https://www.google.com/maps?q=28.5078681,77.32453780000002"
store_004579,Haier - HO saltlake,kolkata,22.5727832,88.4335408,"https://www.google.com/maps?q=22.5727832,88.4335408"
store_004580,AUM G Electronics,Delhi,28.6737747,77.0897226,"https://www.google.com/maps?q=28.6737747,77.0897226"
store_004582,Babajee electronics,Delhi,28.6452259,77.1184545,"https://www.google.com/maps?q=28.6452259,77.1184545"
store_004581,Bbd & Sons Electronics,Lucknow,26.8375461,80.9242252,"https://www.google.com/maps?q=26.8375461,80.9242252"
store_004584,Mahajan Electronics,Delhi,28.6510822,77.12503869999999,"https://www.google.com/maps?q=28.6510822,77.12503869999999"
store_004583,Super electronics,Delhi,28.6393713,77.0822695,"https://www.google.com/maps?q=28.6393713,77.0822695"
store_004585,Haryana TV centre,Delhi,28.6872224,77.0712818,"https://www.google.com/maps?q=28.6872224,77.0712818"
store_004587,Godrej - ASP - Digi Care,Delhi,28.5587223,77.2673703,"https://www.google.com/maps?q=28.5587223,77.2673703"
store_004586,R.K. Digital World,Delhi,28.6778398,77.1912206,"https://www.google.com/maps?q=28.6778398,77.1912206"
store_004597,Haier - Elsons Electronics,Indore,22.780135,75.909735,"https://www.google.com/maps?q=22.780135,75.909735"
store_004625,Haier - R.K. Marketing,Agra,27.1988582,78.00569279999999,"https://www.google.com/maps?q=27.1988582,78.00569279999999"
store_004635,Haier - Sahu Agencies Pvt.Ltd-Warehouse09Aadcs4965Q1Zg,Lucknow,26.8483067,80.94450259999999,"https://www.google.com/maps?q=26.8483067,80.94450259999999"
store_004826,Haier - Kunal Electronics M T H Indore,Indore,22.7188771,75.8631331,"https://www.google.com/maps?q=22.7188771,75.8631331"
store_004900,Haier - New Sky Fairy Electronics,Indore,22.7343755,75.831175,"https://www.google.com/maps?q=22.7343755,75.831175"
store_004969,Haier - Bulbul Electronic,Indore,22.7381202,75.8473368,"https://www.google.com/maps?q=22.7381202,75.8473368"
store_005008,BEHERA REFRIGERATION,Bhubaneshwar,20.2441596,85.76686409999999,"https://www.google.com/maps?q=20.2441596,85.76686409999999"
store_005012,ABHIPSA ENTERPRISES,Bhubaneshwar,20.3269048,85.81953050000001,"https://www.google.com/maps?q=20.3269048,85.81953050000001"
store_005011,Sai Utility Services,Bhubaneshwar,20.3249254,85.8092403,"https://www.google.com/maps?q=20.3249254,85.8092403"
store_005013,COMFORT COOL,Bhubaneshwar,20.2875519,85.847126,"https://www.google.com/maps?q=20.2875519,85.847126"
store_005014,M/S G N Services,Bhubaneshwar,20.2676573,85.8466456,"https://www.google.com/maps?q=20.2676573,85.8466456"
store_005020,J.N Enterprises,Bhubaneshwar,12.9183002,77.612741,"https://www.google.com/maps?q=12.9183002,77.612741"
store_005019,Shree Services,Bhubaneshwar,20.2661136,85.84831249999999,"https://www.google.com/maps?q=20.2661136,85.84831249999999"
store_005059,AA Aircon,Kolkata,22.5453033,88.36762540000001,"https://www.google.com/maps?q=22.5453033,88.36762540000001"
store_005058,R k Refrigeration,Kolkata,22.5333071,88.3876786,"https://www.google.com/maps?q=22.5333071,88.3876786"
store_005060,AN Airtech,Kolkata,22.5415024,88.26925059999999,"https://www.google.com/maps?q=22.5415024,88.26925059999999"
store_005151,Shri Mangla Electronics,Delhi,28.5894707,77.0715587,"https://www.google.com/maps?q=28.5894707,77.0715587"
store_005172,R.K. Digital World,Delhi,28.6778398,77.1912206,"https://www.google.com/maps?q=28.6778398,77.1912206"
store_005148,Om Sai Traders,Delhi,28.5558694,77.2508024,"https://www.google.com/maps?q=28.5558694,77.2508024"
store_005417,Gur - Suraj Business Pvt. Ltd.,Gurgaon,28.5082177,77.0309012,"https://www.google.com/maps?q=28.5082177,77.0309012"
store_005549,MAHARASHTRA ELECTRONICS CORPORATION,Pune,18.479501,73.8576254,"https://www.google.com/maps?q=18.479501,73.8576254"
store_005579,NAVDEEP ENTERPRISES,Mumbai,19.2287075,72.85977609999999,"https://www.google.com/maps?q=19.2287075,72.85977609999999"
store_005845,Razzle Dazzle (Shahdara),Delhi,28.6582515,77.2842496,"https://www.google.com/maps?q=28.6582515,77.2842496"
store_005846,Razzle Dazzle,Delhi,28.6582515,77.2842496,"https://www.google.com/maps?q=28.6582515,77.2842496"
store_005851,Lloyd - Khattar Electronics,Delhi,28.8459748,77.0894902,"https://www.google.com/maps?q=28.8459748,77.0894902"
store_005850,Kumar electronics Narela,Delhi,28.8502705,77.0874918,"https://www.google.com/maps?q=28.8502705,77.0874918"
store_005852,Haier - Samrat electronics,Kolkata,22.6308505,88.3795007,"https://www.google.com/maps?q=22.6308505,88.3795007"
store_005853,Haier - Sur sangeet,Kolkata,22.573972,88.389443,"https://www.google.com/maps?q=22.573972,88.389443"
store_005854,Haier - Rumi Electronics,Kolkata,22.6982907,88.3881382,"https://www.google.com/maps?q=22.6982907,88.3881382"
store_005857,hitachi sales office,Vijay Nagar,28.5675446,77.3261607,"https://www.google.com/maps?q=28.5675446,77.3261607"
store_005858,LG Laminates,Lucknow,26.8279704,80.9429964,"https://www.google.com/maps?q=26.8279704,80.9429964"
store_005860,Haier - Wonderland electronics,Kolkata,22.6473469,88.3505826,"https://www.google.com/maps?q=22.6473469,88.3505826"
store_005862,Electro cool,Kolkata,22.5278276,88.32225009999999,"https://www.google.com/maps?q=22.5278276,88.32225009999999"
store_005864,Air care,Lucknow,26.870358,80.8667928,"https://www.google.com/maps?q=26.870358,80.8667928"
store_005877,"Haier- Durga Electronics, Borivali",Mumbai,19.2289698,72.8593463,"https://www.google.com/maps?q=19.2289698,72.8593463"
store_005878,"Haier- Lakhani (Opposite to Deluxe Inn, Byculla)",Mumbai,18.9794339,72.8307348,"https://www.google.com/maps?q=18.9794339,72.8307348"
store_005874,"Nutan Electronics, Santacruz East.",Mumbai,19.0802722,72.8458713,"https://www.google.com/maps?q=19.0802722,72.8458713"
store_005882,"Haier- New Raj, Ulhasnagar",Mumbai,19.2407398,73.1632133,"https://www.google.com/maps?q=19.2407398,73.1632133"
store_005880,"Haier- Raj Ratan, Kalyan West",Mumbai,19.2382311,73.12980100000001,"https://www.google.com/maps?q=19.2382311,73.12980100000001"
store_005884,"Haier- Nutan Electronics, Santacruz East.",Mumbai,19.0878236,72.90410179999999,"https://www.google.com/maps?q=19.0878236,72.90410179999999"
store_005889,Jeevanjee Plaza,Delhi,28.5403751,77.2579877,"https://www.google.com/maps?q=28.5403751,77.2579877"
store_005891,Dinesh jain & sons,Lucknow,26.895717,80.955185,"https://www.google.com/maps?q=26.895717,80.955185"
store_005960,Patra Electronics-cuttack,Bhubaneswar,20.4729532,85.84585299999999,"https://www.google.com/maps?q=20.4729532,85.84585299999999"
store_005954,Total Gadget World-north Delhi,Delhi,28.7012434,77.101164,"https://www.google.com/maps?q=28.7012434,77.101164"
store_005956,Mobile Mania,Bhubaneswar,20.2044125,85.8497266,"https://www.google.com/maps?q=20.2044125,85.8497266"
store_005959,Nilakantha Agency-cuttack,Bhubaneswar,20.2256395,86.0083093,"https://www.google.com/maps?q=20.2256395,86.0083093"
store_006009,Durgashree,Bhubaneswar,20.3484221,85.82458129999999,"https://www.google.com/maps?q=20.3484221,85.82458129999999"
store_005998,Kalinga Sales-kantapada,Bhubaneswar,20.289543,85.8459682,"https://www.google.com/maps?q=20.289543,85.8459682"
store_006052,Bagga Electronics,Gurgaon,28.4000075,77.304153,"https://www.google.com/maps?q=28.4000075,77.304153"
store_006085,New Pankaj Electronics,Delhi,28.6108196,77.3351301,"https://www.google.com/maps?q=28.6108196,77.3351301"
store_006084,Nutan Electronics Hardavpuri,Delhi,28.6896077,77.29755759999999,"https://www.google.com/maps?q=28.6896077,77.29755759999999"
store_006121,Rakesh Electronic,Delhi,28.6507275,77.1593573,"https://www.google.com/maps?q=28.6507275,77.1593573"
store_006125,Hitachi - Hitachi Home - Lamba Electronic-kalkaji,Delhi,28.53852,77.25976600000001,"https://www.google.com/maps?q=28.53852,77.25976600000001"
store_006141,Gupta Enterprises,Delhi,28.5933179,77.3331925,"https://www.google.com/maps?q=28.5933179,77.3331925"
store_006152,Sai Enterprises,Delhi,28.5354626,77.2807938,"https://www.google.com/maps?q=28.5354626,77.2807938"
store_006201,New Tarun Mobile- Nit Faridabad,Gurgaon,28.3661243,77.2894754,"https://www.google.com/maps?q=28.3661243,77.2894754"
store_006175,Mohan Electrovision,Gurgaon,28.3481362,77.2995669,"https://www.google.com/maps?q=28.3481362,77.2995669"
store_006226,Ms Distributors-raj Nagar Extn,Ghaziabad,28.6980041,77.4236975,"https://www.google.com/maps?q=28.6980041,77.4236975"
store_006233,Hitachi - Hitachi Home - Airnet East Delhi,Delhi,28.635747,77.2849549,"https://www.google.com/maps?q=28.635747,77.2849549"
store_006235,Krishna Electronics,Delhi,28.6342727,77.3103766,"https://www.google.com/maps?q=28.6342727,77.3103766"
store_006263,Pooja Enterprises,Gurgaon,28.3137888,76.87737150000001,"https://www.google.com/maps?q=28.3137888,76.87737150000001"
store_006291,Sanjay Electricals- Ballabgarh,Gurgaon,28.3429264,77.3210757,"https://www.google.com/maps?q=28.3429264,77.3210757"
store_006277,Shree Balaji Appliances,Ghaziabad,28.5752256,77.4466159,"https://www.google.com/maps?q=28.5752256,77.4466159"
store_006279,National Maintainance -sitapur Road,Lucknow,26.8985032,80.93332389999999,"https://www.google.com/maps?q=26.8985032,80.93332389999999"
store_006284,Gupta Distributors,Bhubaneswar,20.2772344,85.7959111,"https://www.google.com/maps?q=20.2772344,85.7959111"
store_006301,Aas Electronic Vasant Kunj,Delhi,28.5267279,77.1524646,"https://www.google.com/maps?q=28.5267279,77.1524646"
store_006322,Hitec Industry,Bhubaneswar,20.2780945,85.7943477,"https://www.google.com/maps?q=20.2780945,85.7943477"
store_006300,Mk Electronic & Refrigeration Moti Bagh,Delhi,28.581515,77.1786454,"https://www.google.com/maps?q=28.581515,77.1786454"
store_006302,Rpg Electronic,Delhi,28.558376,77.2070391,"https://www.google.com/maps?q=28.558376,77.2070391"
store_006353,Ankur Electronics-noida,Ghaziabad,28.5393497,77.36761419999999,"https://www.google.com/maps?q=28.5393497,77.36761419999999"
store_006331,N K P Electronics-cantt Lko,Lucknow,26.818768,80.9629884,"https://www.google.com/maps?q=26.818768,80.9629884"
store_006358,Malik Electronic,Delhi,28.5665215,77.27807659999999,"https://www.google.com/maps?q=28.5665215,77.27807659999999"
store_006369,Mishra Refrigeration-greater Noida West,Ghaziabad,28.539582,77.3671197,"https://www.google.com/maps?q=28.539582,77.3671197"
store_006372,Bharat Electronics-bapuji Nagar,Bhubaneswar,20.2603793,85.83612769999999,"https://www.google.com/maps?q=20.2603793,85.83612769999999"
store_006407,Hitachi - Hitachi Home - Supreme Air Con,Delhi,28.6034592,77.33531099999999,"https://www.google.com/maps?q=28.6034592,77.33531099999999"
store_006422,Om Sai Traders South Sant Nagar,Delhi,28.5558694,77.2508024,"https://www.google.com/maps?q=28.5558694,77.2508024"
store_006415,Hitachi - Hitachi Home - Malhotra Enterprises,Gurgaon,28.4777062,77.0736589,"https://www.google.com/maps?q=28.4777062,77.0736589"
store_006388,Unbox Electronics-south Delhi,Delhi,28.6310988,77.0837505,"https://www.google.com/maps?q=28.6310988,77.0837505"
store_006396,Hitachi - Hitachi Home - R K Vision Lodhi Road,Delhi,28.5844923,77.2203203,"https://www.google.com/maps?q=28.5844923,77.2203203"
store_006442,Kumar Electronics-sec-7 Rohini,Delhi,28.7118689,77.1158497,"https://www.google.com/maps?q=28.7118689,77.1158497"
store_006428,Hitachi Studio - Super Electronics Vikaspuri,Delhi,28.6393713,77.0822695,"https://www.google.com/maps?q=28.6393713,77.0822695"
store_006425,Hitachi Studio - Pragya Communcation,Delhi,28.6441478,77.3155931,"https://www.google.com/maps?q=28.6441478,77.3155931"
store_006460,Sadana Electric Store-aliganj,Lucknow,26.8942044,80.94238,"https://www.google.com/maps?q=26.8942044,80.94238"
store_006462,Haryana T.v. Centre-sultan Puri,Delhi,28.6872224,77.0712818,"https://www.google.com/maps?q=28.6872224,77.0712818"
store_006461,Baba Ji Electronics Tegore Garden,Delhi,28.6452259,77.1184545,"https://www.google.com/maps?q=28.6452259,77.1184545"
store_006470,Hitachi Studio - Bahadurgarh,Gurgaon,28.4538891,77.0830356,"https://www.google.com/maps?q=28.4538891,77.0830356"
store_006450,Sangam Vardhman Electronics-near Mangla Chowk,Delhi,28.634026,77.088201,"https://www.google.com/maps?q=28.634026,77.088201"
store_006451,Neeru Electronics-malviya Nagar,Delhi,28.5349239,77.2096978,"https://www.google.com/maps?q=28.5349239,77.2096978"
store_006439,Amit Enterprises-sarojini Nagar Market,Delhi,28.5770752,77.1965026,"https://www.google.com/maps?q=28.5770752,77.1965026"
store_006457,Pahuja Aircon Pvt Ltd-bhawan Road,Gurgaon,28.4642513,77.01944569999999,"https://www.google.com/maps?q=28.4642513,77.01944569999999"
store_006473,Happy Refrigeration-dwarka,Delhi,28.5909446,77.044533,"https://www.google.com/maps?q=28.5909446,77.044533"
store_006476,Kohli Brothers-karol Bagh,Delhi,28.6549254,77.18901029999999,"https://www.google.com/maps?q=28.6549254,77.18901029999999"
store_006505,"Deep Paras Electrovision-sectro -10, Faridabad",Gurgaon,28.3692501,77.3265152,"https://www.google.com/maps?q=28.3692501,77.3265152"
store_006519,Rakesh Electronices,Delhi,28.6507275,77.1593573,"https://www.google.com/maps?q=28.6507275,77.1593573"
store_006502,Jain Electronics-shahdara,Delhi,28.6803845,77.2869291,"https://www.google.com/maps?q=28.6803845,77.2869291"
store_006493,Saraf Cooling Company Pvt Ltd-kanpur,kanpur,26.4645364,80.3103689,"https://www.google.com/maps?q=26.4645364,80.3103689"
store_006526,A Square Electronics- Zakir Nagar South Delhi,Delhi,28.5667113,77.2780645,"https://www.google.com/maps?q=28.5667113,77.2780645"
store_006546,New Berco Electronics-hari Nagar,Delhi,28.6281402,77.0999078,"https://www.google.com/maps?q=28.6281402,77.0999078"
store_006601,Shree Ram Enterprises Pehladpur,Delhi,28.4997379,77.2909742,"https://www.google.com/maps?q=28.4997379,77.2909742"
store_006574,Raj Electronics-r.k Puram-sec 6,Delhi,28.566285,77.1762548,"https://www.google.com/maps?q=28.566285,77.1762548"
store_006578,Sahu Electronics-north Delhi,Delhi,28.7412963,77.1199874,"https://www.google.com/maps?q=28.7412963,77.1199874"
store_006614,Kataria Sales Corporation,Delhi,28.6596335,77.26727389999999,"https://www.google.com/maps?q=28.6596335,77.26727389999999"
store_006592,Shyam Lal & Co-delhi Cantt,Delhi,28.594389,77.122243,"https://www.google.com/maps?q=28.594389,77.122243"
store_006637,Sadana Electric Store,Lucknow,26.8414172,80.9268653,"https://www.google.com/maps?q=26.8414172,80.9268653"
store_006643,Hitachi - Hitachi Home - Swipetrend Pvt Lmd-danapur,Patna,25.5982571,85.04247149999999,"https://www.google.com/maps?q=25.5982571,85.04247149999999"
store_006666,"Sai World-mahanadivihar, Nayabazar",Bhubaneswar,20.4630224,85.91052859999999,"https://www.google.com/maps?q=20.4630224,85.91052859999999"
store_006728,Shree Bharat Electronics-bhubaneswar,Bhubaneswar,20.2335138,85.81571509999999,"https://www.google.com/maps?q=20.2335138,85.81571509999999"
store_006758,Hitachi - Hitachi Home - Golden Refrigeration Co-kolkata,Kolkata,22.5846499,88.3772212,"https://www.google.com/maps?q=22.5846499,88.3772212"
store_006737,Hitachi - Hitachi Home - Golden Refrigeration-chadni Chowk,Kolkata,22.5658693,88.3585227,"https://www.google.com/maps?q=22.5658693,88.3585227"
store_006814,"Great Eastern Trading Co - Vijay Nagar,indore",Indore,22.7543507,75.8959543,"https://www.google.com/maps?q=22.7543507,75.8959543"
store_006801,Rathna Fan House,Chennai,13.0409835,80.2393894,"https://www.google.com/maps?q=13.0409835,80.2393894"
store_006808,Ramesh Corporation,Ahmedabad,23.0255127,72.5567786,"https://www.google.com/maps?q=23.0255127,72.5567786"
store_006792,Bombay Radio-jail Road,Indore,22.7204729,75.861645,"https://www.google.com/maps?q=22.7204729,75.861645"
store_006789,Dial Tone Electronics,Indore,22.7175551,75.8644075,"https://www.google.com/maps?q=22.7175551,75.8644075"
store_006823,Vishwa Enterprise-vastral,Ahmedabad,23.0076131,72.6602724,"https://www.google.com/maps?q=23.0076131,72.6602724"
store_006853,Jain Traders - Naupada,Mumbai,19.1883622,72.9724142,"https://www.google.com/maps?q=19.1883622,72.9724142"
store_006854,Jain Traders-thane Gb Road,Mumbai,19.2319961,72.97613369999999,"https://www.google.com/maps?q=19.2319961,72.97613369999999"
store_006877,Jain Traders-samata Nagar,Mumbai,19.2075469,72.9645208,"https://www.google.com/maps?q=19.2075469,72.9645208"
store_006878,Db Engineers-surat,Surat,21.1861246,72.779054,"https://www.google.com/maps?q=21.1861246,72.779054"
store_007126,Mann Electronics,Ahmedabad,23.0015301,72.6540868,"https://www.google.com/maps?q=23.0015301,72.6540868"
store_007130,Amit Distributor – Sadashiv Peth,Pune,18.5091944,73.8525283,"https://www.google.com/maps?q=18.5091944,73.8525283"
store_007137,Alka Electronics,Surat,21.1825913,72.82834559999999,"https://www.google.com/maps?q=21.1825913,72.82834559999999"
store_007141,Tv Palace,Surat,21.2103803,72.8530803,"https://www.google.com/maps?q=21.2103803,72.8530803"
store_007271,Angel Sales,Surat,21.2115461,72.86433550000001,"https://www.google.com/maps?q=21.2115461,72.86433550000001"
store_007250,Sahjanand Electronics-varachha,Surat,21.2347611,72.881646,"https://www.google.com/maps?q=21.2347611,72.881646"
store_007364,Kirti Radio And Tv Centre,Mumbai,19.1890513,72.9761219,"https://www.google.com/maps?q=19.1890513,72.9761219"
store_007449,Haier - Electrokraft,Bistupur,22.7952005,86.1821544,"https://www.google.com/maps?q=22.7952005,86.1821544"
store_007448,Haier - Electrokraft,Jamshedpur,22.8016527,86.2046285,"https://www.google.com/maps?q=22.8016527,86.2046285"
store_007451,ASC - R A enterprises,Jamshedpur,22.8074616,86.1157207,"https://www.google.com/maps?q=22.8074616,86.1157207"
store_007444,National Electronics,Jamshedpur,22.8019332,86.2050343,"https://www.google.com/maps?q=22.8019332,86.2050343"
store_007452,"Balaji Electronics, Baramunda",Bhubaneswar,20.2779837,85.79535469999999,"https://www.google.com/maps?q=20.2779837,85.79535469999999"
store_007453,"Balaji Electronics, Patia",Bhubaneswar,20.3547521,85.82729119999999,"https://www.google.com/maps?q=20.3547521,85.82729119999999"
store_007446,Electrokraft,Bistupur,22.7952005,86.1821544,"https://www.google.com/maps?q=22.7952005,86.1821544"
store_007455,National electronics,Sakchi,22.8019332,86.2050343,"https://www.google.com/maps?q=22.8019332,86.2050343"
store_007454,National electronics Mango,Sakchi,22.8239198,86.2207698,"https://www.google.com/maps?q=22.8239198,86.2207698"
store_007456,Haier - Sadana Electric Store,Lucknow,26.8942044,80.94238,"https://www.google.com/maps?q=26.8942044,80.94238"
store_007458,"Samsung office, Goregaon",Mumbai,19.1699547,72.86004539999999,"https://www.google.com/maps?q=19.1699547,72.86004539999999"
store_007463,Haier - Electromart,Dimna road,22.8215643,86.21644440000001,"https://www.google.com/maps?q=22.8215643,86.21644440000001"
store_007464,Haier - Electromart,Purulia road,22.834562,86.20244,"https://www.google.com/maps?q=22.834562,86.20244"
store_007465,Z M Enterprises ASC Mango,Jamshedpur,22.8270316,86.2012963,"https://www.google.com/maps?q=22.8270316,86.2012963"
store_007466,ASP - Plus Service,Ahemdabad,23.0372845,72.5616443,"https://www.google.com/maps?q=23.0372845,72.5616443"
store_007472,Hitachi home Bhubaneswar,Bhubaneswar,20.290588,85.8114624,"https://www.google.com/maps?q=20.290588,85.8114624"
store_007473,ASP - Streamline service centre,Indore,22.7459367,75.8953248,"https://www.google.com/maps?q=22.7459367,75.8953248"
store_007487,Sakshi Service,Patna,25.592679,85.123233,"https://www.google.com/maps?q=25.592679,85.123233"
store_007483,Om Prakash Refrigeration,Patna,25.5868971,85.1377394,"https://www.google.com/maps?q=25.5868971,85.1377394"
store_007476,A R Cooling - Dum Dum Cantonment,Kolkata,22.6377316,88.4772184,"https://www.google.com/maps?q=22.6377316,88.4772184"
store_007479,N & R Services,Patna,25.6118765,85.1428772,"https://www.google.com/maps?q=25.6118765,85.1428772"
store_007480,Art Cooling Point And Services,Patna,25.598443,85.2033197,"https://www.google.com/maps?q=25.598443,85.2033197"
store_007481,M/S Cool Air Conditioning,Patna,25.2150184,84.7488475,"https://www.google.com/maps?q=25.2150184,84.7488475"
store_007486,V2 Services,Patna,25.6070152,85.0911924,"https://www.google.com/maps?q=25.6070152,85.0911924"
store_007485,United Air Conditioning Service Center,Patna,25.588049,85.093569,"https://www.google.com/maps?q=25.588049,85.093569"
store_007484,Libya Services,Patna,25.5612983,84.8656847,"https://www.google.com/maps?q=25.5612983,84.8656847"
store_007478,A2 Refrigeration,Patna,25.5971049,85.15057259999999,"https://www.google.com/maps?q=25.5971049,85.15057259999999"
store_007489,Head office,Patna,25.6120405,85.14039869999999,"https://www.google.com/maps?q=25.6120405,85.14039869999999"
store_007490,Grow Nexus Hitach Home,Patna,25.6001098,85.15075680000001,"https://www.google.com/maps?q=25.6001098,85.15075680000001"
store_007496,Hitachi Home Ventos Enterprises Patna,Patna,25.6161141,85.0825988,"https://www.google.com/maps?q=25.6161141,85.0825988"
store_007497,Bosch Home Comfort India (Johnson Control Hitachi),Ahemdabad,23.2848676,72.3908043,"https://www.google.com/maps?q=23.2848676,72.3908043"
store_007507,Vicky electronic,Indore,22.718898,75.863377,"https://www.google.com/maps?q=22.718898,75.863377"
store_007506,Blue electronic,Indore,22.7689937,75.90063049999999,"https://www.google.com/maps?q=22.7689937,75.90063049999999"
store_007508,Haier Branch office,Bhubaneswar,20.255316,85.8475349,"https://www.google.com/maps?q=20.255316,85.8475349"
store_007511,Shree balaji mobile world,Noida,28.5819194,77.36636179999999,"https://www.google.com/maps?q=28.5819194,77.36636179999999"
store_007512,Kuldeep mobile house,Noida,28.5565222,77.3461284,"https://www.google.com/maps?q=28.5565222,77.3461284"
store_007519,Haier HO,Indore,22.7194689,75.8563714,"https://www.google.com/maps?q=22.7194689,75.8563714"
store_007521,Neha Sales,Ahemdabad,23.1055115,72.5864817,"https://www.google.com/maps?q=23.1055115,72.5864817"
store_007522,Asian Electronics,Delhi,28.78598959999999,77.2738516,"https://www.google.com/maps?q=28.78598959999999,77.2738516"
store_007526,Super electronics,Andheri,19.1322147,72.8673558,"https://www.google.com/maps?q=19.1322147,72.8673558"
store_007530,Sanjay Sales,Andheri East,19.1109368,72.8508602,"https://www.google.com/maps?q=19.1109368,72.8508602"
store_007528,Satyam Electronics,Andheri,19.127981,72.82524649999999,"https://www.google.com/maps?q=19.127981,72.82524649999999"
store_007527,Ajanta Electronics,Andheri East,19.1041078,72.8901185,"https://www.google.com/maps?q=19.1041078,72.8901185"
store_007523,Godrej and boyce manfucaturing company,Kochi,10.0500073,76.31966,"https://www.google.com/maps?q=10.0500073,76.31966"
store_007524,Godrej ideal service center,Kochi,28.5545475,77.3456095,"https://www.google.com/maps?q=28.5545475,77.3456095"
store_007529,Milan Enterprises,Andheri,19.1314669,72.8312368,"https://www.google.com/maps?q=19.1314669,72.8312368"
store_007532,Hitachi office,pune,18.5515804,73.9377435,"https://www.google.com/maps?q=18.5515804,73.9377435"
store_007534,Fresh cool system,Faridabad,28.482235,77.3003701,"https://www.google.com/maps?q=28.482235,77.3003701"
store_007536,Priya sales,Indore,22.7399827,75.880389,"https://www.google.com/maps?q=22.7399827,75.880389"
store_007538,⁠Pooja electronics’s,Indore,22.7440496,75.8446848,"https://www.google.com/maps?q=22.7440496,75.8446848"
store_007535,A one Radios,Indore,22.7165771,75.8576487,"https://www.google.com/maps?q=22.7165771,75.8576487"
store_007539,Gupta ji sales,Indore,22.7066869,75.8779375,"https://www.google.com/maps?q=22.7066869,75.8779375"
store_007541,Gourav electronics’s,Indore,22.7167437,75.86356289999999,"https://www.google.com/maps?q=22.7167437,75.86356289999999"
store_007543,Techno tech technical solutions,athani,28.536558,77.26974899999999,"https://www.google.com/maps?q=28.536558,77.26974899999999"
store_007542,Elite fix solutions,thripunithra,9.9829863,76.3076091,"https://www.google.com/maps?q=9.9829863,76.3076091"
store_007544,ASP - Malik Enterprises,Delhi,28.6591777,77.2096174,"https://www.google.com/maps?q=28.6591777,77.2096174"
store_007546,Himja service,Ahmedabad,22.9628106,72.63508689999999,"https://www.google.com/maps?q=22.9628106,72.63508689999999"
store_007545,ARK air system,Ahmedabad,22.9941147,72.596572,"https://www.google.com/maps?q=22.9941147,72.596572"
store_007549,Maria Cooling Solutions,Cochin,9.9497505,76.3470555,"https://www.google.com/maps?q=9.9497505,76.3470555"
store_007547,Lloyd HO,Noida,28.570313,77.32629399999999,"https://www.google.com/maps?q=28.570313,77.32629399999999"
store_007548,Freezing Point,Cochin,10.0600185,76.3211568,"https://www.google.com/maps?q=10.0600185,76.3211568"
store_007555,Kore mobile,Bapunagar,23.0392438,72.63052979999999,"https://www.google.com/maps?q=23.0392438,72.63052979999999"
store_007551,Coolzone Solutions,Cochin,9.9806185,76.2877249,"https://www.google.com/maps?q=9.9806185,76.2877249"
store_007553,Kore mobile - Sector 11,Gandhinagar,23.215846,72.6488289,"https://www.google.com/maps?q=23.215846,72.6488289"
store_007554,Kore mobile,Naroda,23.0781109,72.6538106,"https://www.google.com/maps?q=23.0781109,72.6538106"
store_007556,Kore mobile,Krishnanagar,23.0392438,72.63052979999999,"https://www.google.com/maps?q=23.0392438,72.63052979999999"
store_007557,Kore Mobile,Usmanpura,23.0441868,72.5706228,"https://www.google.com/maps?q=23.0441868,72.5706228"
store_007558,Kore Mobile,Shashtrinagar,23.0392438,72.63052979999999,"https://www.google.com/maps?q=23.0392438,72.63052979999999"
store_007559,Kore Mobile,Bopal,23.02809,72.4765899,"https://www.google.com/maps?q=23.02809,72.4765899"
store_007564,SHIVANSH ENTERPRISE,Dombivli East,19.2137569,73.0865713,"https://www.google.com/maps?q=19.2137569,73.0865713"
store_007565,SHREE SAMARTH KRUPA ENTERPRISES,Dombivli East,19.193886,73.0927425,"https://www.google.com/maps?q=19.193886,73.0927425"
store_007569,Kore Mobile,Chandlodiya,23.0834924,72.546465,"https://www.google.com/maps?q=23.0834924,72.546465"
store_007568,Kore Mobile,Science City Road,23.071673,72.516684,"https://www.google.com/maps?q=23.071673,72.516684"
store_007570,Gulzar Electronics,seelampur,28.6630004,77.25930199999999,"https://www.google.com/maps?q=28.6630004,77.25930199999999"
store_007571,Gupta electro world,shahdra,28.677296,77.28914619999999,"https://www.google.com/maps?q=28.677296,77.28914619999999"
store_007572,Sri balaji Electronics,Krishna nagar,28.6588465,77.2837667,"https://www.google.com/maps?q=28.6588465,77.2837667"
store_007576,Godrej Branch HO,Bangalore,12.9856996,77.5807584,"https://www.google.com/maps?q=12.9856996,77.5807584"
store_007579,Unique electronics,saket,28.51574,77.2057548,"https://www.google.com/maps?q=28.51574,77.2057548"
store_007585,"(Om Ent.) ROYAL ENTERPRISES, Chembur",Mumbai,19.0521102,72.9001454,"https://www.google.com/maps?q=19.0521102,72.9001454"
store_007586,"(Om Ent.) GURUNANAK ELECTRONICS, Chembur",Mumbai,19.0457374,72.89659040000001,"https://www.google.com/maps?q=19.0457374,72.89659040000001"
store_007590,"(Om Ent.) GURUNANAK ELECTRONICS, Chembur",Mumbai,19.0457374,72.89659040000001,"https://www.google.com/maps?q=19.0457374,72.89659040000001"
store_007584,(Om Ent.) SHREE AAMAJ MA ELECTRONICS,Mumbai,19.0957767,72.9019332,"https://www.google.com/maps?q=19.0957767,72.9019332"
store_007583,"(Om Ent.) ANIL AUDIO VIDEO, Chembur",Mumbai,19.0679073,72.89472289999999,"https://www.google.com/maps?q=19.0679073,72.89472289999999"
store_007580,Utkal Sales,Bhubaneswar,20.2436596,85.85522279999999,"https://www.google.com/maps?q=20.2436596,85.85522279999999"
store_007582,Godrej HO,Pune,18.5311227,73.8711036,"https://www.google.com/maps?q=18.5311227,73.8711036"
store_007581,Haier HO,Ghaziabad,28.4632197,77.5894635,"https://www.google.com/maps?q=28.4632197,77.5894635"
store_007595,Sneha sons,Delhi,28.7002653,77.1678192,"https://www.google.com/maps?q=28.7002653,77.1678192"
store_007597,PVR Electronics,Delhi,28.6391104,77.28490459999999,"https://www.google.com/maps?q=28.6391104,77.28490459999999"
store_007596,Anamaya Innovations,Delhi,28.66561639999999,77.14326969999999,"https://www.google.com/maps?q=28.66561639999999,77.14326969999999"
store_007599,Ultra electronics,Delhi,28.7003354,77.2052236,"https://www.google.com/maps?q=28.7003354,77.2052236"
store_007600,Kore Mobile,New Ranip,23.0892124,72.5649392,"https://www.google.com/maps?q=23.0892124,72.5649392"
store_007602,Kore Mobile,Pethapur,23.2667683,72.6672123,"https://www.google.com/maps?q=23.2667683,72.6672123"
store_007601,Kore Mobile,Kalol,23.2411827,72.5026518,"https://www.google.com/maps?q=23.2411827,72.5026518"
store_007603,Godrej Head Office,Kolkata,22.5734996,88.4376726,"https://www.google.com/maps?q=22.5734996,88.4376726"
store_007615,Tegh solution,Delhi,28.6032708,77.05683680000001,"https://www.google.com/maps?q=28.6032708,77.05683680000001"
store_007616,Kore -  Isanpur,Gujarat,22.9842466,72.5973099,"https://www.google.com/maps?q=22.9842466,72.5973099"
store_007617,Kore - Odhav,Gujarat,23.0312493,72.57109729999999,"https://www.google.com/maps?q=23.0312493,72.57109729999999"
store_007619,Kore - Nikol - Raspan,Gujarat,23.0501565,72.6701921,"https://www.google.com/maps?q=23.0501565,72.6701921"
store_007618,Kore - Raipur Chakla,Gujarat,23.0205751,72.5940206,"https://www.google.com/maps?q=23.0205751,72.5940206"
store_007621,Ashish Electronics,Mumbai,28.460568,77.0264579,"https://www.google.com/maps?q=28.460568,77.0264579"
store_007620,Chamunda Electronics,Mumbai,19.184212,73.0438696,"https://www.google.com/maps?q=19.184212,73.0438696"
store_007622,Sanjay Electronics - North Delhi,Delhi,28.75289029999999,77.1991429,"https://www.google.com/maps?q=28.75289029999999,77.1991429"
store_007624,priyanshi mobile,Indore,22.6857485,75.8905731,"https://www.google.com/maps?q=22.6857485,75.8905731"
store_007625,japan sales,Indore,22.7039942,75.8418329,"https://www.google.com/maps?q=22.7039942,75.8418329"
store_007623,Madhurvani marketing,Indore,,,
store_007626,ASP - Arihant Enterprises,Pune,18.5103685,73.86741730000001,"https://www.google.com/maps?q=18.5103685,73.86741730000001"
store_007627,Mohit Mobile,Indore,22.7230903,75.8235266,"https://www.google.com/maps?q=22.7230903,75.8235266"
store_007629,KIRAN ELECTRONICS,Mumbai,19.128406,72.9252541,"https://www.google.com/maps?q=19.128406,72.9252541"
store_007649,S.M MOBILE AND ELECTRONIC (Vasai-E) (Nothing),Mumbai,19.4169076,72.8595495,"https://www.google.com/maps?q=19.4169076,72.8595495"
store_007647,RAJESH MOBILES (AMBERNATH-W),Mumbai,19.211002,73.1870419,"https://www.google.com/maps?q=19.211002,73.1870419"
store_007661,Royal Mobile Hub,Mumbai,19.065589,72.8769174,"https://www.google.com/maps?q=19.065589,72.8769174"
store_007650,SHAH ELECTRONICS (THANE),Mumbai,19.1890636,72.9770389,"https://www.google.com/maps?q=19.1890636,72.9770389"
store_007648,RAMDEV MOBILES (CHARNI ROAD),Mumbai,18.9543005,72.81830149999999,"https://www.google.com/maps?q=18.9543005,72.81830149999999"
store_007651,SOUND OF MUSIC (ULHASNAGAR),Mumbai,19.2270719,73.1616979,"https://www.google.com/maps?q=19.2270719,73.1616979"
store_007630,AASHAPURA THE MOBILE SHOPPEE (MIRA ROAD),Thane,19.2740388,72.86952699999999,"https://www.google.com/maps?q=19.2740388,72.86952699999999"
store_007631,ADESHWAR COLLECTION (GHATKOPAR-W),Mumbai,19.0867338,72.9079909,"https://www.google.com/maps?q=19.0867338,72.9079909"
store_007633,APNA MOBILE CENTRE (KURLA),Mumbai,19.0693698,72.8821846,"https://www.google.com/maps?q=19.0693698,72.8821846"
store_007635,BHANUSHALI MOBILE POINT (GHATKOPAR),Mumbai,19.0867533,72.9079532,"https://www.google.com/maps?q=19.0867533,72.9079532"
store_007636,CELL O CITY (KURLA-E),Mumbai,19.0641815,72.8812543,"https://www.google.com/maps?q=19.0641815,72.8812543"
store_007656,B N X  Smart Phone,Mumbai,19.1619979,73.02880259999999,"https://www.google.com/maps?q=19.1619979,73.02880259999999"
store_007645,NAMASTE TRADELINK (KALYAN W),Mumbai,19.2421436,73.14313349999999,"https://www.google.com/maps?q=19.2421436,73.14313349999999"
store_007639,GLOWALPHA INNOVATIONS PRIVATE LIMITED,Mumbai,19.1313938,72.8557019,"https://www.google.com/maps?q=19.1313938,72.8557019"
store_007641,HELLO THANEKARS MOBILES AND ACCESSORIES,Thane,19.2273718,72.9806487,"https://www.google.com/maps?q=19.2273718,72.9806487"
store_007640,GUNJAN TIME (SANTACRUZ),Mumbai,19.0810283,72.8411598,"https://www.google.com/maps?q=19.0810283,72.8411598"
store_007643,JAY BHAWANI MOBILE SHOP (NALASOPARA EAST),Thane,19.4258563,72.837555,"https://www.google.com/maps?q=19.4258563,72.837555"
store_007642,JAI MATA DI ELECTRONICS (ULHASNAGAR),Mumbai,19.2289,73.1595,"https://www.google.com/maps?q=19.2289,73.1595"
store_007668,Smart Cool,Delhi,28.5491869,77.29802459999999,"https://www.google.com/maps?q=28.5491869,77.29802459999999"
store_007670,Shri Shyam TelePoint,Delhi,28.6102194,76.9922519,"https://www.google.com/maps?q=28.6102194,76.9922519"
store_007672,Samsung HO,chennai,13.0168714,80.2150073,"https://www.google.com/maps?q=13.0168714,80.2150073"
store_007676,Xiaomi - Head Office,Kolkata,22.5144373,88.32632369999999,"https://www.google.com/maps?q=22.5144373,88.32632369999999"
store_007682,Kore@Jail Road,Delhi,28.6352272,77.0968932,"https://www.google.com/maps?q=28.6352272,77.0968932"
store_007683,Kore@Naraina,Delhi,28.6281327,77.1365089,"https://www.google.com/maps?q=28.6281327,77.1365089"
store_007684,Kore@Laxinagar,Delhi,28.6321141,77.279253,"https://www.google.com/maps?q=28.6321141,77.279253"
store_007678,Nishu Mobile,Indore,22.7230509,75.91879589999999,"https://www.google.com/maps?q=22.7230509,75.91879589999999"
store_007687,Godrej Branch office,Bhubaneshwar,20.3256783,85.8834868,"https://www.google.com/maps?q=20.3256783,85.8834868"
store_007685,Omm Care Solutions,Bhubaneshwar,20.3325306,85.8219048,"https://www.google.com/maps?q=20.3325306,85.8219048"
store_007686,Sivam Enterprise,Bhubaneshwar,20.2964924,85.8634467,"https://www.google.com/maps?q=20.2964924,85.8634467"
store_007688,"Matrix, Distributor Office (Ghatkopar)",Mumbai,19.0508606,72.91786479999999,"https://www.google.com/maps?q=19.0508606,72.91786479999999"
store_007689,SATHI TRADERS,Kolkata,22.6661212,88.3842718,"https://www.google.com/maps?q=22.6661212,88.3842718"
store_007690,MENOKAJOTY,Kolkata,22.5473447,88.3511434,"https://www.google.com/maps?q=22.5473447,88.3511434"
store_007691,Shilpi Mobile and Electronics,Delhi,28.5141446,77.2324029,"https://www.google.com/maps?q=28.5141446,77.2324029"
store_007692,Ritwik Enterprises,Delhi,28.5070724,77.2322101,"https://www.google.com/maps?q=28.5070724,77.2322101"
store_007697,VARDHAMAN MOBILE (Sakinaka),Mumbai,19.1047611,72.8867623,"https://www.google.com/maps?q=19.1047611,72.8867623"
store_007696,Jayesh Novelty (Govandi),Mumbai,19.0450389,72.89724989999999,"https://www.google.com/maps?q=19.0450389,72.89724989999999"
store_007694,Alfiya Mobile (Dharavi),Mumbai,19.0439031,72.85804089999999,"https://www.google.com/maps?q=19.0439031,72.85804089999999"
store_007695,K.G.N. Electronic Marketing (Dharavi),Mumbai,19.044667,72.85839659999999,"https://www.google.com/maps?q=19.044667,72.85839659999999"
store_007698,Swastik Communication Centre (Sakinaka),Mumbai,19.1038075,72.8871217,"https://www.google.com/maps?q=19.1038075,72.8871217"
store_007699,Cell World NX (Govandi),Mumbai,19.0657995,72.9199914,"https://www.google.com/maps?q=19.0657995,72.9199914"
store_007700,Ganesh Electronics (Dombivali),Mumbai,19.2162108,73.0870809,"https://www.google.com/maps?q=19.2162108,73.0870809"