ID,StoreName,City,Latitude,Longitude,GoogleMapsLink
store_000001,"VS-VIJAY SALES (GREATER NOIDA)","Greater Noida",28.4729904,77.51506239999999,https://www.google.com/maps?q=28.4729904,77.51506239999999
store_000002,"VS-VIJAY SALES (SEC 18)","Noida",28.5714679,77.3234538,https://www.google.com/maps?q=28.5714679,77.3234538
store_000003,"VS-VIJAY SALES (RDC)","Ghaziabad",28.6736397,77.4433497,https://www.google.com/maps?q=28.6736397,77.4433497
store_000004,"VS-VIJAY SALES (GOUR CHOWK)","Greater Noida",28.5922925,77.4364624,https://www.google.com/maps?q=28.5922925,77.4364624
store_000005,"VS-VIJAY SALES (INDRAPURAM)","Ghaziabad",28.6394028,77.36184449999999,https://www.google.com/maps?q=28.6394028,77.36184449999999
store_000006,"Croma-Agra-SRK Mall","Agra",27.2107048,77.9997209,https://www.google.com/maps?q=27.2107048,77.9997209
store_000007,"Croma-Bulandshahr-Raja Babu Road","Bulandshahr",28.4000457,77.84923549999999,https://www.google.com/maps?q=28.4000457,77.84923549999999
store_000008,"Croma-Agra-Fatehabad Road","Agra",27.1584597,78.04482569999999,https://www.google.com/maps?q=27.1584597,78.04482569999999
store_000009,"Croma-Agra-Church Road","Agra",27.2031307,78.0011916,https://www.google.com/maps?q=27.2031307,78.0011916
store_000010,"Croma-Ghazibad- Gaur Central RDC Mall","Ghaziabad",28.6737731,77.44050399999999,https://www.google.com/maps?q=28.6737731,77.44050399999999
store_000011,"Croma-Noida-Golden I","Noida",28.5911757,77.4350975,https://www.google.com/maps?q=28.5911757,77.4350975
store_000012,"Croma-Noida-Gaur Mall","Noida",28.6061068,77.4295703,https://www.google.com/maps?q=28.6061068,77.4295703
store_000013,"Croma-Ghazibad-Aditya Mall","Ghaziabad",28.6386316,77.36205249999999,https://www.google.com/maps?q=28.6386316,77.36205249999999
store_000014,"Croma-Ghaziabad-Raj Nagar Extension","Ghaziabad",28.7044656,77.4153594,https://www.google.com/maps?q=28.7044656,77.4153594
store_000015,"Croma-Ghazibad-Pacific Mall","Ghaziabad",28.6467521,77.32011109999999,https://www.google.com/maps?q=28.6467521,77.32011109999999
store_000016,"Croma-Noida-Mall of India","Noida",28.5666962,77.3214364,https://www.google.com/maps?q=28.5666962,77.3214364
store_000017,"Croma-Noida-Logix Mall","Noida",28.5745886,77.3535435,https://www.google.com/maps?q=28.5745886,77.3535435
store_000018,"Croma-Noida-iThum’s Galleria","Noida",28.4775224,77.5235599,https://www.google.com/maps?q=28.4775224,77.5235599
store_000019,"Croma-Greater Noida-Ansal Plaza Mall","Noida",28.4637632,77.5072922,https://www.google.com/maps?q=28.4637632,77.5072922
store_000020,"Croma-Noida-Sector 122","Noida",28.5947071,77.3967511,https://www.google.com/maps?q=28.5947071,77.3967511
store_000021,"Croma-Noida-Expo Plaza","Noida",28.457025,77.49931699999999,https://www.google.com/maps?q=28.457025,77.49931699999999
store_000022,"AIR PAVILION","Greater Noida",28.5212575,77.35679390000001,https://www.google.com/maps?q=28.5212575,77.35679390000001
store_000024,"SHYAM ELECTRICALS","Ghaziabad",28.677627,77.42597839999999,https://www.google.com/maps?q=28.677627,77.42597839999999
store_000026,"BHASIN BROTHERS","Meerut",28.9929826,77.7056782,https://www.google.com/maps?q=28.9929826,77.7056782
store_000027,"METRO ELECTRICALS","Meerut",29.0246378,77.68616800000001,https://www.google.com/maps?q=29.0246378,77.68616800000001
store_000030,"SS ENTERPRISES","Noida",28.5376327,77.3866948,https://www.google.com/maps?q=28.5376327,77.3866948
store_000033,"AARCO ELECTROLINKS","Amritsar",31.6339793,74.8722642,https://www.google.com/maps?q=31.6339793,74.8722642
store_000035,"SMART ELCTRONICS","Noida",28.6069478,77.37971050000002,https://www.google.com/maps?q=28.6069478,77.37971050000002
store_000047,"LAXMI ELECTRONICS","Ghaziabad",28.6461156,77.4173556,https://www.google.com/maps?q=28.6461156,77.4173556
store_000053,"ARJUN AND SONS","Amritsar",31.6298509,74.8755779,https://www.google.com/maps?q=31.6298509,74.8755779
store_000054,"M S DISTRIBUTORS","Ghaziabad",28.6470732,77.44985439999999,https://www.google.com/maps?q=28.6470732,77.44985439999999
store_000055,"KIRTI ELECTROWORLD","Ghaziabad",28.5466416,77.5457083,https://www.google.com/maps?q=28.5466416,77.5457083
store_000058,"ELECTRIC POINT","Ghaziabad",28.6676911,77.4275454,https://www.google.com/maps?q=28.6676911,77.4275454
store_000060,"R.D.ELECTRONICS","Greater Noida",28.5127109,77.4772536,https://www.google.com/maps?q=28.5127109,77.4772536
store_000062,"RAM ELECTRONICS","Meerut",28.9856958,77.6698464,https://www.google.com/maps?q=28.9856958,77.6698464
store_000063,"AIRNET","Noida",28.6173478,77.3529964,https://www.google.com/maps?q=28.6173478,77.3529964
store_000066,"ARORA ELECTRONICS","Amritsar",31.6280579,74.8748492,https://www.google.com/maps?q=31.6280579,74.8748492
store_000078,"ANUCOOL AIRCON","Meerut",28.9717109,77.66911970000001,https://www.google.com/maps?q=28.9717109,77.66911970000001
store_000080,"VS-Panvel Br","Thane",18.9655573,73.1946573,https://www.google.com/maps?q=18.9655573,73.1946573
store_000081,"VS-Borivali Br","Mumbai",19.2290548,72.85740249999999,https://www.google.com/maps?q=19.2290548,72.85740249999999
store_000082,"VS-Pune(Bhosari) Br","Pune",18.6522806,73.83997169999999,https://www.google.com/maps?q=18.6522806,73.83997169999999
store_000083,"VS-Pune(S Bapat Rd)","Pune",18.5336359,73.829622,https://www.google.com/maps?q=18.5336359,73.829622
store_000084,"VS-Pune(Station Rd) Br","Pune",18.5285053,73.8744122,https://www.google.com/maps?q=18.5285053,73.8744122
store_000085,"VS-Ghodbunder Br","Thane",19.262564,72.96373179999999,https://www.google.com/maps?q=19.262564,72.96373179999999
store_000086,"VS-Haryana(Mewla M.) Br","Faridabad",28.4414105,77.3029358,https://www.google.com/maps?q=28.4414105,77.3029358
store_000087,"VS-Haryana(Faridabad) Br","Faridabad",28.4094338,77.3178807,https://www.google.com/maps?q=28.4094338,77.3178807
store_000088,"VS-Pune(Nagar Road) Br","Pune",18.5633721,73.9171851,https://www.google.com/maps?q=18.5633721,73.9171851
store_000089,"VS-Pune(Hadapsar)","Pune",18.5088443,73.9182308,https://www.google.com/maps?q=18.5088443,73.9182308
store_000090,"VS-Delhi(Rajouri Garden) Br","Delhi",28.6456877,77.12002059999999,https://www.google.com/maps?q=28.6456877,77.12002059999999
store_000091,"VS-Pune(Kothrud) Br","Pune",18.5023133,73.8018396,https://www.google.com/maps?q=18.5023133,73.8018396
store_000092,"VS-Bhiwandi Br","Thane",19.2615426,73.02763039999999,https://www.google.com/maps?q=19.2615426,73.02763039999999
store_000093,"VS-Pune(Chinchwad) Br","Pune",18.6237625,73.7856575,https://www.google.com/maps?q=18.6237625,73.7856575
store_000094,"VS-Ts(Boduppal)","Hyderabad",17.4200129,78.58460319999999,https://www.google.com/maps?q=17.4200129,78.58460319999999
store_000095,"VS-Delhi(Daryaganj)","Delhi",28.6479786,77.2430828,https://www.google.com/maps?q=28.6479786,77.2430828
store_000096,"VS-Ts(Karmanghat)","Hyderabad",17.3446539,78.52949579999999,https://www.google.com/maps?q=17.3446539,78.52949579999999
store_000097,"VS-Prabhadevi Br","Mumbai",19.0180739,72.8305496,https://www.google.com/maps?q=19.0180739,72.8305496
store_000098,"VS-Delhi(Vikas Marg) Br","Delhi",28.6394849,77.29199109999999,https://www.google.com/maps?q=28.6394849,77.29199109999999
store_000099,"VS-Malad","Mumbai",19.1874459,72.8483689,https://www.google.com/maps?q=19.1874459,72.8483689
store_000100,"VS-Vashi Br","Thane",19.0632517,72.9988553,https://www.google.com/maps?q=19.0632517,72.9988553
store_000101,"VS-Opera House Br","Mumbai",18.9560988,72.8156089,https://www.google.com/maps?q=18.9560988,72.8156089
store_000102,"VS-Mira Road Br","Thane",19.2805378,72.87594179999999,https://www.google.com/maps?q=19.2805378,72.87594179999999
store_000103,"VS-Virar Br","Thane",19.4563596,72.79246119999999,https://www.google.com/maps?q=19.4563596,72.79246119999999
store_000104,"VS-Delhi(Janakpuri) Br","Delhi",28.6276766,77.0739622,https://www.google.com/maps?q=28.6276766,77.0739622
store_000105,"VS-Haryana(New Faridabad)","Faridabad",28.4094338,77.3178807,https://www.google.com/maps?q=28.4094338,77.3178807
store_000106,"VS-Mahim Br","Mumbai",19.0344814,72.8421067,https://www.google.com/maps?q=19.0344814,72.8421067
store_000107,"VS-Ahmedabad(Maninagar) Br","Ahmedabad",22.999069,72.61093699999999,https://www.google.com/maps?q=22.999069,72.61093699999999
store_000108,"VS-DELHI(KRISHNA NAGAR)","Delhi",28.6509821,77.286333,https://www.google.com/maps?q=28.6509821,77.286333
store_000109,"VS-Dombivli Br","Thane",19.1994164,73.1060574,https://www.google.com/maps?q=19.1994164,73.1060574
store_000110,"VS-Pune(Kondhawa)","Pune",18.464974,73.8798127,https://www.google.com/maps?q=18.464974,73.8798127
store_000111,"VS-Pune(Baner) Br","Pune",18.5696918,73.78077069999999,https://www.google.com/maps?q=18.5696918,73.78077069999999
store_000112,"VS-Delhi(Karol Bagh) Br","Delhi",28.6453079,77.2026635,https://www.google.com/maps?q=28.6453079,77.2026635
store_000113,"VS-Delhi(Hauz Khas)","Delhi",28.5531541,77.1935275,https://www.google.com/maps?q=28.5531541,77.1935275
store_000114,"VS-Pune(Rahatni) Br","Pune",18.5999365,73.80356069999999,https://www.google.com/maps?q=18.5999365,73.80356069999999
store_000115,"VS-Surat(Vip Road-Vesu)","Surat",21.1417761,72.77094149999999,https://www.google.com/maps?q=21.1417761,72.77094149999999
store_000116,"VS-Ts(Jubilee Hills)","Hyderabad",17.4315961,78.4065686,https://www.google.com/maps?q=17.4315961,78.4065686
store_000117,"VS-Pune(Satara Rd) Br","Pune",18.4592417,73.8584296,https://www.google.com/maps?q=18.4592417,73.8584296
store_000118,"VS-Delhi(Model Town Iii) Br","Delhi",28.7091426,77.1845642,https://www.google.com/maps?q=28.7091426,77.1845642
store_000119,"VS-Goregaon (W) Br","Mumbai",19.1606204,72.8407879,https://www.google.com/maps?q=19.1606204,72.8407879
store_000120,"VS-Delhi(Shahdara) Br","Delhi",28.6634777,77.291393,https://www.google.com/maps?q=28.6634777,77.291393
store_000121,"VS-Delhi(Mahavir Enclave)","Delhi",28.5993858,77.08174939999999,https://www.google.com/maps?q=28.5993858,77.08174939999999
store_000122,"VS-Ts(Vivekananda Nagar)","Hyderabad",17.4930988,78.40920020000002,https://www.google.com/maps?q=17.4930988,78.40920020000002
store_000123,"VS-Haryana(Jacobpura) Br","Gurugram",28.4585361,77.0344315,https://www.google.com/maps?q=28.4585361,77.0344315
store_000124,"VS-Belapur Br","Thane",19.0188208,73.038839,https://www.google.com/maps?q=19.0188208,73.038839
store_000125,"VS-Delhi(Paschim Vihar)","Delhi",28.6746861,77.08416609999999,https://www.google.com/maps?q=28.6746861,77.08416609999999
store_000126,"VS-Surat(Varachha) Br","Surat",21.2100759,72.8496193,https://www.google.com/maps?q=21.2100759,72.8496193
store_000127,"VS-Chembur Br","Mumbai",19.0594745,72.90079469999999,https://www.google.com/maps?q=19.0594745,72.90079469999999
store_000128,"VS-Haryana(Palam Vihar Rd)","Gurugram",28.4983753,77.0300213,https://www.google.com/maps?q=28.4983753,77.0300213
store_000129,"VS-Badlapur","Thane",19.1652814,73.2335229,https://www.google.com/maps?q=19.1652814,73.2335229
store_000130,"VS-Delhi(Lajpatnagar) Br","Delhi",28.568148,77.24743289999999,https://www.google.com/maps?q=28.568148,77.24743289999999
store_000131,"VS-Delhi(Durgapuri)","Delhi",28.6891786,77.288491,https://www.google.com/maps?q=28.6891786,77.288491
store_000132,"VS-Ts(Tolichowki- Aditya Ngr)","Hyderabad",17.3999485,78.40937219999999,https://www.google.com/maps?q=17.3999485,78.40937219999999
store_000133,"VS-Vasai Br","Thane",19.3919275,72.8397317,https://www.google.com/maps?q=19.3919275,72.8397317
store_000134,"VS-Surat(Mota Varachha)","Surat",21.2322423,72.87715759999999,https://www.google.com/maps?q=21.2322423,72.87715759999999
store_000135,"VS-Palghar","Thane",19.6967136,72.769885,https://www.google.com/maps?q=19.6967136,72.769885
store_000136,"VS-Ahmedabad(Dev Arc) Br","Ahmedabad",23.0254803,72.507722,https://www.google.com/maps?q=23.0254803,72.507722
store_000137,"VS-Ts(Attapur)","Hyderabad",17.3588615,78.435203,https://www.google.com/maps?q=17.3588615,78.435203
store_000138,"VS-Linking Road Br","Mumbai",19.0746806,72.8343241,https://www.google.com/maps?q=19.0746806,72.8343241
store_000139,"VS-Andheri Br","Mumbai",19.1126518,72.84868519999999,https://www.google.com/maps?q=19.1126518,72.84868519999999
store_000140,"VS-Delhi(Dwarka) Br","Delhi",28.5926266,77.0414886,https://www.google.com/maps?q=28.5926266,77.0414886
store_000141,"VS-Ts(Hastinapur)","Hyderabad",17.3316773,78.55270469999999,https://www.google.com/maps?q=17.3316773,78.55270469999999
store_000142,"VS-Thane Br","Thane",19.1907884,72.9533376,https://www.google.com/maps?q=19.1907884,72.9533376
store_000143,"VS-Ts(Kompally)","Hyderabad",17.5851644,78.4985018,https://www.google.com/maps?q=17.5851644,78.4985018
store_000144,"VS-Ts(Shah Ali Banda)","Hyderabad",17.3488585,78.47187799999999,https://www.google.com/maps?q=17.3488585,78.47187799999999
store_000145,"VS-Ts(Kompally- Golden Plaza)","Hyderabad",17.5380164,78.4897455,https://www.google.com/maps?q=17.5380164,78.4897455
store_000146,"VS-Haryana(Gurgaon) Br","Gurugram",28.3933917,76.9868777,https://www.google.com/maps?q=28.3933917,76.9868777
store_000147,"VS-Delhi(Burari)","Delhi",28.7452094,77.1981521,https://www.google.com/maps?q=28.7452094,77.1981521
store_000148,"VS-Surat(Parvat Patiya)","Surat",21.1969326,72.8751458,https://www.google.com/maps?q=21.1969326,72.8751458
store_000149,"VS-Pune(Dhankawadi-Satara Rd)","Pune",18.4703386,73.8567191,https://www.google.com/maps?q=18.4703386,73.8567191
store_000150,"VS-Chakala Andheri Br","Mumbai",19.1142318,72.8612493,https://www.google.com/maps?q=19.1142318,72.8612493
store_000151,"VS-Delhi(Patel Nagar) Br","Delhi",28.6438956,77.173891,https://www.google.com/maps?q=28.6438956,77.173891
store_000152,"VS-Ahmedabad(Ashram Rd) Br","Ahmedabad",23.022505,72.571362,https://www.google.com/maps?q=23.022505,72.571362
store_000153,"VS-Bhandup Br","Mumbai",19.1623701,72.9376316,https://www.google.com/maps?q=19.1623701,72.9376316
store_000154,"VS-Sion Br","Mumbai",19.0465102,72.8632615,https://www.google.com/maps?q=19.0465102,72.8632615
store_000155,"VS-Surat Br","Surat",21.1621307,72.8121717,https://www.google.com/maps?q=21.1621307,72.8121717
store_000156,"VS-Surat(Ved Road)","Surat",21.1893349,72.8945122,https://www.google.com/maps?q=21.1893349,72.8945122
store_000157,"VS-Ghatkopar(Lbs Marg) Br","Mumbai",19.0942098,72.9128182,https://www.google.com/maps?q=19.0942098,72.9128182
store_000158,"VS-Goregaon (E) Br","Mumbai",19.1598541,72.85139099999999,https://www.google.com/maps?q=19.1598541,72.85139099999999
store_000159,"VS-Surat(Rander Rd) Br","Surat",21.193202,72.8503709,https://www.google.com/maps?q=21.193202,72.8503709
store_000160,"VS-Pune(Hinjewadi) Br","Pune",18.595921,73.7230627,https://www.google.com/maps?q=18.595921,73.7230627
store_000161,"VS-Ahmedabad(Chandkheda Rd) Br","Ahmedabad",23.1198332,72.5671802,https://www.google.com/maps?q=23.1198332,72.5671802
store_000162,"VS-Delhi(Nawada)","Delhi",28.62026,77.04507,https://www.google.com/maps?q=28.62026,77.04507
store_000163,"VS-Kalyan Br","Thane",19.1984667,72.967822,https://www.google.com/maps?q=19.1984667,72.967822
store_000164,"VS-Ts(Nacharam)","Hyderabad",17.4479974,78.5711043,https://www.google.com/maps?q=17.4479974,78.5711043
store_000165,"VS-Infiniti Br","Mumbai",19.1412127,72.8309064,https://www.google.com/maps?q=19.1412127,72.8309064
store_000166,"VS-Ts(Kothapet)","Hyderabad",17.3636474,78.60011949999999,https://www.google.com/maps?q=17.3636474,78.60011949999999
store_000167,"VS-Delhi(Uttam Nagar) Br","Delhi",28.6231907,77.0617383,https://www.google.com/maps?q=28.6231907,77.0617383
store_000168,"VS-Delhi(Pitampura) Br","Delhi",28.7078739,77.1363111,https://www.google.com/maps?q=28.7078739,77.1363111
store_000169,"VS-Surat(Bhatar)","Surat",21.168878,72.8206991,https://www.google.com/maps?q=21.168878,72.8206991
store_000170,"VS-Delhi(Nangloi)","Delhi",28.676395,77.0626488,https://www.google.com/maps?q=28.676395,77.0626488
store_000171,"VS-Delhi(Rohini) Br","Delhi",28.7349965,77.0521014,https://www.google.com/maps?q=28.7349965,77.0521014
store_000172,"VS-Ts(Bhel)","Hyderabad",17.5012091,78.2985997,https://www.google.com/maps?q=17.5012091,78.2985997
store_000173,"VS-Ahmedabad(Vishala) Br","Ahmedabad",22.9928884,72.5367235,https://www.google.com/maps?q=22.9928884,72.5367235
store_000174,"VS-Ts(Nagole)","Hyderabad",17.3678999,78.56978819999999,https://www.google.com/maps?q=17.3678999,78.56978819999999
store_000175,"VS-Delhi(Narela)","Delhi",28.8563401,77.0885148,https://www.google.com/maps?q=28.8563401,77.0885148
store_000176,"VS-Pune(Solapur Rd) Br","Pune",18.5034,73.9279,https://www.google.com/maps?q=18.5034,73.9279
store_000177,"VS-Santacruz Br","Mumbai",19.0926888,72.8397664,https://www.google.com/maps?q=19.0926888,72.8397664
store_000178,"VS-Haryana(Sec-65 Ext Gurugram)","Gurugram",28.4043161,77.068992,https://www.google.com/maps?q=28.4043161,77.068992
store_000179,"VS-Ahmedabad(Shahi Baug) Br","Ahmedabad",23.0468575,72.58934599999999,https://www.google.com/maps?q=23.0468575,72.58934599999999
store_000180,"VS-Delhi(Roop Nagar)","Delhi",28.6842581,77.19969739999999,https://www.google.com/maps?q=28.6842581,77.19969739999999
store_000181,"VS-Ts(Kondapur)","Hyderabad",17.4603876,78.3533885,https://www.google.com/maps?q=17.4603876,78.3533885
store_000182,"VS-Delhi(Najafgarh)","Delhi",28.6026105,76.97519199999999,https://www.google.com/maps?q=28.6026105,76.97519199999999
store_000183,"VS-Kalyan(Khadakpada)","Thane",19.2512048,73.1403138,https://www.google.com/maps?q=19.2512048,73.1403138
store_000184,"VS-Ahmedabad(Bopal)","Ahmedabad",23.0336769,72.4634117,https://www.google.com/maps?q=23.0336769,72.4634117
store_000185,"VS-Mumbra(Kausa)","Thane",19.161523,73.02955159999999,https://www.google.com/maps?q=19.161523,73.02955159999999
store_000186,"VS-Ts(Chintalkunta)","Hyderabad",17.3363241,78.555792,https://www.google.com/maps?q=17.3363241,78.555792
store_000187,"VS-Kharghar(Patel Heritage)","Thane",19.0351038,73.0647608,https://www.google.com/maps?q=19.0351038,73.0647608
store_000188,"VS-Ghatkopar Br","Mumbai",19.0947509,72.90467029999999,https://www.google.com/maps?q=19.0947509,72.90467029999999
store_000189,"VS-Ahmedabad(Krishna Nagar) Br","Ahmedabad",23.0598517,72.6434577,https://www.google.com/maps?q=23.0598517,72.6434577
store_000190,"VS-Delhi(Kalkaji) Br","Delhi",28.5376496,77.26107089999999,https://www.google.com/maps?q=28.5376496,77.26107089999999
store_000191,"VS-Ts(A.S.Rao Nagar)","Hyderabad",17.4770671,78.5616569,https://www.google.com/maps?q=17.4770671,78.5616569
store_000192,"VS-Pune(Tilak Rd)Br","Pune",18.5014367,73.8579972,https://www.google.com/maps?q=18.5014367,73.8579972
store_000193,"VS-Delhi(Defence Enclave-Palam) Br","Delhi",28.5961823,77.09934989999999,https://www.google.com/maps?q=28.5961823,77.09934989999999
store_000194,"VS-Ts(Nagaram)","Hyderabad",17.485291,78.6098847,https://www.google.com/maps?q=17.485291,78.6098847
store_000195,"VS-Ahmedabad(Odhav) Br","Ahmedabad",23.0207022,72.6535493,https://www.google.com/maps?q=23.0207022,72.6535493
store_000196,"VS-Ts(Nallakunta)","Hyderabad",17.404166,78.504145,https://www.google.com/maps?q=17.404166,78.504145
store_000197,"VS-Ts(Mehdipatnam)","Hyderabad",17.3947753,78.4364281,https://www.google.com/maps?q=17.3947753,78.4364281
store_000198,"VS-Ts(Madinaguda)","Hyderabad",17.4964637,78.35888369999999,https://www.google.com/maps?q=17.4964637,78.35888369999999
store_000199,"VS-Ts(Paradise Circle)","Hyderabad",17.3424125,78.4222995,https://www.google.com/maps?q=17.3424125,78.4222995
store_000200,"VS-Haryana(M G Road) Br","Gurugram",28.4805477,77.0829313,https://www.google.com/maps?q=28.4805477,77.0829313
store_000201,"VS-Ahmedabad(R3Mall) Br","Ahmedabad",23.0463064,72.5403628,https://www.google.com/maps?q=23.0463064,72.5403628
store_000202,"VS-Ts(Mailardevpally)","Hyderabad",17.4773527,78.42649899999999,https://www.google.com/maps?q=17.4773527,78.42649899999999
store_000203,"VS-Ts(Sun City)","Hyderabad",17.3613792,78.3970588,https://www.google.com/maps?q=17.3613792,78.3970588
store_000204,"VS-Haryana(Dundahera)","Gurugram",28.5134376,77.0801899,https://www.google.com/maps?q=28.5134376,77.0801899
store_000205,"VS-Ulhasnagar Br","Thane",19.2215115,73.1644628,https://www.google.com/maps?q=19.2215115,73.1644628
store_000206,"VS-Ts(R C Puram)","Hyderabad",17.5231218,78.27420029999999,https://www.google.com/maps?q=17.5231218,78.27420029999999
store_000207,"VS-Ts(Punjagutta)","Hyderabad",17.428605,78.451161,https://www.google.com/maps?q=17.428605,78.451161
store_000208,"VS-Ahmedabad(Rakhial) Br","Ahmedabad",23.014818,72.644674,https://www.google.com/maps?q=23.014818,72.644674
store_000209,"VS-Ts(Chandrayangutta)","Hyderabad",17.3199127,78.46793290000001,https://www.google.com/maps?q=17.3199127,78.46793290000001
store_000210,"VS-Nallasopara Br","Thane",19.440977,72.878665,https://www.google.com/maps?q=19.440977,72.878665
store_000211,"VS-Vadodara(Kareli Baug)","Vadodara",22.3260515,73.1992892,https://www.google.com/maps?q=22.3260515,73.1992892
store_000212,"VS-Delhi(Budh Vihar)","Delhi",28.7141447,77.0871004,https://www.google.com/maps?q=28.7141447,77.0871004
store_000213,"VS-Delhi(Saket) Br","Delhi",28.5280842,77.2182409,https://www.google.com/maps?q=28.5280842,77.2182409
store_000214,"VS-Gandhinagar(Sargasan)","Ahmedabad",23.1851696,72.6164598,https://www.google.com/maps?q=23.1851696,72.6164598
store_000215,"VS-Ts(Malakpet)","Hyderabad",17.3769373,78.4905776,https://www.google.com/maps?q=17.3769373,78.4905776
store_000216,"VS-Ts(Hayathnagar)","Hyderabad",17.3237768,78.6003441,https://www.google.com/maps?q=17.3237768,78.6003441
store_000217,"VS-Vadodara(Alkapuri) Br","Vadodara",22.3102107,73.1748107,https://www.google.com/maps?q=22.3102107,73.1748107
store_000218,"VS-Ap(Tirupathi-M.R.Pally)","Tirupati",13.6159292,79.4067338,https://www.google.com/maps?q=13.6159292,79.4067338
store_000219,"VS-Ap(Vizag)","Vijayawada",16.5060411,80.6570911,https://www.google.com/maps?q=16.5060411,80.6570911
store_000220,"VS-Vadodara(Manjalpur) Br","Vadodara",22.2782813,73.1955329,https://www.google.com/maps?q=22.2782813,73.1955329
store_000221,"VS-Ap(Rajahmundry-Jln Road)","Rajahmundry",17.0251834,81.8038996,https://www.google.com/maps?q=17.0251834,81.8038996
store_000222,"VS-Ap(Ntr Circle)","Vijayawada",16.4965448,80.65688209999999,https://www.google.com/maps?q=16.4965448,80.65688209999999
store_000223,"VS-Ap(Vijayawada)","Vijayawada",16.5167928,80.64214369999999,https://www.google.com/maps?q=16.5167928,80.64214369999999
store_000224,"VS-Kharghar Br","Thane",19.047399,73.0697805,https://www.google.com/maps?q=19.047399,73.0697805
store_000225,"VS-Boisar Br","Mumbai",19.8003121,72.758341,https://www.google.com/maps?q=19.8003121,72.758341
store_000226,"VS-Ts(Warangal)","Warangal",17.9899608,79.5963302,https://www.google.com/maps?q=17.9899608,79.5963302
store_000227,"VS-Ts(Wrg-Pochamma Maidan)","Hyderabad",17.9886478,79.6007248,https://www.google.com/maps?q=17.9886478,79.6007248
store_000228,"VS-Ap(Kakinada)","Kakinada",16.9478217,82.2420317,https://www.google.com/maps?q=16.9478217,82.2420317
store_000229,"VS-Ap(Tirupathi-Leela Mahal Circle)","Tirupati",13.6417853,79.427655,https://www.google.com/maps?q=13.6417853,79.427655
store_000230,"VS-Ap(Rajamundry)","Rajahmundry",17.0251834,81.8038996,https://www.google.com/maps?q=17.0251834,81.8038996
store_000231,"VS-Vadodara(Kothi Road)","Vadodara",22.3038955,73.1947314,https://www.google.com/maps?q=22.3038955,73.1947314
store_000232,"Croma-Patna-Patliputra Golambar","Patna",25.6279936,85.11037360000002,https://www.google.com/maps?q=25.6279936,85.11037360000002
store_000233,"Croma-Patna-Frazer Road","Patna",25.6105779,85.1396804,https://www.google.com/maps?q=25.6105779,85.1396804
store_000234,"Croma-Dhanbad-Prabhatam Grand Mall","Dhanbad",23.8291425,86.4334023,https://www.google.com/maps?q=23.8291425,86.4334023
store_000235,"Croma-Jamshedpur-Bistupur","Jamshedpur",22.7986055,86.18359389999999,https://www.google.com/maps?q=22.7986055,86.18359389999999
store_000236,"Croma-Ara-Katira Station Road","Ara",25.5509972,84.65326220000001,https://www.google.com/maps?q=25.5509972,84.65326220000001
store_000237,"Croma-Darbhanga-Rajkumarganj Road","Darbhanga",26.1548743,85.8988868,https://www.google.com/maps?q=26.1548743,85.8988868
store_000238,"Croma-Muzaffarpur-Icon Plaza Mall","Muzaffarpur",26.1168957,85.36002649999999,https://www.google.com/maps?q=26.1168957,85.36002649999999
store_000239,"Croma-Gaya-Jail Road","Gaya",24.7833741,84.9895955,https://www.google.com/maps?q=24.7833741,84.9895955
store_000240,"Croma-Aurangabad-Old GT Road","Aurangabad",24.7598345,84.363917,https://www.google.com/maps?q=24.7598345,84.363917
store_000241,"Croma-Patna-Khagaul Road","Patna",25.606171,85.0420812,https://www.google.com/maps?q=25.606171,85.0420812
store_000242,"Croma-Kolkata-Rajarhat","Kolkata",22.5789941,88.46844019999999,https://www.google.com/maps?q=22.5789941,88.46844019999999
store_000243,"Croma-Kolkata-Dum Dum","Kolkata",22.61096820661392,88.4084536,https://www.google.com/maps?q=22.61096820661392,88.4084536
store_000244,"Croma-Howrah-Avani Mall","Kolkata",22.5626416,88.3233363,https://www.google.com/maps?q=22.5626416,88.3233363
store_000245,"Croma-Kolkata-Barasat","Kolkata",22.7114861,88.4776931,https://www.google.com/maps?q=22.7114861,88.4776931
store_000246,"Croma-Kolkata-Park Street","Kolkata",22.5542584,88.35085869999999,https://www.google.com/maps?q=22.5542584,88.35085869999999
store_000247,"Croma-Kolkata-Green Chinar","Kolkata",22.6224693,88.44753089999999,https://www.google.com/maps?q=22.6224693,88.44753089999999
store_000248,"Croma-Kolkata-Salt Lake Sector 1","Kolkata",22.58836820660655,88.40171555,https://www.google.com/maps?q=22.58836820660655,88.40171555
store_000249,"Croma-Chandigarh-Sector 22B","Chandigarh",30.7320826,76.7769168,https://www.google.com/maps?q=30.7320826,76.7769168
store_000250,"Croma-Mohali-TDI Connaught Plaza","Chandigarh",30.7229978,76.6830838,https://www.google.com/maps?q=30.7229978,76.6830838
store_000251,"Croma-Mohali-CP 67","Chandigarh",30.677157,76.72388579999999,https://www.google.com/maps?q=30.677157,76.72388579999999
store_000252,"Croma-Mohali-VR Mall","Chandigarh",30.7370577,76.6791822,https://www.google.com/maps?q=30.7370577,76.6791822
store_000253,"Croma-Chandigarh-Sector 35 B","Chandigarh",30.7243685,76.7644636,https://www.google.com/maps?q=30.7243685,76.7644636
store_000254,"Croma-Chandigarh-Elante Mall","Chandigarh",30.7050652,76.8022955,https://www.google.com/maps?q=30.7050652,76.8022955
store_000255,"Croma-Panchkula-Sector 11","Panchkula",30.6874281,76.8505746,https://www.google.com/maps?q=30.6874281,76.8505746
store_000256,"Croma-Chandigarh-Sector 07","Chandigarh",30.7332989,76.7978371,https://www.google.com/maps?q=30.7332989,76.7978371
store_000257,"Croma-Pune-Seasons Mall","Pune",18.5193788,73.93088949999999,https://www.google.com/maps?q=18.5193788,73.93088949999999
store_000258,"Croma-Pune-Baner","Pune",18.5659272,73.7713165,https://www.google.com/maps?q=18.5659272,73.7713165
store_000259,"Croma-Pune-PMC Mall","Pune",18.5624281,73.916523,https://www.google.com/maps?q=18.5624281,73.916523
store_000260,"Croma-Pune-Pimpri","Pune",18.6254304,73.8017532,https://www.google.com/maps?q=18.6254304,73.8017532
store_000261,"Croma-Pune-Katraj","Pune",18.4494405,73.8562362,https://www.google.com/maps?q=18.4494405,73.8562362
store_000262,"Croma-Pune-Moshi","Pune",18.6796284,73.8351236,https://www.google.com/maps?q=18.6796284,73.8351236
store_000263,"Croma-Pune-Wagholi","Pune",18.5860014,73.99455189999999,https://www.google.com/maps?q=18.5860014,73.99455189999999
store_000264,"Croma-Pune-Bavdhan","Pune",18.5232488,73.77985579999999,https://www.google.com/maps?q=18.5232488,73.77985579999999
store_000265,"Croma-Pune-93 Avenue","Pune",18.5058951,73.9066886,https://www.google.com/maps?q=18.5058951,73.9066886
store_000266,"Croma-Pune-Dhanori Road","Pune",18.5973912,73.8993057,https://www.google.com/maps?q=18.5973912,73.8993057
store_000267,"Croma-Pune-Datta Mandir Road","Pune",18.5986612,73.7635525,https://www.google.com/maps?q=18.5986612,73.7635525
store_000268,"Croma-Pune-Wakad","Pune",18.5986612,73.7635525,https://www.google.com/maps?q=18.5986612,73.7635525
store_000269,"Croma-Pune-Kothrud","Pune",18.498755,73.821795,https://www.google.com/maps?q=18.498755,73.821795
store_000270,"Croma-Pune-Chinchawad","Pune",18.6468723,73.78868159999999,https://www.google.com/maps?q=18.6468723,73.78868159999999
store_000271,"Croma-Pune-Westend Mall","Pune",18.5619955,73.807225,https://www.google.com/maps?q=18.5619955,73.807225
store_000272,"Croma-Pune-JVA Mall","Pune",18.4851443,73.8113818,https://www.google.com/maps?q=18.4851443,73.8113818
store_000273,"Croma-Pune-Phoenix Mall Of The Millennium","Pune",18.6006935,73.75666799999999,https://www.google.com/maps?q=18.6006935,73.75666799999999
store_000274,"Croma-Pune-Hinjewadi","Pune",18.5947247,73.7284652,https://www.google.com/maps?q=18.5947247,73.7284652
store_000275,"Croma-Pune-Aero Mall","Pune",18.5778375,73.90789509999999,https://www.google.com/maps?q=18.5778375,73.90789509999999
store_000276,"Croma-Pune-Kondhwa","Pune",18.4754444,73.9088316,https://www.google.com/maps?q=18.4754444,73.9088316
store_000277,"Croma-Pune-Chakan","Pune",18.7599485,73.8593052,https://www.google.com/maps?q=18.7599485,73.8593052
store_000278,"Croma-Pune-Dighi","Pune",18.6208972,73.873751,https://www.google.com/maps?q=18.6208972,73.873751
store_000279,"Croma-Pune-Sinhgad Road","Pune",18.4815557,73.8257509,https://www.google.com/maps?q=18.4815557,73.8257509
store_000280,"Croma-Lucknow-Vibhuti Khand","Lucknow",26.8675982,81.0127782,https://www.google.com/maps?q=26.8675982,81.0127782
store_000281,"Croma-Lucknow-Alambagh","Lucknow",26.799338,80.89752709999999,https://www.google.com/maps?q=26.799338,80.89752709999999
store_000282,"Croma-Lucknow-Aliganj","Lucknow",26.893095,80.94373410000001,https://www.google.com/maps?q=26.893095,80.94373410000001
store_000283,"Croma-Lucknow-Ratan Khand","Lucknow",26.7811356,80.92457209999999,https://www.google.com/maps?q=26.7811356,80.92457209999999
store_000284,"Croma-Lucknow-Palassio Mall","Lucknow",26.8095732,81.0133908,https://www.google.com/maps?q=26.8095732,81.0133908
store_000285,"Croma-Kanpur-Moti Jheel","Kanpur",26.478972,80.318111,https://www.google.com/maps?q=26.478972,80.318111
store_000286,"Croma-Lucknow-Vrindavan Yojna","Lucknow",26.7503624,80.95434910000002,https://www.google.com/maps?q=26.7503624,80.95434910000002
store_000287,"Croma-Lucknow-Faizabad Road","Lucknow",26.8870857,81.0539027,https://www.google.com/maps?q=26.8870857,81.0539027
store_000288,"Croma-Lucknow-Indra Nagar","Lucknow",26.8724034,80.97750880000001,https://www.google.com/maps?q=26.8724034,80.97750880000001
store_000289,"Croma-Kanpur-Awas Vikas","Kanpur",26.4893308,80.2541395,https://www.google.com/maps?q=26.4893308,80.2541395
store_000290,"Croma-Kanpur-Mall Road","Kanpur",26.4752729,80.3425376,https://www.google.com/maps?q=26.4752729,80.3425376
store_000291,"Croma-Lucknow-Aliganj Ring Road","Lucknow",26.893095,80.94373410000001,https://www.google.com/maps?q=26.893095,80.94373410000001
store_000292,"Croma-Kolkata-Acropolis Mall","Kolkata",22.5149601,88.3930985,https://www.google.com/maps?q=22.5149601,88.3930985
store_000293,"Croma-Kolkata-NSC Bose Road","Kolkata",22.4777045,88.3564239,https://www.google.com/maps?q=22.4777045,88.3564239
store_000294,"Croma-Kolkata-EM Bypass","Kolkata",22.5204425,88.3983592,https://www.google.com/maps?q=22.5204425,88.3983592
store_000295,"Croma-Kolkata-Kalikapur","Kolkata",22.502844,88.39504760000001,https://www.google.com/maps?q=22.502844,88.39504760000001
store_000296,"Croma-Kolkata-Sarat Bose Road","Kolkata",22.5299519,88.352734,https://www.google.com/maps?q=22.5299519,88.352734
store_000297,"Croma-Kolkata-Narendrapur","Kolkata",22.4369944,88.3938843,https://www.google.com/maps?q=22.4369944,88.3938843
store_000298,"Croma-Ahmedabad-Nikol","Ahmedabad",23.0327006,72.6683927,https://www.google.com/maps?q=23.0327006,72.6683927
store_000299,"Croma-Ahmedabad-Devarc","Ahmedabad",23.0270487,72.50819849999999,https://www.google.com/maps?q=23.0270487,72.50819849999999
store_000300,"Croma-Surat-Adajan","Surat",21.1870449,72.7902478,https://www.google.com/maps?q=21.1870449,72.7902478
store_000301,"Croma-Surat-Ghoddod","Surat",21.1751697,72.8112713,https://www.google.com/maps?q=21.1751697,72.8112713
store_000302,"Croma-Surat-VIP Road","Surat",21.1430502,72.79076049999999,https://www.google.com/maps?q=21.1430502,72.79076049999999
store_000303,"Croma-Surat-Ripple","Surat",21.1601859,72.7729018,https://www.google.com/maps?q=21.1601859,72.7729018
store_000304,"Croma-Ahmedabad-Satyam64","Ahmedabad",23.0790774,72.52644149999999,https://www.google.com/maps?q=23.0790774,72.52644149999999
store_000305,"Croma-Ahmedabad-Mani Nagar","Ahmedabad",23.0100398,72.5997209,https://www.google.com/maps?q=23.0100398,72.5997209
store_000306,"Croma-Ahmedabad-Shyamal Cross Road","Ahmedabad",23.0150747,72.5316729,https://www.google.com/maps?q=23.0150747,72.5316729
store_000307,"Croma-Surat-Deepkamal Mall","Surat",21.2291403,72.8966718,https://www.google.com/maps?q=21.2291403,72.8966718
store_000308,"Croma-Ahmedabad-Vastral","Ahmedabad",22.9977294,72.66551419999999,https://www.google.com/maps?q=22.9977294,72.66551419999999
store_000309,"Croma-Ahmedabad-Ratna","Ahmedabad",23.0298842,72.5701857,https://www.google.com/maps?q=23.0298842,72.5701857
store_000310,"Croma-Ahmedabad-Hathijan Circle","Ahmedabad",22.9576074,72.6561266,https://www.google.com/maps?q=22.9576074,72.6561266
store_000311,"Croma-Surat-Varachha Main Road","Surat",21.2291403,72.8966718,https://www.google.com/maps?q=21.2291403,72.8966718
store_000312,"Croma-Surat-Mota Varachha","Surat",21.2342409,72.87121770000002,https://www.google.com/maps?q=21.2342409,72.87121770000002
store_000313,"Croma-Ahmedabad -Science City","Ahmedabad",23.0864319,72.493006,https://www.google.com/maps?q=23.0864319,72.493006
store_000314,"Croma-Surat-Parvat Patiya","Surat",21.1913823,72.86484519999999,https://www.google.com/maps?q=21.1913823,72.86484519999999
store_000315,"Croma-Ahmedabad-Motera","Ahmedabad",23.1038781,72.5943949,https://www.google.com/maps?q=23.1038781,72.5943949
store_000316,"Croma-Surat-Jahangirabad","Surat",21.2302836,72.779521,https://www.google.com/maps?q=21.2302836,72.779521
store_000317,"Croma-Surat-Kamrej","Surat",21.2738744,72.9643964,https://www.google.com/maps?q=21.2738744,72.9643964
store_000318,"Croma-Surat-Gaurav Path","Surat",21.2109412,72.7664049,https://www.google.com/maps?q=21.2109412,72.7664049
store_000319,"Croma-Surat-Katargam","Surat",21.2364044,72.8223433,https://www.google.com/maps?q=21.2364044,72.8223433
store_000320,"Croma-Surat-Bhagal","Surat",21.1986521,72.82746159999999,https://www.google.com/maps?q=21.1986521,72.82746159999999
store_000321,"Croma-Ahmedabad-Odhav","Ahmedabad",23.0327006,72.6683927,https://www.google.com/maps?q=23.0327006,72.6683927
store_000322,"Croma-Ahmedabad- Makarba","Ahmedabad",22.9976884,72.4987222,https://www.google.com/maps?q=22.9976884,72.4987222
store_000323,"Croma-Ahmedabad-Maninagar South","Ahmedabad",23.0100398,72.5997209,https://www.google.com/maps?q=23.0100398,72.5997209
store_000324,"Croma-Ahmedabad-Bopal","Ahmedabad",23.0312114,72.47150909999999,https://www.google.com/maps?q=23.0312114,72.47150909999999
store_000325,"Croma-Ahmedabad-Zundal","Ahmedabad",23.1300863,72.5845294,https://www.google.com/maps?q=23.1300863,72.5845294
store_000326,"Croma-Ahmedabad-Sindhu Bhavan","Ahmedabad",23.0466775,72.5078865,https://www.google.com/maps?q=23.0466775,72.5078865
store_000327,"Croma-Ahmedabad-Ramol","Ahmedabad",22.9886716,72.6441057,https://www.google.com/maps?q=22.9886716,72.6441057
store_000328,"Croma-Ahmedabad-Nava Naroda","Ahmedabad",23.07515,72.6659009,https://www.google.com/maps?q=23.07515,72.6659009
store_000329,"Croma-Ahmedabad-Bapunagar","Ahmedabad",23.038655,72.62892339999999,https://www.google.com/maps?q=23.038655,72.62892339999999
store_000330,"Croma-Ahmedabad-Memnagar","Ahmedabad",23.0456515,72.5383234,https://www.google.com/maps?q=23.0456515,72.5383234
store_000331,"Croma-Ahmedabad-Naranpura","Ahmedabad",23.0531606,72.5586306,https://www.google.com/maps?q=23.0531606,72.5586306
store_000332,"Croma-Ahmedabad-Gota","Ahmedabad",23.1059908,72.534492,https://www.google.com/maps?q=23.1059908,72.534492
store_000333,"Croma-Ahmedabad-Ranna Park","Ahmedabad",23.0663825,72.5472289,https://www.google.com/maps?q=23.0663825,72.5472289
store_000334,"Croma-Ahmedabad-Vastral","Ahmedabad",22.9977294,72.66551419999999,https://www.google.com/maps?q=22.9977294,72.66551419999999
store_000335,"Croma-Gwalior-City Center","Gwalior",26.2116138,78.1871297,https://www.google.com/maps?q=26.2116138,78.1871297
store_000336,"Croma-Indore-Vijay Nagar Square","Indore",22.7499276,75.8967619,https://www.google.com/maps?q=22.7499276,75.8967619
store_000337,"Croma-Sagar-Makroniya","Sagar",23.8510849,78.7918041,https://www.google.com/maps?q=23.8510849,78.7918041
store_000338,"Croma-Varanasi-Sigra","Varanasi",25.3120687,82.9887485,https://www.google.com/maps?q=25.3120687,82.9887485
store_000339,"Croma-Indore-Bicholi Mardana","Indore",22.7017001,75.92487489999999,https://www.google.com/maps?q=22.7017001,75.92487489999999
store_000340,"Croma-Ujjain-Dewas Road","Ujjain",23.174549,75.791468,https://www.google.com/maps?q=23.174549,75.791468
store_000341,"Croma-Bhopal-Kohefiza","Bhopal",23.2657509,77.379988,https://www.google.com/maps?q=23.2657509,77.379988
store_000342,"Croma-Bhopal-Hoshangabad Road","Bhopal",23.186284,77.45248,https://www.google.com/maps?q=23.186284,77.45248
store_000343,"Croma-Indore-Sapna Sangeeta Road","Indore",22.7007456,75.86871699999999,https://www.google.com/maps?q=22.7007456,75.86871699999999
store_000344,"Croma-Gorakhpur-Medical College Road","Gorakhpur",26.7827431,83.38556129999999,https://www.google.com/maps?q=26.7827431,83.38556129999999
store_000345,"Croma-Jabalpur – Vijay Nagar","Jabalpur",23.1813186,79.9097018,https://www.google.com/maps?q=23.1813186,79.9097018
store_000346,"Croma-Gwalior-Jayendraganj","Gwalior",26.2010466,78.1617093,https://www.google.com/maps?q=26.2010466,78.1617093
store_000347,"Croma-Chhindwara-Station Road","Chhindwara",22.0605437,78.94525809999999,https://www.google.com/maps?q=22.0605437,78.94525809999999
store_000348,"Croma-Satna-Panna Road","Satna",24.57638,80.81141699999999,https://www.google.com/maps?q=24.57638,80.81141699999999
store_000349,"Croma-Indore-Annapurna Road","Indore",22.6829031,75.8353027,https://www.google.com/maps?q=22.6829031,75.8353027
store_000350,"Croma-Indore-Race course Road","Indore",22.7271851,75.884569,https://www.google.com/maps?q=22.7271851,75.884569
store_000351,"Croma-Indore-Aerodrum Road","Indore",22.723058,75.83034289999999,https://www.google.com/maps?q=22.723058,75.83034289999999
store_000352,"Croma-Jabalpur-Gorakhpur Road","Jabalpur",23.1513043,79.9269727,https://www.google.com/maps?q=23.1513043,79.9269727
store_000353,"Croma-Saharanpur-Vasant Vihar","Saharanpur",29.9409884,77.5412394,https://www.google.com/maps?q=29.9409884,77.5412394
store_000354,"Croma-Dewas-Gomti Nagar","Dewas",22.9524494,76.03754780000001,https://www.google.com/maps?q=22.9524494,76.03754780000001
store_000355,"Croma-Bhopal-Kolar Road","Bhopal",23.1769698,77.417751,https://www.google.com/maps?q=23.1769698,77.417751
store_000356,"Croma-Indore-Phoenix Citadel","Indore",22.7461774,75.9366072,https://www.google.com/maps?q=22.7461774,75.9366072
store_000357,"Croma-Ratlam-Do Batti Chowk","Ratlam",23.333213,75.0450311,https://www.google.com/maps?q=23.333213,75.0450311
store_000358,"Croma-Bhopal-DB Mall","Bhopal",23.2325074,77.42988199999999,https://www.google.com/maps?q=23.2325074,77.42988199999999
store_000359,"Croma-Varanasi-Airport Road Shivpur","Varanasi",25.3598637,82.957421,https://www.google.com/maps?q=25.3598637,82.957421
store_000360,"Croma-Bhopal-Arera Colony","Bhopal",23.2157596,77.435841,https://www.google.com/maps?q=23.2157596,77.435841
store_000361,"Croma-Jaunpur-Wazidpur Tiraha","Jaunpur",25.7338881,82.68298419999999,https://www.google.com/maps?q=25.7338881,82.68298419999999
store_000362,"Croma-Damoh-Sagar Road","Damoh",23.8327128,79.4319213,https://www.google.com/maps?q=23.8327128,79.4319213
store_000363,"Croma-Guna-AB Road","Guna",24.6368891,77.2954185,https://www.google.com/maps?q=24.6368891,77.2954185
store_000364,"Croma-Rewa-Urrahat","Rewa",24.5438384,81.3062111,https://www.google.com/maps?q=24.5438384,81.3062111
store_000365,"Croma-Indore-Ranjeet Hanuman","Indore",22.7004784,75.8371757,https://www.google.com/maps?q=22.7004784,75.8371757
store_000366,"Croma-Bhopal-Indrapuri","Bhopal",23.2505059,77.4647565,https://www.google.com/maps?q=23.2505059,77.4647565
store_000367,"Croma-Narmadapuram-Kothi Bazar","Narmadapuram",22.7545025,77.73236899999999,https://www.google.com/maps?q=22.7545025,77.73236899999999
store_000368,"Croma-Bhopal-Bhanpur","Bhopal",23.3020311,77.424361,https://www.google.com/maps?q=23.3020311,77.424361
store_000369,"Croma-Bhopal-New Market","Bhopal",23.2396069,77.404247,https://www.google.com/maps?q=23.2396069,77.404247
store_000370,"Croma-Vidisha-Sanchi Road","Vidisha",23.5198345,77.8003951,https://www.google.com/maps?q=23.5198345,77.8003951
store_000371,"Croma-Neemuch-Ambedkar Road","Neemuch",24.4662993,74.8697746,https://www.google.com/maps?q=24.4662993,74.8697746
store_000372,"Croma-Chhatarpur-Khajuraho Road","Chhatarpur",24.9220052,79.5832058,https://www.google.com/maps?q=24.9220052,79.5832058
store_000373,"Croma-Khandwa-Indore-Khandwa Road","Khandwa",21.8263417,76.3307459,https://www.google.com/maps?q=21.8263417,76.3307459
store_000374,"Croma-Delhi-Saket","Delhi",28.522731,77.2070765,https://www.google.com/maps?q=28.522731,77.2070765
store_000375,"Croma-Delhi-Vegas Mall","Delhi",28.6011995,77.0300871,https://www.google.com/maps?q=28.6011995,77.0300871
store_000376,"Croma-Delhi-Vasant Kunj Mall","Delhi",28.5406918,77.1546201,https://www.google.com/maps?q=28.5406918,77.1546201
store_000377,"Croma-Delhi-Pacific Mall","Delhi",28.6423902,77.1063633,https://www.google.com/maps?q=28.6423902,77.1063633
store_000378,"Croma-Jaipur-WTP Mall","Jaipur",26.8543135,75.8053919,https://www.google.com/maps?q=26.8543135,75.8053919
store_000379,"Croma-Jaipur-Jagatpura","Jaipur",26.8021419,75.857446,https://www.google.com/maps?q=26.8021419,75.857446
store_000380,"Croma-Delhi-Uttam Nagar","Delhi",28.6240207,77.0627512,https://www.google.com/maps?q=28.6240207,77.0627512
store_000381,"Croma-Delhi-SouthEx","Delhi",28.5684282,77.2177086,https://www.google.com/maps?q=28.5684282,77.2177086
store_000382,"Croma-Delhi-Select City Walk","Delhi",28.5298625,77.2187302,https://www.google.com/maps?q=28.5298625,77.2187302
store_000383,"Croma-Delhi-Rajouri","Delhi",28.6457333,77.1262126,https://www.google.com/maps?q=28.6457333,77.1262126
store_000384,"Croma-Delhi-Kamlanagar","Delhi",28.6829953,77.20542859999999,https://www.google.com/maps?q=28.6829953,77.20542859999999
store_000385,"Croma-Delhi-Janakpuri","Delhi",28.6286926,77.07620059999999,https://www.google.com/maps?q=28.6286926,77.07620059999999
store_000386,"Croma-Delhi-Connaught Place","Delhi",28.634153,77.2213305,https://www.google.com/maps?q=28.634153,77.2213305
store_000387,"Croma-Delhi-East Of Kailash","Delhi",28.5563716,77.241393,https://www.google.com/maps?q=28.5563716,77.241393
store_000388,"Croma-Delhi-Dwarka Sector 12","Delhi",28.5969771,77.04217489999999,https://www.google.com/maps?q=28.5969771,77.04217489999999
store_000389,"Croma-Delhi-Civil Lines","Delhi",28.69503499999999,77.2159382,https://www.google.com/maps?q=28.69503499999999,77.2159382
store_000390,"Croma-Delhi-Pusa Road","Delhi",28.6437344,77.1880268,https://www.google.com/maps?q=28.6437344,77.1880268
store_000391,"Croma-Jaipur-Vaishali Nagar","Jaipur",26.9153317,75.74906419999999,https://www.google.com/maps?q=26.9153317,75.74906419999999
store_000392,"Croma-Jaipur-Tonk Road","Jaipur",26.8702926,75.7968882,https://www.google.com/maps?q=26.8702926,75.7968882
store_000393,"Croma-Delhi-Wazirabad Road","Delhi",28.70363429999999,77.2623158,https://www.google.com/maps?q=28.70363429999999,77.2623158
store_000394,"Croma-Sriganganagar-Ridhi Sidhi Enclave","Sriganganagar",29.89457209999999,73.89676229999999,https://www.google.com/maps?q=29.89457209999999,73.89676229999999
store_000395,"Croma-Delhi-Lajpat Nagar","Delhi",28.5654574,77.2440756,https://www.google.com/maps?q=28.5654574,77.2440756
store_000396,"Croma-Delhi-Malviya Nagar","Delhi",28.5352629,77.2103162,https://www.google.com/maps?q=28.5352629,77.2103162
store_000397,"Croma-Delhi-DB Gupta Road","Delhi",28.6548929,77.18908019999999,https://www.google.com/maps?q=28.6548929,77.18908019999999
store_000398,"Croma-Delhi-Ramphal Chowk","Delhi",28.58486,77.0715816,https://www.google.com/maps?q=28.58486,77.0715816
store_000399,"Croma-Udaipur-RK Circle","Udaipur",24.6081083,73.7001495,https://www.google.com/maps?q=24.6081083,73.7001495
store_000400,"Croma-Jaipur-Pratap Nagar","Jaipur",26.8055338,75.8074209,https://www.google.com/maps?q=26.8055338,75.8074209
store_000401,"Croma-Delhi-EPICAH Mall","Delhi",28.6582349,77.1432671,https://www.google.com/maps?q=28.6582349,77.1432671
store_000402,"Croma-Delhi-Punjabi Bagh","Delhi",28.6457326,77.126212,https://www.google.com/maps?q=28.6457326,77.126212
store_000403,"Croma-Jaipur-Raja Park","Jaipur",26.8982048,75.82250189999999,https://www.google.com/maps?q=26.8982048,75.82250189999999
store_000404,"Croma-Bhiwadi-Legend Centra Mall","Bhiwadi",28.1945349,76.8123725,https://www.google.com/maps?q=28.1945349,76.8123725
store_000405,"Croma-Kota-Dakaniya Station Road","Kota",25.1434537,75.8566182,https://www.google.com/maps?q=25.1434537,75.8566182
store_000406,"Croma-Delhi-West Patel Nagar","Delhi",28.6548761,77.1890974,https://www.google.com/maps?q=28.6548761,77.1890974
store_000407,"Croma-Udaipur-Surajpole","Udaipur",24.5806077,73.6968754,https://www.google.com/maps?q=24.5806077,73.6968754
store_000408,"Croma-Delhi-Airport Terminal 3 International","Delhi",28.5555446,77.0843833,https://www.google.com/maps?q=28.5555446,77.0843833
store_000409,"Croma-Gurugram-Ambience Mall","Gurugram",28.5054697,77.09643129999999,https://www.google.com/maps?q=28.5054697,77.09643129999999
store_000410,"Croma-Gurugram-Sector 86","Gurugram",28.4025415,76.9471222,https://www.google.com/maps?q=28.4025415,76.9471222
store_000411,"Croma-Faridabad-Crown Mall","Faridabad",28.470163,77.3070879,https://www.google.com/maps?q=28.470163,77.3070879
store_000412,"Croma-Gurugram-Sohna Road","Gurugram",28.4154573,77.0392646,https://www.google.com/maps?q=28.4154573,77.0392646
store_000413,"Croma-Jalandhar-Lajpat Nagar","Jalandhar",31.31515319999999,75.578282,https://www.google.com/maps?q=31.31515319999999,75.578282
store_000414,"Croma-Delhi-Patparganj","Delhi",28.6557272,77.2764834,https://www.google.com/maps?q=28.6557272,77.2764834
store_000415,"Croma-Gurugram-Sector 12","Gurugram",28.4686715,77.0376136,https://www.google.com/maps?q=28.4686715,77.0376136
store_000416,"Croma-Ludhiana-Feroz Gandhi Market","Ludhiana",30.90207839999999,75.8336758,https://www.google.com/maps?q=30.90207839999999,75.8336758
store_000417,"Croma-Gurugram-Dlf Mega Mall","Gurugram",28.4755663,77.0934317,https://www.google.com/maps?q=28.4755663,77.0934317
store_000418,"Croma-Delhi-Rohini","Delhi",28.70008259999999,77.117889,https://www.google.com/maps?q=28.70008259999999,77.117889
store_000419,"Croma-Gurugram-Sector 29","Gurugram",28.463805,77.0649522,https://www.google.com/maps?q=28.463805,77.0649522
store_000420,"Croma-Delhi-Rohini West Mall","Delhi",28.7150103,77.116387,https://www.google.com/maps?q=28.7150103,77.116387
store_000421,"Croma-Delhi-CBD Shahdara","Delhi",28.6610178,77.2977061,https://www.google.com/maps?q=28.6610178,77.2977061
store_000422,"Croma-Delhi-Pitampura","Delhi",28.7013699,77.1353012,https://www.google.com/maps?q=28.7013699,77.1353012
store_000423,"Croma-Delhi-Shahdara","Delhi",28.68972419999999,77.28644659999999,https://www.google.com/maps?q=28.68972419999999,77.28644659999999
store_000424,"Croma-Gurugram-Mall Fifty One","Gurugram",28.4347407,77.06847139999999,https://www.google.com/maps?q=28.4347407,77.06847139999999
store_000425,"Croma-Delhi-Preet Vihar","Delhi",28.6391816,77.2923158,https://www.google.com/maps?q=28.6391816,77.2923158
store_000426,"Croma-Gurugram-Reach 3 Roads","Gurugram",28.3912652,77.03037499999999,https://www.google.com/maps?q=28.3912652,77.03037499999999
store_000427,"Croma-Ludhiana-Sector 32A","Ludhiana",30.9061169,75.89406029999999,https://www.google.com/maps?q=30.9061169,75.89406029999999
store_000428,"Croma-Zirakhpur-Garden Village","Zirakhpur",30.6213902,76.8239834,https://www.google.com/maps?q=30.6213902,76.8239834
store_000429,"Croma-Patiala-Spectra Mall","Patiala",30.3405344,76.4317761,https://www.google.com/maps?q=30.3405344,76.4317761
store_000430,"Croma-Gurugram-Worldmark 2","Gurugram",28.3974697,77.0714668,https://www.google.com/maps?q=28.3974697,77.0714668
store_000431,"Croma-Gurugram-Sector 67","Gurugram",28.381957,77.054852,https://www.google.com/maps?q=28.381957,77.054852
store_000432,"Croma-Panipat-Mittal Mega Mall","Panipat",29.37610829999999,76.98375999999999,https://www.google.com/maps?q=29.37610829999999,76.98375999999999
store_000433,"Croma-Pathankot-Dalhousie Road","Pathankot",32.276539,75.6991063,https://www.google.com/maps?q=32.276539,75.6991063
store_000434,"Croma-Yamunanagar-Gobindpuri Road","Yamunanagar",30.1387093,77.292441,https://www.google.com/maps?q=30.1387093,77.292441
store_000435,"Croma-Patiala-Bhupendra Road","Patiala",30.343796,76.3792996,https://www.google.com/maps?q=30.343796,76.3792996
store_000436,"Croma-Faridabad-NIT","Faridabad",28.4002943,77.29872449999999,https://www.google.com/maps?q=28.4002943,77.29872449999999
store_000437,"Croma-Moga-GT Road","Moga",30.8212587,75.19530689999999,https://www.google.com/maps?q=30.8212587,75.19530689999999
store_000438,"Croma-Bathinda-GT Road","Bathinda",30.2246021,74.9372052,https://www.google.com/maps?q=30.2246021,74.9372052
store_000439,"Croma-Hoshiarpur-Mall Road","Hoshiarpur",31.528884,75.921127,https://www.google.com/maps?q=31.528884,75.921127
store_000440,"Croma-Tarn Taran-Amritsar road","Amritsar",31.4596363,74.9221369,https://www.google.com/maps?q=31.4596363,74.9221369
store_000441,"Croma-Palwal-Mathura Road","Palwal",28.1360045,77.33049729999999,https://www.google.com/maps?q=28.1360045,77.33049729999999
store_000442,"Croma-Sonipat-Atlas Road","Sonipat",28.9889985,77.020314,https://www.google.com/maps?q=28.9889985,77.020314
store_000443,"Croma-Sangrur-Sunami Gate","Sangrur",30.2436696,75.8424282,https://www.google.com/maps?q=30.2436696,75.8424282
store_000444,"Croma-Malerkotla-Thandi Sadak","Malerkotla",30.5158178,75.8866086,https://www.google.com/maps?q=30.5158178,75.8866086
store_000445,"Croma-Muktsar-Kotkapura road","Muktsar",30.4782851,74.53118830000001,https://www.google.com/maps?q=30.4782851,74.53118830000001
store_000446,"Croma-Faridabad-Pacific Mall Sec 20","Faridabad",28.3873525,77.3111108,https://www.google.com/maps?q=28.3873525,77.3111108
store_000447,"Croma-Firozpur-Mall Road","Firozpur",30.955471,74.6115804,https://www.google.com/maps?q=30.955471,74.6115804
store_000448,"Croma-Ludhiana-Sukhmani Square","Ludhiana",30.90495599999999,75.773653,https://www.google.com/maps?q=30.90495599999999,75.773653
store_000449,"Croma-Guwahati-Beltola 2","Guwahati",26.1176742,91.8060729,https://www.google.com/maps?q=26.1176742,91.8060729
store_000450,"Croma-Burdwan-Regent Crown","Burdwan",23.2575454,87.85037280000002,https://www.google.com/maps?q=23.2575454,87.85037280000002
store_000451,"Croma-Shillong-Laitumkhrah","Shillong",25.5712924,91.8966356,https://www.google.com/maps?q=25.5712924,91.8966356
store_000452,"Croma-Asansol-Bhagat Singh More","Asansol",23.6949587,86.94903110000001,https://www.google.com/maps?q=23.6949587,86.94903110000001
store_000453,"Croma-Guwahati-VIP Road","Guwahati",26.1377382,91.8113748,https://www.google.com/maps?q=26.1377382,91.8113748
store_000454,"Croma-Tezpur-Hospital Road","Tezpur",26.6313005,92.79717500000001,https://www.google.com/maps?q=26.6313005,92.79717500000001
store_000455,"Croma-Cooch Behar-Purnima Mansion","Coochbehar",26.326467,89.45245500000001,https://www.google.com/maps?q=26.326467,89.45245500000001
store_000456,"Croma-Serampore – GT Road","Serampore",22.7382714,88.3508221,https://www.google.com/maps?q=22.7382714,88.3508221
store_000457,"Croma-Siliguri-Dwarika Mahabir Square","Siliguri",26.7023809,88.4180413,https://www.google.com/maps?q=26.7023809,88.4180413
store_000458,"Croma-Jalpaiguri-Krishna Plaza","Jalpaiguri",26.5300324,88.7190894,https://www.google.com/maps?q=26.5300324,88.7190894
store_000459,"Croma-Siliguri-Golden Enclave","Siliguri",26.7450642,88.4371062,https://www.google.com/maps?q=26.7450642,88.4371062
store_000460,"Croma-Sodepur-BT Road","Sodepur",22.7180598,88.3736541,https://www.google.com/maps?q=22.7180598,88.3736541
store_000461,"Croma-Krishnanagar-MM Ghosh Street","Krishnanagar",23.4067884,88.48732559999999,https://www.google.com/maps?q=23.4067884,88.48732559999999
store_000462,"Croma-Shillong-IGP Point","Shillong",25.5707661,91.88375049999999,https://www.google.com/maps?q=25.5707661,91.88375049999999
store_000463,"Croma-Bangalore-Koramangala","Bengaluru",12.9381988,77.62745869999999,https://www.google.com/maps?q=12.9381988,77.62745869999999
store_000464,"Croma-Porvorim-Bardez","North Goa",15.5356417,73.8232601,https://www.google.com/maps?q=15.5356417,73.8232601
store_000465,"Croma-Bangalore-SS Manor","Bengaluru",13.0257962,77.64099279999999,https://www.google.com/maps?q=13.0257962,77.64099279999999
store_000466,"Croma-Hyderabad-AS RaoNagar","Hyderabad",17.4814601,78.5541435,https://www.google.com/maps?q=17.4814601,78.5541435
store_000467,"Croma-Bangalore-Mall of Asia","Bengaluru",13.0707314,77.5912505,https://www.google.com/maps?q=13.0707314,77.5912505
store_000468,"Croma-Panjim-Taleigaon","South Goa",15.4670538,73.8180493,https://www.google.com/maps?q=15.4670538,73.8180493
store_000469,"Croma-Salem-Bharathi Street","Salem",11.6738298,78.1359149,https://www.google.com/maps?q=11.6738298,78.1359149
store_000470,"Croma-Bangalore-Yelahanka","Bengaluru",13.0921446,77.5939446,https://www.google.com/maps?q=13.0921446,77.5939446
store_000471,"Croma-Tumkur-BH Road","Tumkur",13.3393947,77.111099,https://www.google.com/maps?q=13.3393947,77.111099
store_000472,"Croma-Hubli-Vidyanagar","Hubli",15.358957,75.1272909,https://www.google.com/maps?q=15.358957,75.1272909
store_000473,"Croma-Bangalore-Hennur Road","Bengaluru",13.0647525,77.6520841,https://www.google.com/maps?q=13.0647525,77.6520841
store_000474,"Croma-Chennai-Ambattur","Chennai",13.1215672,80.1487372,https://www.google.com/maps?q=13.1215672,80.1487372
store_000475,"Croma-Dabolim-Alsto","South Goa",15.3871098,73.84595039999999,https://www.google.com/maps?q=15.3871098,73.84595039999999
store_000476,"Croma-Bangalore-Indira Nagar","Bengaluru",12.9705897,77.6410305,https://www.google.com/maps?q=12.9705897,77.6410305
store_000477,"Croma-Chennai-Anna Nagar","Chennai",13.0843346,80.2170951,https://www.google.com/maps?q=13.0843346,80.2170951
store_000478,"Croma-Mysore-Double Road","Mysore",12.2941407,76.6255209,https://www.google.com/maps?q=12.2941407,76.6255209
store_000479,"Croma-Chennai-T Nagar","Chennai",13.0484886,80.23301719999999,https://www.google.com/maps?q=13.0484886,80.23301719999999
store_000480,"Croma-Goa-Mapusa","North Goa",15.6078395,73.823405,https://www.google.com/maps?q=15.6078395,73.823405
store_000481,"Croma-Hyderabad-Kukatpally","Hyderabad",17.4830248,78.4145257,https://www.google.com/maps?q=17.4830248,78.4145257
store_000482,"Croma-Bangalore-Whitefield","Bengaluru",12.9570038,77.7321532,https://www.google.com/maps?q=12.9570038,77.7321532
store_000483,"Croma-Bangalore-J P Nagar","Bengaluru",12.9167386,77.5912937,https://www.google.com/maps?q=12.9167386,77.5912937
store_000484,"Croma-Bangalore-PMC Mall","Bengaluru",12.9959971,77.69663129999999,https://www.google.com/maps?q=12.9959971,77.69663129999999
store_000485,"Croma-Bangalore-Banshankari","Bengaluru",12.9244623,77.5529584,https://www.google.com/maps?q=12.9244623,77.5529584
store_000486,"Croma-Coimbatore-Laxmi Mills","Coimbatore",11.0140643,76.9878993,https://www.google.com/maps?q=11.0140643,76.9878993
store_000487,"Croma-Chennai-Mount Road","Chennai",13.0674617,80.2684908,https://www.google.com/maps?q=13.0674617,80.2684908
store_000488,"Croma-Hyderabad-Sarath City Mall","Hyderabad",17.4580954,78.3645568,https://www.google.com/maps?q=17.4580954,78.3645568
store_000489,"Croma-Chennai-Chrompet","Chennai",12.9434396,80.134207,https://www.google.com/maps?q=12.9434396,80.134207
store_000490,"Croma-Bangalore-Marathahalli","Bengaluru",12.9432042,77.6979238,https://www.google.com/maps?q=12.9432042,77.6979238
store_000491,"Croma-Bangalore-Gottigere","Bengaluru",12.861522,77.59002269999999,https://www.google.com/maps?q=12.861522,77.59002269999999
store_000492,"Croma-Madurai-Iyer Bungalow","Madurai",9.9687968,78.1375814,https://www.google.com/maps?q=9.9687968,78.1375814
store_000493,"Croma-Vijayapura-Lingad Gudi Road","Vijayapura",16.8430585,75.7119761,https://www.google.com/maps?q=16.8430585,75.7119761
store_000494,"Croma-Bangalore-Vega City","Bengaluru",12.9077599,77.60111189999999,https://www.google.com/maps?q=12.9077599,77.60111189999999
store_000495,"Croma-Bangalore-Bannerghatta Mall","Bengaluru",12.8761679,77.59561440000002,https://www.google.com/maps?q=12.8761679,77.59561440000002
store_000496,"Croma-Hyderabad-Jubilee","Hyderabad",17.4359738,78.4010086,https://www.google.com/maps?q=17.4359738,78.4010086
store_000497,"Croma-Belagavi -Tilakwadi","Belagavi",15.8371124,74.5071804,https://www.google.com/maps?q=15.8371124,74.5071804
store_000498,"Croma-Hyderabad-Kondapur","Hyderabad",17.4634462,78.3674642,https://www.google.com/maps?q=17.4634462,78.3674642
store_000499,"Croma-Hyderabad-Karmanghat","Hyderabad",17.3437072,78.5349629,https://www.google.com/maps?q=17.3437072,78.5349629
store_000500,"Croma-Bangalore-Jaynagar","Bengaluru",12.9397699,77.58495549999999,https://www.google.com/maps?q=12.9397699,77.58495549999999
store_000501,"Croma-Secunderabad-New Vikrampuri","Hyderabad",17.4587559,78.5004033,https://www.google.com/maps?q=17.4587559,78.5004033
store_000502,"Croma-Nellore-Mini Bypass Road","Nellore",14.4309506,79.9773853,https://www.google.com/maps?q=14.4309506,79.9773853
store_000503,"Croma-Hyderabad-Khajaguda","Hyderabad",17.4176607,78.3632064,https://www.google.com/maps?q=17.4176607,78.3632064
store_000504,"Croma-Bangalore-Carmelaram","Bengaluru",12.9038541,77.70372499999999,https://www.google.com/maps?q=12.9038541,77.70372499999999
store_000505,"Croma-Hyderabad-Panjagutta","Hyderabad",17.4222208,78.4552403,https://www.google.com/maps?q=17.4222208,78.4552403
store_000506,"Croma-Rajahmundry-RTC Complex Road","Rajahmundry",17.0013285,81.7923337,https://www.google.com/maps?q=17.0013285,81.7923337
store_000507,"Croma-Shivamoga-Savalanga Road","Shivamogga",13.9445088,75.57406069999999,https://www.google.com/maps?q=13.9445088,75.57406069999999
store_000508,"Croma-Khammam-Wyra Road","Khammam",17.250541,80.15572619999999,https://www.google.com/maps?q=17.250541,80.15572619999999
store_000509,"Croma-Bangalore-KR Puram","Bengaluru",13.0153483,77.701942,https://www.google.com/maps?q=13.0153483,77.701942
store_000510,"Croma-Bangalore-Nagarbhavi","Bengaluru",12.9608551,77.5070963,https://www.google.com/maps?q=12.9608551,77.5070963
store_000511,"Croma-Bangalore-Bel Road","Bengaluru",13.0320267,77.56986479999999,https://www.google.com/maps?q=13.0320267,77.56986479999999
store_000512,"Croma-Mysore-Temple Road","Mysore",12.3248047,76.63147529999999,https://www.google.com/maps?q=12.3248047,76.63147529999999
store_000513,"Croma-Bangalore-Rajaji Nagar","Bengaluru",13.0041414,77.5519367,https://www.google.com/maps?q=13.0041414,77.5519367
store_000514,"Croma-Hyderabad-Kompally","Hyderabad",17.5320146,78.487837,https://www.google.com/maps?q=17.5320146,78.487837
store_000515,"Croma-Hubli-Gokul Road","Hubli",15.3507652,75.1115932,https://www.google.com/maps?q=15.3507652,75.1115932
store_000516,"Croma-Secunderabad-West Marredpally","Hyderabad",17.4432133,78.5061487,https://www.google.com/maps?q=17.4432133,78.5061487
store_000517,"Croma-Hyderabad-Nizampet","Hyderabad",17.5124138,78.38426869999999,https://www.google.com/maps?q=17.5124138,78.38426869999999
store_000518,"Croma-Kochi-Kalamassery","Kochi",10.0459306,76.3177487,https://www.google.com/maps?q=10.0459306,76.3177487
store_000519,"Croma-Chennai-Mogappair","Chennai",13.0856293,80.1695593,https://www.google.com/maps?q=13.0856293,80.1695593
store_000520,"Croma-Hyderabad-Kokapet","Hyderabad",17.385737,78.3345645,https://www.google.com/maps?q=17.385737,78.3345645
store_000521,"Croma-Chennai-Urapakkam","Chennai",12.856483,80.069013,https://www.google.com/maps?q=12.856483,80.069013
store_000522,"Croma-Bangalore-Basaveshwar Nagar","Bengaluru",12.9882284,77.5376592,https://www.google.com/maps?q=12.9882284,77.5376592
store_000523,"Croma-Chennai-Avadi","Chennai",13.1136948,80.10272669999999,https://www.google.com/maps?q=13.1136948,80.10272669999999
store_000524,"Croma-Vizag-Muralinagar","Visakhapatnam",17.7436298,83.2605678,https://www.google.com/maps?q=17.7436298,83.2605678
store_000525,"Croma-Hyderabad-L B Nagar","Hyderabad",17.3527094,78.546666,https://www.google.com/maps?q=17.3527094,78.546666
store_000526,"Croma-Chennai-Kilpauk","Chennai",13.0768409,80.2392023,https://www.google.com/maps?q=13.0768409,80.2392023
store_000527,"Croma-Chennai-Adyar","Chennai",13.0021145,80.2567581,https://www.google.com/maps?q=13.0021145,80.2567581
store_000528,"Croma-Hyderabad-Vanasthalipuram","Hyderabad",17.3411234,78.5617401,https://www.google.com/maps?q=17.3411234,78.5617401
store_000529,"Croma-Hyderabad-KPHB","Hyderabad",17.4833029,78.3899722,https://www.google.com/maps?q=17.4833029,78.3899722
store_000530,"Croma-Nelamangala-BH Road","Bengaluru",13.0934365,77.40609239999999,https://www.google.com/maps?q=13.0934365,77.40609239999999
store_000531,"Croma-A474_Hyderabad Suchitra","Hyderabad",17.5016647,78.4783532,https://www.google.com/maps?q=17.5016647,78.4783532
store_000532,"Croma-Bangalore-HSR Layout","Bengaluru",12.9122409,77.6374743,https://www.google.com/maps?q=12.9122409,77.6374743
store_000533,"Croma-Chennai-Selaiyur","Chennai",12.9235811,80.1541129,https://www.google.com/maps?q=12.9235811,80.1541129
store_000534,"Croma-Bangalore-Gunjur","Bengaluru",12.9307756,77.74132689999999,https://www.google.com/maps?q=12.9307756,77.74132689999999
store_000535,"Croma-Hyderabad-Aparna Mall","Hyderabad",17.4668959,78.3104379,https://www.google.com/maps?q=17.4668959,78.3104379
store_000536,"Croma-Hyderabad-Hasthinapuram","Hyderabad",17.3312965,78.5525854,https://www.google.com/maps?q=17.3312965,78.5525854
store_000537,"Croma-Bangalore-Kanakpura","Bengaluru",12.8834215,77.54735840000001,https://www.google.com/maps?q=12.8834215,77.54735840000001
store_000538,"Croma-Davanagere-Hadadi Road","Davanagere",14.4622634,75.9210363,https://www.google.com/maps?q=14.4622634,75.9210363
store_000539,"Croma-Hosur-Bagalur Road","Hosur",12.7389712,77.8321136,https://www.google.com/maps?q=12.7389712,77.8321136
store_000540,"Croma-Chennai-Tiruvanchery","Chennai",12.8984768,80.14152779999999,https://www.google.com/maps?q=12.8984768,80.14152779999999
store_000541,"Croma-Hyderabad-Madinaguda","Hyderabad",17.4955212,78.3403021,https://www.google.com/maps?q=17.4955212,78.3403021
store_000542,"Croma-Dharmapuri-Salem Main Road","Dharmapuri",12.1198507,78.1575755,https://www.google.com/maps?q=12.1198507,78.1575755
store_000543,"Croma-Chennai-PMC Mall","Chennai",12.9913026,80.2166199,https://www.google.com/maps?q=12.9913026,80.2166199
store_000544,"Croma-Bangalore-Electronic City","Bengaluru",12.840825,77.65086269999999,https://www.google.com/maps?q=12.840825,77.65086269999999
store_000545,"Croma-Hyderabad-Dilsukhnagar","Hyderabad",17.3683415,78.5283797,https://www.google.com/maps?q=17.3683415,78.5283797
store_000546,"Croma-Guntur-Lakshmipuram Road","Guntur",16.3138589,80.4197382,https://www.google.com/maps?q=16.3138589,80.4197382
store_000547,"Croma-Chennai-Vivira Mall","Chennai",12.8506121,80.2261759,https://www.google.com/maps?q=12.8506121,80.2261759
store_000548,"Croma-Bangalore-Malleshwaram","Bengaluru",13.0015202,77.5711881,https://www.google.com/maps?q=13.0015202,77.5711881
store_000549,"Croma-Chennai-Sholinganallur","Chennai",12.9065086,80.2285912,https://www.google.com/maps?q=12.9065086,80.2285912
store_000550,"Croma-Chennai-Vadapalani","Chennai",13.0490901,80.20819379999999,https://www.google.com/maps?q=13.0490901,80.20819379999999
store_000551,"Croma-Mangalore-MAK Mall","Mangalore",12.8691045,74.8580775,https://www.google.com/maps?q=12.8691045,74.8580775
store_000552,"Croma-Bangalore-Hesarghatta Road","Bengaluru",13.0463675,77.50797299999999,https://www.google.com/maps?q=13.0463675,77.50797299999999
store_000553,"Croma-Secunderabad-Nagaram","Hyderabad",17.4893415,78.6015757,https://www.google.com/maps?q=17.4893415,78.6015757
store_000554,"Croma-Bangalore-Garuda Mall","Bengaluru",12.9703653,77.6095989,https://www.google.com/maps?q=12.9703653,77.6095989
store_000555,"Croma-Karimnagar-Jagtial Road","Karimnagar",18.4529448,79.119607,https://www.google.com/maps?q=18.4529448,79.119607
store_000556,"Croma-Mandya-MC Road","Mandya",12.5267577,76.8821006,https://www.google.com/maps?q=12.5267577,76.8821006
store_000557,"Croma-Chennai-BSR Mall","Chennai",12.949452,80.24047209999999,https://www.google.com/maps?q=12.949452,80.24047209999999
store_000558,"Croma-Manipal-Agumbe Road","Udupi",13.3531981,74.7910055,https://www.google.com/maps?q=13.3531981,74.7910055
store_000559,"Croma-Vizag-Sripuram","Visakhapatnam",17.7251872,83.31508819999999,https://www.google.com/maps?q=17.7251872,83.31508819999999
store_000560,"Croma-Hassan-BM Road","Hassan",13.002316,76.1048831,https://www.google.com/maps?q=13.002316,76.1048831
store_000561,"Croma-Thrissur-MG Road","Thrissur",10.5225015,76.20451849999999,https://www.google.com/maps?q=10.5225015,76.20451849999999
store_000562,"Croma-Hyderabad-Hyderguda","Hyderabad",17.3988271,78.4816421,https://www.google.com/maps?q=17.3988271,78.4816421
store_000563,"Croma-Mahbubnagar-Rajendra Nagar","Mahbubnagar",16.7510672,78.00664979999999,https://www.google.com/maps?q=16.7510672,78.00664979999999
store_000564,"Croma-Bangalore-Nagavara","Bengaluru",13.0441293,77.62601529999999,https://www.google.com/maps?q=13.0441293,77.62601529999999
store_000565,"Croma-Vijayawada-Benz Circle","Vijayawada",16.4973648,80.6559453,https://www.google.com/maps?q=16.4973648,80.6559453
store_000566,"Croma-Udupi-Manipal Road","Udupi",13.3531981,74.7910055,https://www.google.com/maps?q=13.3531981,74.7910055
store_000567,"Croma-Kochi-Thrippunithura","Kochi",9.9533744,76.3419414,https://www.google.com/maps?q=9.9533744,76.3419414
store_000568,"Croma-Vellore-Katpadi","Vellore",12.963084,79.1375154,https://www.google.com/maps?q=12.963084,79.1375154
store_000569,"Croma-Bangalore-Global Malls","Bengaluru",12.9406047,77.5250909,https://www.google.com/maps?q=12.9406047,77.5250909
store_000570,"Croma-Palakkad-Stadium Bypass Road","Palakkad",10.7694547,76.6613302,https://www.google.com/maps?q=10.7694547,76.6613302
store_000571,"Croma-Madurai-100 Feet Road","Madurai",9.932618,78.1441104,https://www.google.com/maps?q=9.932618,78.1441104
store_000572,"Croma-Chennai-Grand Mall","Chennai",12.972097,80.21982919999999,https://www.google.com/maps?q=12.972097,80.21982919999999
store_000573,"Croma-Chennai-Alwarpet","Chennai",13.042059,80.25929529999999,https://www.google.com/maps?q=13.042059,80.25929529999999
store_000574,"Croma-Eluru-Narsimharaopet","Eluru",16.7080176,81.0896061,https://www.google.com/maps?q=16.7080176,81.0896061
store_000575,"Croma-Chennai-Ramapuram","Chennai",13.0208143,80.1838657,https://www.google.com/maps?q=13.0208143,80.1838657
store_000576,"Croma-Kakinada-Bhanugudi Junction","Kakinada",16.9715543,82.2364661,https://www.google.com/maps?q=16.9715543,82.2364661
store_000577,"Croma-Tirupati-TUDA Road","Tirupati",13.6346046,79.4269321,https://www.google.com/maps?q=13.6346046,79.4269321
store_000578,"Croma-Ballari-Infantry Road","Ballari",15.1533733,76.9063557,https://www.google.com/maps?q=15.1533733,76.9063557
store_000579,"Croma-Chennai-Kelambakkam-OMR","Chennai",12.791407,80.22191529999999,https://www.google.com/maps?q=12.791407,80.22191529999999
store_000580,"Croma-Kottayam-MC Road","Kottayam",9.600401999999999,76.5309781,https://www.google.com/maps?q=9.600401999999999,76.5309781
store_000581,"Croma-Chennai-Kattupakkam","Chennai",13.046919,80.1199154,https://www.google.com/maps?q=13.046919,80.1199154
store_000582,"Croma-Hanamkonda-Subedari","Warrangal",17.9951428,79.5487254,https://www.google.com/maps?q=17.9951428,79.5487254
store_000583,"Croma-Coimbatore-R.S. Puram","Coimbatore",11.0152267,76.9542937,https://www.google.com/maps?q=11.0152267,76.9542937
store_000584,"Croma-Kalaburagi-Sardar Vallabhai Patel Road","Kalaburagi",17.3227894,76.83105859999999,https://www.google.com/maps?q=17.3227894,76.83105859999999
store_000585,"Croma-Kochi-Bypass Road Vyttila","Kochi",9.98255,76.3164377,https://www.google.com/maps?q=9.98255,76.3164377
store_000586,"Croma-Bangalore-YGR Mall","Bengaluru",12.9092833,77.51298899999999,https://www.google.com/maps?q=12.9092833,77.51298899999999
store_000587,"Croma-Hyderabad-Bandlaguda Jagir","Hyderabad",17.3562565,78.3809442,https://www.google.com/maps?q=17.3562565,78.3809442
store_000588,"Croma-Belagavi-Nehru Nagar","Belagavi",15.878557,74.5152847,https://www.google.com/maps?q=15.878557,74.5152847
store_000589,"Croma-Kurnool-Raj Vihar Centre","Kurnool",15.8283424,78.03794769999999,https://www.google.com/maps?q=15.8283424,78.03794769999999
store_000590,"Croma-Hyderabad-Boduppal","Hyderabad",17.4103593,78.60519169999999,https://www.google.com/maps?q=17.4103593,78.60519169999999
store_000591,"Croma-Coimbatore-Prozone Mall","Coimbatore",11.0551488,76.9943267,https://www.google.com/maps?q=11.0551488,76.9943267
store_000592,"Croma-Hyderabad-Sanath Nagar","Hyderabad",17.4560789,78.4343932,https://www.google.com/maps?q=17.4560789,78.4343932
store_000593,"Croma-Trichy-Shastri Road","Trichy",10.8254838,78.6865424,https://www.google.com/maps?q=10.8254838,78.6865424
store_000594,"Croma-Dindigul-Palani Road","Dindigul",10.366671,77.9783463,https://www.google.com/maps?q=10.366671,77.9783463
store_000595,"Croma-Hyderabad-Attapur","Hyderabad",17.3591206,78.426267,https://www.google.com/maps?q=17.3591206,78.426267
store_000596,"Croma-Kottayam-KK Road","Kottayam",9.5878521,76.5489465,https://www.google.com/maps?q=9.5878521,76.5489465
store_000597,"Croma-Hyderabad-Manikonda","Hyderabad",17.4068014,78.3845316,https://www.google.com/maps?q=17.4068014,78.3845316
store_000598,"Croma-Hyderabad-Ramanthapur","Hyderabad",17.4004418,78.5419759,https://www.google.com/maps?q=17.4004418,78.5419759
store_000599,"Croma-Madanapalle-NTR Road","Madanapalle",13.5640916,78.4994717,https://www.google.com/maps?q=13.5640916,78.4994717
store_000600,"Croma-Bangalore-Basavangudi","Bengaluru",12.9473154,77.5684815,https://www.google.com/maps?q=12.9473154,77.5684815
store_000601,"Croma-Ongole-Trunk Road","Ongole",15.4931547,80.04878149999999,https://www.google.com/maps?q=15.4931547,80.04878149999999
store_000602,"Croma-Coimbatore-Singanallur","Coimbatore",11.001467,77.0350397,https://www.google.com/maps?q=11.001467,77.0350397
store_000603,"Croma-Vijayawada-Eluru Road","Vijayawada",16.5167405,80.64191720000001,https://www.google.com/maps?q=16.5167405,80.64191720000001
store_000604,"Croma-Bangalore-RT Nagar","Bengaluru",13.0198342,77.59221509999999,https://www.google.com/maps?q=13.0198342,77.59221509999999
store_000605,"Croma-Dharwad-PB Road","Dharwad",15.4507472,75.0109179,https://www.google.com/maps?q=15.4507472,75.0109179
store_000606,"Croma-Kozhikode-Mavoor Road","Kozhikode",11.2624935,75.8098421,https://www.google.com/maps?q=11.2624935,75.8098421
store_000607,"Croma-Guntur-Tadepalle","Guntur",16.4801778,80.6180136,https://www.google.com/maps?q=16.4801778,80.6180136
store_000608,"Croma-Kadapa-Koti Reddy Circle","Kadapa",14.4686241,78.82383310000002,https://www.google.com/maps?q=14.4686241,78.82383310000002
store_000609,"Croma-Chennai-GN Chetty Road","Chennai",13.042396,80.235768,https://www.google.com/maps?q=13.042396,80.235768
store_000610,"Croma-Hyderabad-Miyapur","Hyderabad",17.5035352,78.3620533,https://www.google.com/maps?q=17.5035352,78.3620533
store_000611,"Croma-Perinthalmanna-Bypass Junction","Perinthalmanna",10.9768747,76.2201168,https://www.google.com/maps?q=10.9768747,76.2201168
store_000612,"Croma-Bangalore-Yeshwanthpur","Bengaluru",13.02672,77.544817,https://www.google.com/maps?q=13.02672,77.544817
store_000613,"Croma-Kottakal-Changuvetty","Kottakal",10.998492,75.990027,https://www.google.com/maps?q=10.998492,75.990027
store_000614,"Croma-Secunderabad-Nacharam","Hyderabad",17.4279434,78.5511964,https://www.google.com/maps?q=17.4279434,78.5511964
store_000615,"Croma-Tiruppur-Avinashi Road","Tiruppur",11.0140643,76.9878993,https://www.google.com/maps?q=11.0140643,76.9878993
store_000616,"Croma-Vijayawada-Enikepadu","Vijayawada",16.5187022,80.67487779999999,https://www.google.com/maps?q=16.5187022,80.67487779999999
store_000617,"Croma-Hyderabad-Airport 2","Hyderabad",17.2402895,78.4294449,https://www.google.com/maps?q=17.2402895,78.4294449
store_000618,"Croma-Nellore-Grand Trunk Road","Nellore",14.4326436,79.967558,https://www.google.com/maps?q=14.4326436,79.967558
store_000619,"Croma-Thiruvananthapuram-NH Bypass Road","Thiruvananthapuram",8.5302096,76.88458589999999,https://www.google.com/maps?q=8.5302096,76.88458589999999
store_000620,"Croma-Mumbai-Sion","Mumbai",19.0400083,72.86510129999999,https://www.google.com/maps?q=19.0400083,72.86510129999999
store_000621,"Croma-Mumbai-Oberoi Mall","Mumbai",19.1738161,72.85998599999999,https://www.google.com/maps?q=19.1738161,72.85998599999999
store_000622,"Croma-Mumbai-PMC Lower Parel Mall","Mumbai",18.9947203,72.8236127,https://www.google.com/maps?q=18.9947203,72.8236127
store_000623,"Croma-Navi Mumbai-Kamothe","Mumbai",19.0187884,73.0952871,https://www.google.com/maps?q=19.0187884,73.0952871
store_000624,"Croma-Vadodara-Harni Sama Link Road","Vadodara",22.3433026,73.2115879,https://www.google.com/maps?q=22.3433026,73.2115879
store_000625,"Croma-Vapi-Daman Road","Vapi",20.389629,72.89701680000002,https://www.google.com/maps?q=20.389629,72.89701680000002
store_000626,"Croma-Mumbai-Bhandup Mall","Mumbai",19.1420623,72.93143359999999,https://www.google.com/maps?q=19.1420623,72.93143359999999
store_000627,"Croma-Kalyan-Khadakpada","Thane",19.2528989,73.1287767,https://www.google.com/maps?q=19.2528989,73.1287767
store_000628,"Croma-Mumbai-Borivali","Mumbai",19.2337106,72.85381079999999,https://www.google.com/maps?q=19.2337106,72.85381079999999
store_000629,"Croma-Mumbai-Infiniti Mall","Mumbai",19.1848278,72.8342304,https://www.google.com/maps?q=19.1848278,72.8342304
store_000630,"Croma-Mumbai-Prabhadevi","Mumbai",19.0128835,72.8236007,https://www.google.com/maps?q=19.0128835,72.8236007
store_000631,"Croma-Thane-Ghodbunder Road","Thane",19.2216433,72.9781327,https://www.google.com/maps?q=19.2216433,72.9781327
store_000632,"Croma-Navi Mumbai-Seawoods Mall","Mumbai",19.0216396,73.0177503,https://www.google.com/maps?q=19.0216396,73.0177503
store_000633,"Croma-Mumbai-Mulund","Mumbai",19.1824383,72.9541275,https://www.google.com/maps?q=19.1824383,72.9541275
store_000634,"Croma-Navi Mumbai-Kharghar","Mumbai",19.0335421,73.066694,https://www.google.com/maps?q=19.0335421,73.066694
store_000635,"Croma-Mumbai-Kandivali","Mumbai",19.2129811,72.84260619999999,https://www.google.com/maps?q=19.2129811,72.84260619999999
store_000636,"Croma-Navi Mumbai-Belapur","Mumbai",19.0098449,73.0306666,https://www.google.com/maps?q=19.0098449,73.0306666
store_000637,"Croma-Thane-Bhayander","Thane",19.2954036,72.8480723,https://www.google.com/maps?q=19.2954036,72.8480723
store_000638,"Croma-Mumbai-Ghatkopar Mall","Mumbai",19.100161,72.9159923,https://www.google.com/maps?q=19.100161,72.9159923
store_000639,"Croma-Mumbai-Fort","Mumbai",18.9322665,72.8343277,https://www.google.com/maps?q=18.9322665,72.8343277
store_000640,"Croma-Mumbai-Chembur","Mumbai",19.0485487,72.9065913,https://www.google.com/maps?q=19.0485487,72.9065913
store_000641,"Croma-Mumbai-Virar","Mumbai",19.4705114,72.80302089999999,https://www.google.com/maps?q=19.4705114,72.80302089999999
store_000642,"Croma-Mumbai-Kurla LBS Road","Mumbai",19.0844969,72.8843433,https://www.google.com/maps?q=19.0844969,72.8843433
store_000643,"Croma-Mumbai-Andheri","Mumbai",19.1401843,72.8319557,https://www.google.com/maps?q=19.1401843,72.8319557
store_000644,"Croma-Mumbai-Juhu","Mumbai",19.1127991,72.8282917,https://www.google.com/maps?q=19.1127991,72.8282917
store_000645,"Croma-Mumbai-Kandivali West","Mumbai",19.2069322,72.8327711,https://www.google.com/maps?q=19.2069322,72.8327711
store_000646,"Croma-Navi Mumbai-New Panvel East","Mumbai",19.0023111,73.1254925,https://www.google.com/maps?q=19.0023111,73.1254925
store_000647,"Croma-Vadodara-Atladara","Vadodara",22.2748187,73.1518115,https://www.google.com/maps?q=22.2748187,73.1518115
store_000648,"Croma-Dahod-Godhra road","Dahod",22.8321933,74.2512593,https://www.google.com/maps?q=22.8321933,74.2512593
store_000649,"Croma-Gandhinagar-Sargasan Road","Gandhinagar",23.1848274,72.621662,https://www.google.com/maps?q=23.1848274,72.621662
store_000650,"Croma-Navi Mumbai-Vashi","Mumbai",19.0818262,73.0051452,https://www.google.com/maps?q=19.0818262,73.0051452
store_000651,"Croma-Kalyan-Metro Junction Mall","Thane",19.2297121,73.1234882,https://www.google.com/maps?q=19.2297121,73.1234882
store_000652,"Croma-Rajkot-Crystal Mall","Rajkot",22.2798234,70.76318909999999,https://www.google.com/maps?q=22.2798234,70.76318909999999
store_000653,"Croma-Mumbai-Vicino Mall","Mumbai",19.1513087,72.8344438,https://www.google.com/maps?q=19.1513087,72.8344438
store_000654,"Croma-Boisar-Ostwal Empire","Mumbai",19.7993273,72.75742699999999,https://www.google.com/maps?q=19.7993273,72.75742699999999
store_000655,"Croma-Mumbai-Santacruz West","Mumbai",19.0842076,72.8377314,https://www.google.com/maps?q=19.0842076,72.8377314
store_000656,"Croma-Navi Mumbai-Airoli","Mumbai",19.1722571,72.99090749999999,https://www.google.com/maps?q=19.1722571,72.99090749999999
store_000657,"Croma-Thane-Hiranandani Estate","Thane",19.2550044,72.9850379,https://www.google.com/maps?q=19.2550044,72.9850379
store_000658,"Croma-Mumbai-Goregaon West","Mumbai",19.1706474,72.84558299999999,https://www.google.com/maps?q=19.1706474,72.84558299999999
store_000659,"Croma-Badlapur-MIDC Road","Thane",19.1749683,73.2252613,https://www.google.com/maps?q=19.1749683,73.2252613
store_000660,"Croma-Vadodara-New VIP Road","Vadodara",22.316451,73.2298556,https://www.google.com/maps?q=22.316451,73.2298556
store_000661,"Croma-Thane-Kalyan Shilphata Road","Thane",19.1582244,73.0671249,https://www.google.com/maps?q=19.1582244,73.0671249
store_000662,"Croma-Anand-Mota Bazaar","Anand",22.5486031,72.9250753,https://www.google.com/maps?q=22.5486031,72.9250753
store_000663,"Croma-Ambernath-Kalyan Badlapur Road","Thane",19.216867,73.1785692,https://www.google.com/maps?q=19.216867,73.1785692
store_000664,"Croma-Vadodara-OP Road","Vadodara",22.2920596,73.16410739999999,https://www.google.com/maps?q=22.2920596,73.16410739999999
store_000665,"Croma-Mumbai-Powai","Mumbai",19.1162991,72.90922619999999,https://www.google.com/maps?q=19.1162991,72.90922619999999
store_000666,"Croma-Navi Mumbai-Ulwe","Mumbai",18.9701864,73.02257949999999,https://www.google.com/maps?q=18.9701864,73.02257949999999
store_000667,"Croma-Vadodara-Centre Square Mall","Vadodara",22.3182284,73.16918160000002,https://www.google.com/maps?q=22.3182284,73.16918160000002
store_000668,"Croma-Anand-Vidyanagar Road","Anand",22.5486031,72.9250753,https://www.google.com/maps?q=22.5486031,72.9250753
store_000669,"Croma-Mumbai-Breach Candy","Mumbai",18.9648773,72.8039944,https://www.google.com/maps?q=18.9648773,72.8039944
store_000670,"Croma-Vadodara-Kareli Baug","Vadodara",22.3254789,73.19751640000001,https://www.google.com/maps?q=22.3254789,73.19751640000001
store_000671,"Croma-Mumbai-Borivali East M G Road","Mumbai",19.2328085,72.8578869,https://www.google.com/maps?q=19.2328085,72.8578869
store_000672,"Croma-Mumbai-PMC Kurla Mall","Mumbai",19.0871684,72.8897238,https://www.google.com/maps?q=19.0871684,72.8897238
store_000673,"Croma-Vadodara-Manjalpur","Vadodara",22.2754027,73.1998417,https://www.google.com/maps?q=22.2754027,73.1998417
store_000674,"Croma-Godhra-Dahod Road","Godhra",22.8321933,74.2512593,https://www.google.com/maps?q=22.8321933,74.2512593
store_000675,"Croma-Bhavnagar-Sun Exotica","Bhavnagar",21.7501413,72.13375719999999,https://www.google.com/maps?q=21.7501413,72.13375719999999
store_000676,"Croma-Sanand-Vardhman Square","Sanand",22.9925028,72.3689177,https://www.google.com/maps?q=22.9925028,72.3689177
store_000677,"Croma-Gandhinagar-Sector 11","Gandhinagar",23.2151616,72.6477081,https://www.google.com/maps?q=23.2151616,72.6477081
store_000678,"Croma-Jamnagar-Shreeji One","Jamnagar",22.4734234,70.0676126,https://www.google.com/maps?q=22.4734234,70.0676126
store_000679,"Croma-Vadodara-Nizampura","Vadodara",22.3402469,73.17845009999999,https://www.google.com/maps?q=22.3402469,73.17845009999999
store_000680,"Croma-Mumbai-Nalasopara West","Mumbai",19.4199381,72.80991019999999,https://www.google.com/maps?q=19.4199381,72.80991019999999
store_000681,"Croma-Thane-Dombivali East","Thane",19.1929227,73.09294849999999,https://www.google.com/maps?q=19.1929227,73.09294849999999
store_000682,"Croma-Nadiad-Uttarsanda Road","Nadiad",22.6733399,72.8844678,https://www.google.com/maps?q=22.6733399,72.8844678
store_000683,"Croma-Gandhidham-RT Road","Gandhidham",23.0653719,70.1357103,https://www.google.com/maps?q=23.0653719,70.1357103
store_000684,"Croma-Bharuch-Dahej Bypass Road","Bharuch",21.7209003,72.9808489,https://www.google.com/maps?q=21.7209003,72.9808489
store_000685,"Croma-Mumbai-Vile Parle East","Mumbai",19.103833,72.851444,https://www.google.com/maps?q=19.103833,72.851444
store_000686,"Croma-Mumbai-Virar East","Mumbai",19.4453147,72.8159691,https://www.google.com/maps?q=19.4453147,72.8159691
store_000687,"Croma-Ankleshwar-Apple Plaza","Ankleshwar",21.6011861,73.017337,https://www.google.com/maps?q=21.6011861,73.017337
store_000688,"Croma-Valsad-Dharampur Road","Valsad",20.5941697,72.9390738,https://www.google.com/maps?q=20.5941697,72.9390738
store_000689,"Croma-Palghar-Vasai West","Thane",19.3681699,72.81604089999999,https://www.google.com/maps?q=19.3681699,72.81604089999999
store_000690,"Croma-Vadodara-Kothi Char Rasta","Vadodara",22.3002752,73.1946514,https://www.google.com/maps?q=22.3002752,73.1946514
store_000691,"Croma-Navsari-Grid Road","Navsari",20.9482443,72.95573929999999,https://www.google.com/maps?q=20.9482443,72.95573929999999
store_000692,"Croma-Rajkot-Nana Mawa Chowk","Rajkot",22.2750982,70.7787278,https://www.google.com/maps?q=22.2750982,70.7787278
store_000693,"Croma-Vapi-GIDC","Vapi",20.3675529,72.9245378,https://www.google.com/maps?q=20.3675529,72.9245378
store_000694,"Croma-Palghar-Kuldeep Nagar","Thane",19.690255,72.7583942,https://www.google.com/maps?q=19.690255,72.7583942
store_000695,"Croma-Bhuj-Seven Sky Mall","Bhuj",23.2556319,69.6409532,https://www.google.com/maps?q=23.2556319,69.6409532
store_000696,"Croma-Mehsana-Modhera Circle","Mehsana",23.5919846,72.3788807,https://www.google.com/maps?q=23.5919846,72.3788807
store_000697,"Croma-Vadodara-Gotri","Vadodara",22.3187668,73.1209909,https://www.google.com/maps?q=22.3187668,73.1209909
store_000698,"Croma-Palanpur-Delhi Highway","Palanpur",24.1854724,72.4220114,https://www.google.com/maps?q=24.1854724,72.4220114
store_000699,"Croma-Surendranagar – Upasna circle","Surendranagar",22.7198435,71.6555717,https://www.google.com/maps?q=22.7198435,71.6555717
store_000700,"Croma-Rajkot-Kuvadava Road","Rajkot",22.310111,70.8233893,https://www.google.com/maps?q=22.310111,70.8233893
store_000701,"Croma-Bharuch-Tavra Road","Bharuch",21.7306675,73.04969419999999,https://www.google.com/maps?q=21.7306675,73.04969419999999
store_000702,"Croma-Morbi-Sanala Road","Morbi",22.7970113,70.812001,https://www.google.com/maps?q=22.7970113,70.812001
store_000703,"Croma-Junagadh-Timbawadi Road","Junagadh",21.5037552,70.4393721,https://www.google.com/maps?q=21.5037552,70.4393721
store_000704,"Croma-Ulhasnagar-Central Hospital Road","Thane",19.2291104,73.16477,https://www.google.com/maps?q=19.2291104,73.16477
store_000705,"Croma-Rajkot-Dr. Yagnik Road","Rajkot",22.2930779,70.8000801,https://www.google.com/maps?q=22.2930779,70.8000801
store_000706,"Croma-Bardoli-Mota Road","Bardoli",21.1591818,73.084795,https://www.google.com/maps?q=21.1591818,73.084795
store_000707,"Croma-Porbandar-Jalaram Colony","Porbandar",21.640774,69.62707739999999,https://www.google.com/maps?q=21.640774,69.62707739999999
store_000708,"Croma-Palghar-Vasai East","Thane",19.4038716,72.8471567,https://www.google.com/maps?q=19.4038716,72.8471567
store_000709,"Croma-Patan-Padmanabh Chokdi","Patan",23.8354522,72.1231796,https://www.google.com/maps?q=23.8354522,72.1231796
store_000710,"Croma-Amreli-Krushi Mall","Amreli",21.6021198,71.2179091,https://www.google.com/maps?q=21.6021198,71.2179091
store_000711,"Croma-Jamnagar-Lalpur Road","Jamnagar",22.4261827,70.0661361,https://www.google.com/maps?q=22.4261827,70.0661361
store_000712,"Croma-Chikhli-Thala","Navsari",20.7635365,73.05811779999999,https://www.google.com/maps?q=20.7635365,73.05811779999999
store_000713,"Croma-Himatnagar-Motipura Circle","Himatnagar",23.5809908,72.958129,https://www.google.com/maps?q=23.5809908,72.958129
store_000714,"Croma-Rajkot-Madhapar","Rajkot",22.3212253,70.767226,https://www.google.com/maps?q=22.3212253,70.767226
store_000715,"Croma-Rajkot-Mavdi","Rajkot",22.2523039,70.7896943,https://www.google.com/maps?q=22.2523039,70.7896943
store_000716,"Inovana","Lucknow",26.8623507,81.0376702,https://www.google.com/maps?q=26.8623507,81.0376702
store_000717,"BAHADAR CHAND AND CO","Amritsar",31.6297558,74.8759343,https://www.google.com/maps?q=31.6297558,74.8759343
store_000718,"M/S MANAS ELECTRONICS","Lucknow",26.8732963,80.991919,https://www.google.com/maps?q=26.8732963,80.991919
store_000719,"SHARMA AGENCIES","Lucknow",26.754603,80.8684705,https://www.google.com/maps?q=26.754603,80.8684705
store_000720,"AIR CARE","Lucknow",26.852749,81.003061,https://www.google.com/maps?q=26.852749,81.003061
store_000721,"BAL GIFT HOUSE","Amritsar",31.8598978,74.95389349999999,https://www.google.com/maps?q=31.8598978,74.95389349999999
store_000722,"BHASIN ENTERPRISES","Amritsar",28.656314,77.234039,https://www.google.com/maps?q=28.656314,77.234039
store_000723,"BOBBY ELECTRONICS","Amritsar",31.5401545,75.236896,https://www.google.com/maps?q=31.5401545,75.236896
store_000724,"INITIATIVE DATA SYSTEMS","Lucknow",26.9018828,80.955153,https://www.google.com/maps?q=26.9018828,80.955153
store_000748,"VISHAL TRADERS","Gorakhpur",26.7605482,83.3729754,https://www.google.com/maps?q=26.7605482,83.3729754
store_000749,"GANPATI ELECTRO WORLD","Amritsar",31.2896284,75.6261461,https://www.google.com/maps?q=31.2896284,75.6261461
store_000750,"New Sweeton Electronics","Nadia",23.0814809,88.52915589999999,https://www.google.com/maps?q=23.0814809,88.52915589999999
store_000751,"GOEL ELECTRONICS","Amritsar",30.9261709,74.6199275,https://www.google.com/maps?q=30.9261709,74.6199275
store_000752,"GUPTA ELECTRONICS","Amritsar",31.6288532,74.87671879999999,https://www.google.com/maps?q=31.6288532,74.87671879999999
store_000756,"MALANCHA APPLIANCES","Kolkata",22.6601266,88.3835854,https://www.google.com/maps?q=22.6601266,88.3835854
store_000763,"MY ELECTRONICS","Amritsar",31.1242813,76.12288389999999,https://www.google.com/maps?q=31.1242813,76.12288389999999
store_000765,"KARUNAMOYEE COOLING CENTRE","Kolkata",22.4848437,88.34200129999999,https://www.google.com/maps?q=22.4848437,88.34200129999999
store_000791,"DIXIT ENTERPRISE","Faridabad",28.3499664,77.32971049999999,https://www.google.com/maps?q=28.3499664,77.32971049999999
store_000792,"MOHAN ELECTROVISION","Faridabad",28.3393018,77.3209201,https://www.google.com/maps?q=28.3393018,77.3209201
store_000794,"MOHIT ELECTROVISION","Faridabad",28.3659648,77.2817195,https://www.google.com/maps?q=28.3659648,77.2817195
store_000795,"AGGARWAL KIRYANA COMMUNICATION","Faridabad",28.3628369,77.28809609999999,https://www.google.com/maps?q=28.3628369,77.28809609999999
store_000797,"FINE ELECTRONIC","Gurugram",28.3392731,77.3209049,https://www.google.com/maps?q=28.3392731,77.3209049
store_000798,"ISHA ELECTROVISION PVT LTD","Gurugram",28.4604888,77.0263892,https://www.google.com/maps?q=28.4604888,77.0263892
store_000799,"FINE ELECTRONICS","Faridabad",28.3392731,77.3209049,https://www.google.com/maps?q=28.3392731,77.3209049
store_000800,"FINE ELECTRONICS","Faridabad",28.3392731,77.3209049,https://www.google.com/maps?q=28.3392731,77.3209049
store_000801,"ARMAN TELECOM","Faridabad",28.34277,77.32617499999999,https://www.google.com/maps?q=28.34277,77.32617499999999
store_000809,"BANSAL ELECTRONICS AND GENRAL STORE","Sonipat",28.95973,77.099266,https://www.google.com/maps?q=28.95973,77.099266
store_000819,"GOELA ELECTRONICS","Karnal",29.3961864,76.96920159999999,https://www.google.com/maps?q=29.3961864,76.96920159999999
store_000832,"VARDHMAN TELECOM","Sonipat",29.3981926,76.9655846,https://www.google.com/maps?q=29.3981926,76.9655846
store_000833,"MADAN ELECTRONICS","Sonipat",28.980767,77.01361399999999,https://www.google.com/maps?q=28.980767,77.01361399999999
store_000837,"MAHESH TRADING","Karnal",29.6921473,76.97487819999999,https://www.google.com/maps?q=29.6921473,76.97487819999999
store_000847,"JAIN ENTERPRISES","Delhi",28.5103493,77.2323641,https://www.google.com/maps?q=28.5103493,77.2323641
store_000852,"KUMAR ELECTRONICS","Delhi",28.8502705,77.0874918,https://www.google.com/maps?q=28.8502705,77.0874918
store_000853,"AARUSH ENTERPRISES","Delhi",28.5428927,77.252408,https://www.google.com/maps?q=28.5428927,77.252408
store_000854,"SLG ELECTRONICS","Delhi",28.642504,77.3601545,https://www.google.com/maps?q=28.642504,77.3601545
store_000855,"SLG ELECTRONICS","Delhi",28.642504,77.3601545,https://www.google.com/maps?q=28.642504,77.3601545
store_000856,"KUMAR ELECTRONICS INDIA ROHINI","Delhi",28.7118689,77.1158497,https://www.google.com/maps?q=28.7118689,77.1158497
store_000857,"COOL BIRD ENGINEERS","Delhi",28.6998424,77.1417151,https://www.google.com/maps?q=28.6998424,77.1417151
store_000858,"VARDHAAN INFRA SOLUTION","Delhi",28.7007529,77.12879939999999,https://www.google.com/maps?q=28.7007529,77.12879939999999
store_000861,"CHAWLA REFRIGERATION LLP","Delhi",28.6681412,77.2815078,https://www.google.com/maps?q=28.6681412,77.2815078
store_000862,"HARSH ELECTRONICS","Delhi",28.7746684,77.1738163,https://www.google.com/maps?q=28.7746684,77.1738163
store_000863,"NEW BERCO ELECTRONICS","Delhi",28.6227575,77.0589959,https://www.google.com/maps?q=28.6227575,77.0589959
store_000864,"BHARAT ELECTRONICS","Delhi",28.637556,77.05198899999999,https://www.google.com/maps?q=28.637556,77.05198899999999
store_000865,"OM ELECTRONICS AND ELECTRICALS","Delhi",28.7206653,77.2771035,https://www.google.com/maps?q=28.7206653,77.2771035
store_000867,"WORLD VOICE RADIO","Delhi",28.6471051,77.21780079999999,https://www.google.com/maps?q=28.6471051,77.21780079999999
store_000869,"LUXMI SALES","Delhi",28.544561,77.29097229999999,https://www.google.com/maps?q=28.544561,77.29097229999999
store_000871,"SUPER SALES","Delhi",28.548686,77.251842,https://www.google.com/maps?q=28.548686,77.251842
store_000872,"WALIA ELECTRONICS","Amritsar",31.657623,74.877388,https://www.google.com/maps?q=31.657623,74.877388
store_000873,"202 CRPF COBRA","Bhubaneswar",18.6972543,82.7926569,https://www.google.com/maps?q=18.6972543,82.7926569
store_000877,"AEROVISION","Bhubaneswar",20.2231454,85.7340191,https://www.google.com/maps?q=20.2231454,85.7340191
store_000878,"NEW PANKAJ ELECTRONICS","Delhi",28.6108196,77.3351301,https://www.google.com/maps?q=28.6108196,77.3351301
store_000879,"PHONEX","Delhi",28.5382456,77.272198,https://www.google.com/maps?q=28.5382456,77.272198
store_000880,"RAJ ELECTRONICS","Delhi",28.566285,77.1762548,https://www.google.com/maps?q=28.566285,77.1762548
store_000881,"SUPER ELECTRONICS","Delhi",28.6393713,77.0822695,https://www.google.com/maps?q=28.6393713,77.0822695
store_000883,"JAIN ENTERPRISES","Delhi",28.5103493,77.2323641,https://www.google.com/maps?q=28.5103493,77.2323641
store_000885,"MTK ELECTRONIC","Delhi",28.6894466,77.28599129999999,https://www.google.com/maps?q=28.6894466,77.28599129999999
store_000886,"ELECTRONIC POINT","Delhi",28.7272319,77.0509506,https://www.google.com/maps?q=28.7272319,77.0509506
store_000887,"SHIVAM ENTERPRISES","Delhi",28.6736073,77.27358989999999,https://www.google.com/maps?q=28.6736073,77.27358989999999
store_000888,"DABAS ELECTRONICS","Delhi",28.8010615,77.0351586,https://www.google.com/maps?q=28.8010615,77.0351586
store_000894,"PRAGYA METRO ELECTRONICS","Delhi",28.6886554,77.2921449,https://www.google.com/maps?q=28.6886554,77.2921449
store_000895,"ANAND ELECTRONICS","Delhi",28.5353212,77.2602816,https://www.google.com/maps?q=28.5353212,77.2602816
store_000896,"MOBINEX INVERTORS","Delhi",28.7481319,77.1986107,https://www.google.com/maps?q=28.7481319,77.1986107
store_000897,"MI ENTERPRISES","Delhi",28.6148357,77.03577609999999,https://www.google.com/maps?q=28.6148357,77.03577609999999
store_000900,"RYS ENTERPRISES","Delhi",28.6423762,77.3130001,https://www.google.com/maps?q=28.6423762,77.3130001
store_000901,"DEEPAK ELECTRONICS","Delhi",28.65326799999999,77.271717,https://www.google.com/maps?q=28.65326799999999,77.271717
store_000902,"SUPERTEK ELECTRONICS","Delhi",28.599144,77.081538,https://www.google.com/maps?q=28.599144,77.081538
store_000904,"RADHEY ENTERPRISES","Delhi",28.6110973,77.33452630000001,https://www.google.com/maps?q=28.6110973,77.33452630000001
store_000906,"AMBIKA ELECTRONICS","Delhi",28.5481436,77.2533381,https://www.google.com/maps?q=28.5481436,77.2533381
store_000908,"SHIV SHAKTI ELECTRONICS","Delhi",28.659112,77.23416399999999,https://www.google.com/maps?q=28.659112,77.23416399999999
store_000909,"AMAN ELECTRONICS","Delhi",28.6268641,77.299801,https://www.google.com/maps?q=28.6268641,77.299801
store_000911,"SYAL ELECTRONICS","Delhi",28.5882355,77.0810533,https://www.google.com/maps?q=28.5882355,77.0810533
store_000912,"PAL SAHAB ENTERPRISES","Delhi",28.76931369999999,77.17871389999999,https://www.google.com/maps?q=28.76931369999999,77.17871389999999
store_000916,"GOYAL ELECTRONICS","Delhi",28.6581944,77.2326004,https://www.google.com/maps?q=28.6581944,77.2326004
store_000917,"ARCHIE DISTRIBUTOR","Bhubaneswar",20.3258014,85.8185027,https://www.google.com/maps?q=20.3258014,85.8185027
store_000919,"KRISHNA ELECTRONICS","Delhi",28.7152104,77.1192751,https://www.google.com/maps?q=28.7152104,77.1192751
store_000920,"ARCHIE ELECTRONICS","Bhubaneswar",20.4566052,85.8792927,https://www.google.com/maps?q=20.4566052,85.8792927
store_000922,"SHREE JAI ELECTRONICS","Delhi",28.6836743,77.13464499999999,https://www.google.com/maps?q=28.6836743,77.13464499999999
store_000923,"VINAYAK ELECTRONICS","Delhi",28.5743115,77.2272741,https://www.google.com/maps?q=28.5743115,77.2272741
store_000924,"ANIL ELECTRONICS BABARPUR","Delhi",28.6898007,77.2851795,https://www.google.com/maps?q=28.6898007,77.2851795
store_000926,"SHARMA ENTERPRISES","Delhi",28.7203684,77.2777867,https://www.google.com/maps?q=28.7203684,77.2777867
store_000927,"KHANDELWAL COMMUNICATION","Delhi",28.6575228,77.11056169999999,https://www.google.com/maps?q=28.6575228,77.11056169999999
store_000928,"MAYUR ELECTRONICS","Delhi",28.6287333,77.09965919999999,https://www.google.com/maps?q=28.6287333,77.09965919999999
store_000930,"B.K. ELECTRONICS","Delhi",28.644943,77.10410999999999,https://www.google.com/maps?q=28.644943,77.10410999999999
store_000931,"GARG ELECTRONICS","Delhi",28.6597583,77.2322415,https://www.google.com/maps?q=28.6597583,77.2322415
store_000932,"GULATI ELECTRONICS","Delhi",28.5401501,77.2579093,https://www.google.com/maps?q=28.5401501,77.2579093
store_000935,"BALAJI ELECTROMART","Delhi",28.6359623,77.3055631,https://www.google.com/maps?q=28.6359623,77.3055631
store_000936,"RAZA ELECTRONICS","Delhi",28.7131276,77.27781759999999,https://www.google.com/maps?q=28.7131276,77.27781759999999
store_000939,"NEELKANTH ELECTRONICS","Delhi",28.6634773,77.2584601,https://www.google.com/maps?q=28.6634773,77.2584601
store_000941,"SM GADGET DEALS","Delhi",28.5938079,77.0957169,https://www.google.com/maps?q=28.5938079,77.0957169
store_000943,"CHAUDHARY TRADERS","Delhi",28.6570979,77.23624219999999,https://www.google.com/maps?q=28.6570979,77.23624219999999
store_000944,"MAHAJAN ELECTRONICS","Delhi",28.6510822,77.12503869999999,https://www.google.com/maps?q=28.6510822,77.12503869999999
store_000945,"RPG ELECTRO","Delhi",28.558376,77.2070391,https://www.google.com/maps?q=28.558376,77.2070391
store_000946,"BINAYAK ELECTRONICS","Bhubaneswar",20.280899,85.81603199999999,https://www.google.com/maps?q=20.280899,85.81603199999999
store_000947,"Sanjay Electronics","Delhi",28.6467445,77.2839121,https://www.google.com/maps?q=28.6467445,77.2839121
store_000948,"BIRAJA ELECTRICAL","Bhubaneswar",20.3255491,85.8458191,https://www.google.com/maps?q=20.3255491,85.8458191
store_000949,"LADO ENTERPRISES","Patna",25.6363196,85.04922570000001,https://www.google.com/maps?q=25.6363196,85.04922570000001
store_000950,"Sangeeta","Patna",25.6106848,85.1385743,https://www.google.com/maps?q=25.6106848,85.1385743
store_000951,"SPH ENTERPRISES","Patna",25.5845013,85.0943508,https://www.google.com/maps?q=25.5845013,85.0943508
store_000952,"BHARTI TELEVISION","Patna",25.5719569,84.870831,https://www.google.com/maps?q=25.5719569,84.870831
store_000953,"VIMAL ELECTRIC","Patna",28.65785799999999,77.233974,https://www.google.com/maps?q=28.65785799999999,77.233974
store_000954,"BISWANATH ENTERPRISES","Bhubaneswar",20.2504634,85.8396655,https://www.google.com/maps?q=20.2504634,85.8396655
store_000956,"Ark Enterprise","Patna",25.5734287,85.1606051,https://www.google.com/maps?q=25.5734287,85.1606051
store_000957,"BSDS DISTRIBUTORS","Bhubaneswar",20.4672583,85.89368160000001,https://www.google.com/maps?q=20.4672583,85.89368160000001
store_000959,"THE SPICE HOTSPOT","Patna",25.6152514,85.1441868,https://www.google.com/maps?q=25.6152514,85.1441868
store_000960,"CHAKRADHARI ELECTRONICS","Bhubaneswar",22.189083,84.85706809999999,https://www.google.com/maps?q=22.189083,84.85706809999999
store_000988,"DURGASHREE ELECTRONICS","Bhubaneswar",20.4507376,85.8924852,https://www.google.com/maps?q=20.4507376,85.8924852
store_001009,"Croma -Dehradun-Rajpur Road","Dehradun",30.3331731,78.0505568,https://www.google.com/maps?q=30.3331731,78.0505568
store_001010,"Croma -Dehradun-Mall of Dehradun","Dehradun",30.2660634,78.0819203,https://www.google.com/maps?q=30.2660634,78.0819203
store_001011,"Croma -Haridwar-Ranipur Mod","Haridwar",29.9348825,78.13396019999999,https://www.google.com/maps?q=29.9348825,78.13396019999999
store_001012,"Croma -Dehradun-Chakrata road","Dehradun",30.3280624,78.0319004,https://www.google.com/maps?q=30.3280624,78.0319004
store_001013,"Croma -Dehradun-Saharanpur Road","Dehradun",30.3012233,78.0092821,https://www.google.com/maps?q=30.3012233,78.0092821
store_001014,"Croma -Bhubaneswar-Janpath Road","Bhubaneswar",20.2855982,85.8430747,https://www.google.com/maps?q=20.2855982,85.8430747
store_001015,"Croma -Cuttack-College Square","Cuttack",20.4686927,85.89637139999999,https://www.google.com/maps?q=20.4686927,85.89637139999999
store_001016,"Croma -Bhubaneswar-Patia","Bhubaneswar",20.3417502,85.8224142,https://www.google.com/maps?q=20.3417502,85.8224142
store_001017,"Croma -Bhubaneswar-Lewis Road","Bhubaneswar",20.2387031,85.841306,https://www.google.com/maps?q=20.2387031,85.841306
store_001018,"Croma -Chhatrapati Sambhaji Nagar-Prozone Mall","Chhatrapati Sambhaji Nagar",19.8769632,75.37182279999999,https://www.google.com/maps?q=19.8769632,75.37182279999999
store_001019,"Croma -Nashik-Solitario","Nashik",20.0080078,73.7639604,https://www.google.com/maps?q=20.0080078,73.7639604
store_001020,"Croma -Baramati-Bhigwan Road","Baramati",18.1626071,74.5908733,https://www.google.com/maps?q=18.1626071,74.5908733
store_001021,"Croma -Chhatrapati Sambhaji Nagar-Waluj","Chhatrapati Sambhaji Nagar",19.8404108,75.2373392,https://www.google.com/maps?q=19.8404108,75.2373392
store_001022,"Croma -Nashik-Nashik Road","Nashik",19.9794898,73.807147,https://www.google.com/maps?q=19.9794898,73.807147
store_001023,"Croma -Raipur-VIP Chowk","Raipur",21.2386435,81.6787549,https://www.google.com/maps?q=21.2386435,81.6787549
store_001024,"Croma -Bilaspur-Srikant Verma Marg","Bilaspur",22.0708303,82.1498967,https://www.google.com/maps?q=22.0708303,82.1498967
store_001025,"Croma -Solapur-Murarji Peth","Solapur",17.6820101,75.895833,https://www.google.com/maps?q=17.6820101,75.895833
store_001026,"Croma -Latur-Ambejogai Road","Latur",18.4141648,76.56888889999999,https://www.google.com/maps?q=18.4141648,76.56888889999999
store_001027,"Croma -Amravati-Badnera Road","Amravati",20.907373,77.7512035,https://www.google.com/maps?q=20.907373,77.7512035
store_001028,"Croma -Bhilai-Supela","Bhilai",21.2057765,81.34177319999999,https://www.google.com/maps?q=21.2057765,81.34177319999999
store_001029,"Croma -Akola-Kirti Nagar","Akola",20.6959318,77.0128325,https://www.google.com/maps?q=20.6959318,77.0128325
store_001030,"Croma -Ahmednagar-Kohinoor Mall","Ahmednagar",19.1191774,74.7289341,https://www.google.com/maps?q=19.1191774,74.7289341
store_001031,"Croma -Nashik-Pathardi Phata","Nashik",19.9480918,73.77134219999999,https://www.google.com/maps?q=19.9480918,73.77134219999999
store_001032,"Croma -Raipur-GE Road","Raipur",21.2439722,81.61111149999999,https://www.google.com/maps?q=21.2439722,81.61111149999999
store_001033,"Croma -Chandrapur-Nagpur Road","Chandrapur",19.9790405,79.2799988,https://www.google.com/maps?q=19.9790405,79.2799988
store_001034,"Croma -Nagpur-Wardha Road","Nagpur",21.1171341,79.0719057,https://www.google.com/maps?q=21.1171341,79.0719057
store_001035,"Croma -Jalna-Old Mondha","Jalna",19.8486838,75.8977786,https://www.google.com/maps?q=19.8486838,75.8977786
store_001036,"Croma -Rajnandgaon-Basantpur Road","Rajnandgaon",21.0866089,81.0348732,https://www.google.com/maps?q=21.0866089,81.0348732
store_001037,"Croma -Ichalkranjii-Fortune Plaza II","Ichalkranjii",16.6784874,74.4665466,https://www.google.com/maps?q=16.6784874,74.4665466
store_001038,"Croma -Solapur-Hotgi Road","Solapur",17.6366247,75.9201562,https://www.google.com/maps?q=17.6366247,75.9201562
store_001039,"Croma -Miraj-Vantmure Corner","Miraj",16.8318631,74.641692,https://www.google.com/maps?q=16.8318631,74.641692
store_001040,"Croma -Chhatrapati Sambhaji Nagar-Jalna Road","Chhatrapati Sambhaji Nagar",19.8486838,75.8977786,https://www.google.com/maps?q=19.8486838,75.8977786
store_001041,"Croma -Beed-Shivaji Maharaj Chowk","Beed",18.9900072,75.7520665,https://www.google.com/maps?q=18.9900072,75.7520665
store_001042,"Croma -Nashik-Dindori Road","Nashik",20.0347241,73.8032317,https://www.google.com/maps?q=20.0347241,73.8032317
store_001043,"Croma -Nashik-Gangapur Road","Nashik",20.0148063,73.738242,https://www.google.com/maps?q=20.0148063,73.738242
store_001044,"Croma -Raipur-Bhatagaon","Raipur",21.2189561,81.6208042,https://www.google.com/maps?q=21.2189561,81.6208042
store_001045,"Croma -Durg-Station Road","Durg",21.1962146,81.2842302,https://www.google.com/maps?q=21.1962146,81.2842302
store_001046,"Croma -Korba-Transport Nagar","Korba",22.3644571,82.7121738,https://www.google.com/maps?q=22.3644571,82.7121738
store_001047,"Croma -Nagpur-Manish Nagar","Nagpur",21.0844009,79.1042611,https://www.google.com/maps?q=21.0844009,79.1042611
store_001048,"Croma -Nanded-ITI Road","Nanded",19.1675319,77.3047174,https://www.google.com/maps?q=19.1675319,77.3047174
store_001049,"Croma -Nagpur-Ganeshpeth","Nagpur",21.1380809,79.1016102,https://www.google.com/maps?q=21.1380809,79.1016102
store_001050,"Croma -Pune-Kothrud 2","Pune",18.498755,73.821795,https://www.google.com/maps?q=18.498755,73.821795
store_001051,"Croma -Bilaspur-Sarkanada","Bilaspur",22.0996043,82.15176029999999,https://www.google.com/maps?q=22.0996043,82.15176029999999
store_001052,"Croma -Ratnagiri-Arihant Mall","Ratnagiri",16.9921595,73.2964405,https://www.google.com/maps?q=16.9921595,73.2964405
store_001053,"Croma -Sangamner-College Road","Sangamner",19.5948127,74.1941818,https://www.google.com/maps?q=19.5948127,74.1941818
store_001054,"Croma -Nashik-Govind Nagar","Nashik",20.0080078,73.7639604,https://www.google.com/maps?q=20.0080078,73.7639604
store_001055,"Croma -Machilipatnam-Ramanaidupet","Machilipatnam",16.1863628,81.1360842,https://www.google.com/maps?q=16.1863628,81.1360842
store_001056,"Croma -Erode-Perundurai Road","Erode",11.332547,77.702765,https://www.google.com/maps?q=11.332547,77.702765
store_001057,"Croma -Chennai-Tambaram West","Chennai",12.9228611,80.0961018,https://www.google.com/maps?q=12.9228611,80.0961018
store_001058,"Croma -Sangli-Ram Mandir Chowk","Sangli",16.8567023,74.574207,https://www.google.com/maps?q=16.8567023,74.574207
store_001059,"Croma -Shahad-Kalyan Ahmednagar Highway","Shahad",19.2461122,73.17139139999999,https://www.google.com/maps?q=19.2461122,73.17139139999999
store_001060,"Croma -Ranchi-Kanke Road","Ranchi",23.390465,85.314032,https://www.google.com/maps?q=23.390465,85.314032
store_001061,"Croma -Kolhapur -Station Road","Kolhapur",16.7035435,74.2378629,https://www.google.com/maps?q=16.7035435,74.2378629
store_001062,"Croma -Chhatrapati Sambhaji Nagar-Beed Bypass Road","Chhatrapati Sambhaji Nagar",19.8508061,75.3301796,https://www.google.com/maps?q=19.8508061,75.3301796
store_001063,"Croma -Raipur-Pandri","Raipur",21.2600095,81.65610579999999,https://www.google.com/maps?q=21.2600095,81.65610579999999
store_001064,"Croma -Thane-Teen Hath Naka","Thane",19.1881451,72.96266659999999,https://www.google.com/maps?q=19.1881451,72.96266659999999
store_001065,"Croma -Delhi-Airport Terminal 1 D","Delhi",28.5681345,77.1126606,https://www.google.com/maps?q=28.5681345,77.1126606
store_001066,"Croma -Guwahati ? Lokhara","Guwahati",26.1255998,91.7477514,https://www.google.com/maps?q=26.1255998,91.7477514
store_001067,"Croma -Ghaziabad-Ambedkar Road","Ghaziabad",28.6624762,77.4349115,https://www.google.com/maps?q=28.6624762,77.4349115
store_001080,"UMA ENTERPRISE","Howrah",22.5933632,88.1535758,https://www.google.com/maps?q=22.5933632,88.1535758
store_001081,"SALKIA RADIO","Howrah",22.6015103,88.3464631,https://www.google.com/maps?q=22.6015103,88.3464631
store_001083,"PRINCE ELECTRONICS","Howrah",22.5681246,88.3241686,https://www.google.com/maps?q=22.5681246,88.3241686
store_001085,"ROLTRONEX GALLERY","Howrah",22.6204331,88.348525,https://www.google.com/maps?q=22.6204331,88.348525
store_001087,"MIRA TELECOM","Howrah",22.5630498,88.29357449999999,https://www.google.com/maps?q=22.5630498,88.29357449999999
store_001086,"MATRI ELECTRONICS","Howrah",22.5869475,88.23716720000002,https://www.google.com/maps?q=22.5869475,88.23716720000002
store_001088,"RANA DIGITAL","Howrah",22.592327,88.31470399999999,https://www.google.com/maps?q=22.592327,88.31470399999999
store_001068,"LULU DIGITAL","North And Middle Andaman",11.6697254,92.7409014,https://www.google.com/maps?q=11.6697254,92.7409014
store_001077,"MITTAL ELECTRONICS","Hooghly",22.725462,88.34619219999999,https://www.google.com/maps?q=22.725462,88.34619219999999
store_001078,"PADMA ENTERPRISE","Hooghly",22.8160625,88.2265625,https://www.google.com/maps?q=22.8160625,88.2265625
store_001072,"SS DIGITAL ZONE","Hooghly",22.9139737,88.3072875,https://www.google.com/maps?q=22.9139737,88.3072875
store_001076,"GANGA ELECTRONICS","Hooghly",22.7480797,88.34844819999999,https://www.google.com/maps?q=22.7480797,88.34844819999999
store_001127,"sangam electronics Godrej","Gurgaon",28.448108,77.0155545,https://www.google.com/maps?q=28.448108,77.0155545
store_001129,"Glowfast Electronics Godrej","Ghaziabad",28.6858103,77.3442465,https://www.google.com/maps?q=28.6858103,77.3442465
store_001141,"UNI Harisharan and Sons Godrej","Delhi",28.6797562,77.20006269999999,https://www.google.com/maps?q=28.6797562,77.20006269999999
store_001106,"Denco electronics Godrej","Delhi",28.6993284,77.2049341,https://www.google.com/maps?q=28.6993284,77.2049341
store_001131,"Rama Shoppee Godrej","Ghaziabad",28.6794049,77.36556139999999,https://www.google.com/maps?q=28.6794049,77.36556139999999
store_001133,"Mix Mobile Godrej","Delhi",28.570049,77.3264107,https://www.google.com/maps?q=28.570049,77.3264107
store_001149,"Globe Enterprises Godrej","Lucknow",26.8837105,80.9492746,https://www.google.com/maps?q=26.8837105,80.9492746
store_001109,"Balaji Digital World Godrej","Delhi",28.6125737,77.0874121,https://www.google.com/maps?q=28.6125737,77.0874121
store_001110,"Lassi Trading Dombivili Godrej","Thane",19.2184464,73.08539309999999,https://www.google.com/maps?q=19.2184464,73.08539309999999
store_001139,"Golden Electronics Godrej","Lucknow",26.8711945,80.8996264,https://www.google.com/maps?q=26.8711945,80.8996264
store_001138,"RYS Ent Durgapuri Godrej","Delhi",28.68926919999999,77.2950546,https://www.google.com/maps?q=28.68926919999999,77.2950546
store_001113,"UNI PVR Disributors Budh Vihar Godrej","Delhi",28.4951427,77.3046767,https://www.google.com/maps?q=28.4951427,77.3046767
store_001116,"Ambey Electronic and Electrical PBO Godrej","Gautam Buddha Nagar",28.4817088,77.4991642,https://www.google.com/maps?q=28.4817088,77.4991642
store_001123,"RYS Kanti Nagar Godrej","Delhi",28.6713222,77.2803304,https://www.google.com/maps?q=28.6713222,77.2803304
store_001121,"Kaushik Electronics and Furniture and Mobile House Godrej","Delhi",28.66554949999999,77.05878609999999,https://www.google.com/maps?q=28.66554949999999,77.05878609999999
store_001124,"Cool Care Airconditioning Godrej","Delhi",28.6761963,77.19976059999999,https://www.google.com/maps?q=28.6761963,77.19976059999999
store_001152,"Kirti Electroworld PBO Godrej","Gautam Buddha Nagar",28.5466416,77.5457083,https://www.google.com/maps?q=28.5466416,77.5457083
store_001161,"Star Electronics Godrej","Delhi",28.6149398,77.33769389999999,https://www.google.com/maps?q=28.6149398,77.33769389999999
store_001193,"Krishna Electronics Godrej","Delhi",28.7152104,77.1192751,https://www.google.com/maps?q=28.7152104,77.1192751
store_001186,"Uni Electronics Narela Godrej","Delhi",28.8524805,77.08819179999999,https://www.google.com/maps?q=28.8524805,77.08819179999999
store_001188,"Anisha TV Corner Godrej","Delhi",28.6466415,77.28372700000001,https://www.google.com/maps?q=28.6466415,77.28372700000001
store_001165,"RakeshDabas Electronics Bawana Godrej","Delhi",28.8010615,77.0351586,https://www.google.com/maps?q=28.8010615,77.0351586
store_001170,"Kataria Sales Corp Godrej","Delhi",28.6596335,77.26727389999999,https://www.google.com/maps?q=28.6596335,77.26727389999999
store_001208,"Haryana TV Centre Godrej","Delhi",28.6872224,77.0712818,https://www.google.com/maps?q=28.6872224,77.0712818
store_001223,"Hindustan Distributor Godrej","Delhi",28.6895487,77.29663939999999,https://www.google.com/maps?q=28.6895487,77.29663939999999
store_001221,"Sahu Agency Godrej","Delhi",28.7692004,77.1732809,https://www.google.com/maps?q=28.7692004,77.1732809
store_001255,"Lakshmi grace enterprises Godrej","Delhi",28.6688108,77.07234400000002,https://www.google.com/maps?q=28.6688108,77.07234400000002
store_001270,"Khushi Electronics PBO Godrej","Gautam Buddha Nagar",28.5543782,77.34687219999999,https://www.google.com/maps?q=28.5543782,77.34687219999999
store_001271,"Deepti Electronics Godrej","Delhi",28.6456632,77.13539279999999,https://www.google.com/maps?q=28.6456632,77.13539279999999
store_001333,"ASP - Alliance Solutions","Delhi",28.5346981,77.2701683,https://www.google.com/maps?q=28.5346981,77.2701683
store_001332,"ASP - Next Gen Services","Delhi",28.5197145,77.2010664,https://www.google.com/maps?q=28.5197145,77.2010664
store_001344,"ASP - INFINITI SALES AND SERVICES","Delhi",28.6251543,77.3952225,https://www.google.com/maps?q=28.6251543,77.3952225
store_001346,"ASP - Shaurya Aircon","Lucknow",26.7775307,80.9068276,https://www.google.com/maps?q=26.7775307,80.9068276
store_001345,"ASP - E zone Services","Delhi",28.6419907,77.2400615,https://www.google.com/maps?q=28.6419907,77.2400615
store_001335,"ASP - Handa Refrigeration","Delhi",28.6518683,77.12948759999999,https://www.google.com/maps?q=28.6518683,77.12948759999999
store_001348,"ASP - smart service","Lucknow",26.8199828,80.9117997,https://www.google.com/maps?q=26.8199828,80.9117997
store_001336,"ASP - Royal Refrigeration","Delhi",28.6397853,77.0849617,https://www.google.com/maps?q=28.6397853,77.0849617
store_001350,"ASP - Roy Services","Kolkata",22.6941315,88.37594469999999,https://www.google.com/maps?q=22.6941315,88.37594469999999
store_001339,"ASP - MS Arth Enterprises","Delhi",28.6205047,77.02474529999999,https://www.google.com/maps?q=28.6205047,77.02474529999999
store_001340,"ASP - United Home Care","Delhi",28.5736376,77.2559832,https://www.google.com/maps?q=28.5736376,77.2559832
store_001341,"ASP - MS ATHARVA SALES AND SERVICES","Pune",18.5342184,73.84904809999999,https://www.google.com/maps?q=18.5342184,73.84904809999999
store_001320,"kavita electronics Bawana Godrej","Delhi",28.80095,77.034931,https://www.google.com/maps?q=28.80095,77.034931
store_001329,"ASP - A S Services","Delhi",28.690015,77.0394917,https://www.google.com/maps?q=28.690015,77.0394917
store_001327,"ASP - Blue Gagan Enterprises","Bhubaneswar",20.245423,85.8039817,https://www.google.com/maps?q=20.245423,85.8039817
store_001330,"ASP - D K Enterprises","Delhi",28.511833,77.1777425,https://www.google.com/maps?q=28.511833,77.1777425
store_001328,"ASP - Nanak Services","Delhi",28.5773143,77.23344469999999,https://www.google.com/maps?q=28.5773143,77.23344469999999
store_001353,"ASP - M S RITA REFRIGERATION WORKS","Kolkata",22.5329558,88.37646889999999,https://www.google.com/maps?q=22.5329558,88.37646889999999
store_001354,"ASP - M S SHREE SERVICES","Pune",18.497271,73.813467,https://www.google.com/maps?q=18.497271,73.813467
store_001359,"ASP - S k enterprises","Delhi",28.6934588,77.099051,https://www.google.com/maps?q=28.6934588,77.099051
store_001360,"ASP - ALPHA ENTERPRISES","Delhi",28.4486062,77.1427978,https://www.google.com/maps?q=28.4486062,77.1427978
store_001351,"ASP - STAR SERVICE","Kolkata",22.5135297,88.3469717,https://www.google.com/maps?q=22.5135297,88.3469717
store_001355,"ASP - Hamdan Aircon","Delhi",28.6433329,77.2294732,https://www.google.com/maps?q=28.6433329,77.2294732
store_001381,"ASP - MAXXON","Bhubaneswar",20.2959847,85.8246101,https://www.google.com/maps?q=20.2959847,85.8246101
store_001386,"ASP - M S VIVA SERVICES AND SOLUTIONS","Chennai",12.9296489,80.11508119999999,https://www.google.com/maps?q=12.9296489,80.11508119999999
store_001387,"ASP - Isha Enterprises","Mumbai",19.2140132,73.130405,https://www.google.com/maps?q=19.2140132,73.130405
store_001362,"ASP - HI TECH SERVICE","Kolkata",22.7205659,88.4854785,https://www.google.com/maps?q=22.7205659,88.4854785
store_001363,"ASP - PAUL AND COMPANY","Kolkata",22.6151819,88.3344444,https://www.google.com/maps?q=22.6151819,88.3344444
store_001396,"ASP - M S SMART SERVICES","Chennai",13.0379751,80.1794922,https://www.google.com/maps?q=13.0379751,80.1794922
store_001398,"ASP - M S SHREE RAM ENGINEERING","Coimbatore",11.143453,76.9553458,https://www.google.com/maps?q=11.143453,76.9553458
store_001366,"ASP - CNB ENTERPRISES","Delhi",28.75232879999999,77.1427535,https://www.google.com/maps?q=28.75232879999999,77.1427535
store_001393,"ASP - DOLPHIN SERVICES","Mumbai",18.954889,72.83858699999999,https://www.google.com/maps?q=18.954889,72.83858699999999
store_001367,"ASP - SMART REFRIGERATION","Kolkata",22.4644831,88.4072953,https://www.google.com/maps?q=22.4644831,88.4072953
store_001392,"ASP - M S ELITE SERVICES","Chennai",13.0925591,80.1634456,https://www.google.com/maps?q=13.0925591,80.1634456
store_001369,"ASP - M S S R INNOVATION","Lucknow",26.9052048,80.9647499,https://www.google.com/maps?q=26.9052048,80.9647499
store_001370,"ASP - COOLING POWER","Kolkata",22.476926,88.381699,https://www.google.com/maps?q=22.476926,88.381699
store_001379,"ASP - M S IDEAL","Cochin",10.0031576,76.29998239999999,https://www.google.com/maps?q=10.0031576,76.29998239999999
store_001372,"ASP - M S creative cool","Lucknow",26.8872605,80.9680478,https://www.google.com/maps?q=26.8872605,80.9680478
store_001378,"ASP - JJ ASSOCIATES","Cochin",9.9110756,76.2787917,https://www.google.com/maps?q=9.9110756,76.2787917
store_001375,"ASP - M S RACHANA ELECTRIC AND REFRIGERATION","Kolkata",22.5676939,88.3574488,https://www.google.com/maps?q=22.5676939,88.3574488
store_001376,"ASP - MS PHOENIX ENTERPRISES","Pune",18.4616546,73.8074615,https://www.google.com/maps?q=18.4616546,73.8074615
store_001371,"ASP - SAI AIR COOL","Delhi",28.5213304,77.1687998,https://www.google.com/maps?q=28.5213304,77.1687998
store_001374,"ASP - M S E BUG INDIA PRIVATE LIMITED","Lucknow",26.8466937,80.94616599999999,https://www.google.com/maps?q=26.8466937,80.94616599999999
store_001404,"ASP - M S ICEBERG SERVICES","Chennai",13.0359232,80.26892,https://www.google.com/maps?q=13.0359232,80.26892
store_001409,"ASP - M S MIDAS SERVICES","Chennai",12.9908133,80.1977295,https://www.google.com/maps?q=12.9908133,80.1977295
store_001443,"ASP - MARIA REFRIGERATION","Bangalore",12.8205554,77.676574,https://www.google.com/maps?q=12.8205554,77.676574
store_001442,"ASP - SHIVASHAKTHI ENTERPRISES","Bangalore",12.9644492,77.58014589999999,https://www.google.com/maps?q=12.9644492,77.58014589999999
store_001444,"ASP - M S SIVASENTHURAN ENGINEERING","Coimbatore",11.0300195,77.00764339999999,https://www.google.com/maps?q=11.0300195,77.00764339999999
store_001408,"ASP - MS ICON ENTERPRISES","Pune",18.5527158,73.88206989999999,https://www.google.com/maps?q=18.5527158,73.88206989999999
store_001411,"ASP - Shiv Enterprises","Faridabad",28.4841547,77.3318977,https://www.google.com/maps?q=28.4841547,77.3318977
store_001412,"ASP - M S LEON AIRCON","Chennai",28.5820461,77.2510801,https://www.google.com/maps?q=28.5820461,77.2510801
store_001450,"ASP - M S RAGHUVANSHI ENTERPRISES","Mumbai",18.9922779,72.82419639999999,https://www.google.com/maps?q=18.9922779,72.82419639999999
store_001436,"ASP - RDV GROUP","Bangalore",12.9281413,77.573512,https://www.google.com/maps?q=12.9281413,77.573512
store_001439,"ASP - SGR REFRIGERATION","Bangalore",12.8972295,77.64398849999999,https://www.google.com/maps?q=12.8972295,77.64398849999999
store_001440,"ASP - M S KASOTIYA SERVICES CENTER","Faridabad",28.3975744,77.3061468,https://www.google.com/maps?q=28.3975744,77.3061468
store_001415,"ASP - Servotex Service","Ghaziabad",28.6858762,77.3408807,https://www.google.com/maps?q=28.6858762,77.3408807
store_001413,"ASP - Perfect Service And Spare","Faridabad",28.3444037,77.32986720000001,https://www.google.com/maps?q=28.3444037,77.32986720000001
store_001477,"ASP - M S SRI AYYAPPA ENTERPRISES","Chennai",13.0709146,80.2156193,https://www.google.com/maps?q=13.0709146,80.2156193
store_001454,"ASP - TRADE MAX REFRRGEATION","Lucknow",26.883831,81.002324,https://www.google.com/maps?q=26.883831,81.002324
store_001452,"ASP - DIO ENTERPRISES","Bangalore",12.9652018,77.5779615,https://www.google.com/maps?q=12.9652018,77.5779615
store_001489,"ASP - RELIABLE SERVICE CENTER","Ghaziabad",28.5665664,77.4078336,https://www.google.com/maps?q=28.5665664,77.4078336
store_001476,"ASP - CLASSIC AIRCONDITIONING","Bangalore",12.9681661,77.6541276,https://www.google.com/maps?q=12.9681661,77.6541276
store_001509,"ASP - M S NIGEL ENGINEERING","Coimbatore",10.9664476,77.0717034,https://www.google.com/maps?q=10.9664476,77.0717034
store_001536,"ASP - Shree Enterprises","Mumbai",19.1420253,72.99303859999999,https://www.google.com/maps?q=19.1420253,72.99303859999999
store_001517,"ASP - vanisha cooltech System","Bhubaneswar",20.3542145,85.8265087,https://www.google.com/maps?q=20.3542145,85.8265087
store_001516,"ASP - KOOLTECH REFRIGERTION","Mumbai",19.062149,73.0019073,https://www.google.com/maps?q=19.062149,73.0019073
store_001551,"ASP - M S GREENCITY AIRCON","Chennai",13.1144091,80.19805559999999,https://www.google.com/maps?q=13.1144091,80.19805559999999
store_001555,"ASP - M S THREE STAR SERVICE","Cochin",9.9580944,76.28955599999999,https://www.google.com/maps?q=9.9580944,76.28955599999999
store_001583,"ASP - M S HOME CARE SERVICE","Cochin",9.973900500000001,76.2795378,https://www.google.com/maps?q=9.973900500000001,76.2795378
store_001562,"ASP - VP VENTURES","Mumbai",19.1869658,72.9706047,https://www.google.com/maps?q=19.1869658,72.9706047
store_001598,"ASP - Shree Krupa","Mumbai",19.2288724,72.8621818,https://www.google.com/maps?q=19.2288724,72.8621818
store_001567,"ASP - Lakshay Enterprise","Delhi",28.6729291,77.1765602,https://www.google.com/maps?q=28.6729291,77.1765602
store_001568,"ASP - POWER COOL ENGINEERING WORKS","Pune",18.5550153,73.804634,https://www.google.com/maps?q=18.5550153,73.804634
store_001599,"Vasanth & Co MANALI - 1129","Chennai",13.1657728,80.2530486,https://www.google.com/maps?q=13.1657728,80.2530486
store_001600,"Vasanth & Co THIRUVOTTIYUR - 1130","Chennai",13.1579932,80.3015277,https://www.google.com/maps?q=13.1579932,80.3015277
store_001602,"Vasanth & Co COIMBATORE-3 - (1209)","Coimbatore",11.0172735,76.968608,https://www.google.com/maps?q=11.0172735,76.968608
store_001622,"Vasanth & Co PALAYAMKOTTAI - (1302)","Tirunelveli",8.726775,77.7277414,https://www.google.com/maps?q=8.726775,77.7277414
store_001603,"Vasanth & Co WASHERMENPET - (1106)","Chennai",13.114959,80.2828,https://www.google.com/maps?q=13.114959,80.2828
store_001633,"Vasanth & Co ADAYAR - (1107)","Chennai",13.0067509,80.25805319999999,https://www.google.com/maps?q=13.0067509,80.25805319999999
store_001634,"Vasanth & Co VELACHERY - (1114)","Chennai",12.9838085,80.2182128,https://www.google.com/maps?q=12.9838085,80.2182128
store_001625,"Vasanth & Co MARTHANDAM - (1312)","Kanyakumari",8.304411199999999,77.22786219999999,https://www.google.com/maps?q=8.304411199999999,77.22786219999999
store_001624,"Vasanth & Co MADURAI -2 - (1303)","Madurai",9.9152425,78.11886670000001,https://www.google.com/maps?q=9.9152425,78.11886670000001
store_001635,"Vasanth & Co Tiruppur II - (1223)","Tirupur",11.1039772,77.34583010000001,https://www.google.com/maps?q=11.1039772,77.34583010000001
store_001601,"Vasanth & Co ROYAPURAM - (1105)","Chennai",13.113842,80.294464,https://www.google.com/maps?q=13.113842,80.294464
store_001623,"Vasanth & Co SAIDAPET - (1115)","Chennai",13.0284954,80.2269814,https://www.google.com/maps?q=13.0284954,80.2269814
store_001604,"Vasanth & Co PATTUKOTTAI - (1401)","Thanjavur",10.4255735,79.31284,https://www.google.com/maps?q=10.4255735,79.31284
store_001626,"Vasanth & Co CUMBUM - (1310)","Theni",9.740767,77.28612799999999,https://www.google.com/maps?q=9.740767,77.28612799999999
store_001627,"Vasanth & Co NORTH USMAN ROAD - (1110)","Chennai",13.0477673,80.2333146,https://www.google.com/maps?q=13.0477673,80.2333146
store_001638,"Vasanth & Co SALEM-3 - 1214","Salem",11.6545175,78.1590315,https://www.google.com/maps?q=11.6545175,78.1590315
store_001636,"Vasanth & Co ROYAPURAM - II (1109)","Chennai",13.113842,80.294464,https://www.google.com/maps?q=13.113842,80.294464
store_001639,"Vasanth & Co TIRUPPUR - (1205)","Tirupur",11.1039772,77.34583010000001,https://www.google.com/maps?q=11.1039772,77.34583010000001
store_001637,"Vasanth & Co VINAYAGAPURAM - 1123","Chennai",13.1266122,80.2186687,https://www.google.com/maps?q=13.1266122,80.2186687
store_001605,"Vasanth & Co PUDUKOTTAI - (1403)","Pudukkottai",10.3858686,78.82201630000002,https://www.google.com/maps?q=10.3858686,78.82201630000002
store_001606,"Vasanth & Co PERAMBALUR (1406)","Perambalur",11.233794,78.880493,https://www.google.com/maps?q=11.233794,78.880493
store_001628,"Vasanth & Co TRICHY-2 - 1413","Trichy",10.8267426,78.6908624,https://www.google.com/maps?q=10.8267426,78.6908624
store_001640,"Vasanth & Co VILLUPURAM (1510)","Viluppuram",11.935892,79.48522299999999,https://www.google.com/maps?q=11.935892,79.48522299999999
store_001629,"Vasanth & Co SHOLINGANALLUR - 1122","Chennai",12.9019391,80.22856929999999,https://www.google.com/maps?q=12.9019391,80.22856929999999
store_001607,"Vasanth & Co PADI-2 (1128)","Chennai",13.0989817,80.1842368,https://www.google.com/maps?q=13.0989817,80.1842368
store_001631,"Vasanth & Co SATHYAMANGALAM 1213","Erode",11.5053765,77.2460912,https://www.google.com/maps?q=11.5053765,77.2460912
store_001630,"Vasanth & Co TAMBARAM II - (1120)","Chennai",12.9283938,80.1155086,https://www.google.com/maps?q=12.9283938,80.1155086
store_001609,"Vasanth & Co AARANI - 1509","Thiruvannamalai",12.6830086,79.28466879999999,https://www.google.com/maps?q=12.6830086,79.28466879999999
store_001608,"Vasanth & Co THENI - (1313)","Theni",10.0183344,77.47951239999999,https://www.google.com/maps?q=10.0183344,77.47951239999999
store_001632,"Vasanth & Co ATTUR - (1504)","Salem",11.5998662,78.5950668,https://www.google.com/maps?q=11.5998662,78.5950668
store_001610,"Vasanth & Co KALLAKURICHI - 1512","Viluppuram",11.7417461,78.9641125,https://www.google.com/maps?q=11.7417461,78.9641125
store_001619,"Vasanth & Co TRICHY - (1400)","Trichy",10.8267426,78.6908624,https://www.google.com/maps?q=10.8267426,78.6908624
store_001611,"Vasanth & Co VIRUDHACHALAM - 1511","Cuddalore",11.5156127,79.3188168,https://www.google.com/maps?q=11.5156127,79.3188168
store_001621,"Vasanth & Co VALLIYOOR (1319)","Tirunelveli",8.383641899999999,77.6094339,https://www.google.com/maps?q=8.383641899999999,77.6094339
store_001620,"Vasanth & Co ARUPPUKOTTAI - 1322","Virudhunagar",9.5074132,78.0943253,https://www.google.com/maps?q=9.5074132,78.0943253
store_001613,"Vasanth & Co REDHILLS - 1125","Chennai",13.1952804,80.1857599,https://www.google.com/maps?q=13.1952804,80.1857599
store_001612,"Vasanth & Co PURASAIWALKAM-2 (1121)","Chennai",13.0860525,80.2496476,https://www.google.com/maps?q=13.0860525,80.2496476
store_001614,"Vasanth & Co KUMBAKONAM - (1404)","Chennai",10.9583853,79.3727361,https://www.google.com/maps?q=10.9583853,79.3727361
store_001617,"Vasanth & Co ULLAGARAM - (1116)","Chennai",12.9758907,80.1930522,https://www.google.com/maps?q=12.9758907,80.1930522
store_001618,"Vasanth & Co CHIDAMBARAM - (1502)","Cuddalore",11.3971545,79.6989926,https://www.google.com/maps?q=11.3971545,79.6989926
store_001615,"Vasanth & Co THIRUVANNAMALAI - (1521)","Tiruvannamalai",12.2381763,79.0733903,https://www.google.com/maps?q=12.2381763,79.0733903
store_001616,"Vasanth & Co GUMMIDIPOONDI - 1518","Thiruvallur",13.4187777,80.1272591,https://www.google.com/maps?q=13.4187777,80.1272591
store_001641,"VS-Pune(Dange Chowk)","Pune",18.604276,73.7510007,https://www.google.com/maps?q=18.604276,73.7510007
store_001642,"VS-Currey Road","Mumbai",18.994402,72.83288999999999,https://www.google.com/maps?q=18.994402,72.83288999999999
store_001643,"VS-DELHI(ROHINI Sector-16)","Delhi",28.7354495,77.117477,https://www.google.com/maps?q=28.7354495,77.117477
store_001645,"INDIRA ENTERPRISERS","Bhubaneswar",20.2602968,85.78771669999999,https://www.google.com/maps?q=20.2602968,85.78771669999999
store_001666,"MAMATA ELECTRICAL AND ELECTRONICS","Bhubaneswar",20.3792427,85.8266689,https://www.google.com/maps?q=20.3792427,85.8266689
store_001667,"MOBILE MANIA","Bhubaneswar",20.2044125,85.8497266,https://www.google.com/maps?q=20.2044125,85.8497266
store_001710,"THE HOME MAKERS","Bhubaneswar",20.2800645,85.76524270000002,https://www.google.com/maps?q=20.2800645,85.76524270000002
store_001778,"DARBAR TRADERS","Delhi",28.5930746,77.1212906,https://www.google.com/maps?q=28.5930746,77.1212906
store_001793,"OM ELECTRONICS","Delhi",28.5582681,77.2521302,https://www.google.com/maps?q=28.5582681,77.2521302
store_001794,"PANDIT JI MOBILE CARE","Delhi",28.7340869,77.2714471,https://www.google.com/maps?q=28.7340869,77.2714471
store_001798,"SAREENS ELECTRONICS","Delhi",28.663539,77.19689199999999,https://www.google.com/maps?q=28.663539,77.19689199999999
store_001782,"HINDUSTAN DISTRIBUTORS","Delhi",28.6895487,77.29663939999999,https://www.google.com/maps?q=28.6895487,77.29663939999999
store_001784,"KHATTAR ELECTRONICS","Delhi",28.8459748,77.0894902,https://www.google.com/maps?q=28.8459748,77.0894902
store_001785,"KUMRA ENGINEERING","Delhi",28.5850649,77.0699987,https://www.google.com/maps?q=28.5850649,77.0699987
store_001788,"MALIK CYCLE","Delhi",28.5844625,77.2176185,https://www.google.com/maps?q=28.5844625,77.2176185
store_001790,"MOVIE ELECTRONICS","Delhi",28.6585958,77.2357749,https://www.google.com/maps?q=28.6585958,77.2357749
store_001776,"BASANT COMMUNICATION","Delhi",28.5664002,77.176073,https://www.google.com/maps?q=28.5664002,77.176073
store_001806,"VERMA ELECTRONICS","Delhi",28.6488875,77.1628666,https://www.google.com/maps?q=28.6488875,77.1628666
store_001805,"VARDHMAN ELECTRONIC","Delhi",28.71743279999999,77.1745395,https://www.google.com/maps?q=28.71743279999999,77.1745395
store_001891,"NAVEEN ELECTRONICS","Delhi",26.8083091,75.8052517,https://www.google.com/maps?q=26.8083091,75.8052517
store_001948,"A.G MARKETING","Kanpur",26.4722063,80.322163,https://www.google.com/maps?q=26.4722063,80.322163
store_001953,"ALL MEGA MART","Kanpur",26.4984228,80.2518746,https://www.google.com/maps?q=26.4984228,80.2518746
store_001955,"BANKE BIHARI AGENCIES","Kanpur",26.7696396,79.0333984,https://www.google.com/maps?q=26.7696396,79.0333984
store_001981,"NEW JEET ELECTRONICS","Kanpur",26.4673371,80.31458669999999,https://www.google.com/maps?q=26.4673371,80.31458669999999
store_001978,"MISHRA ELECTRICALS","Kanpur",26.4790665,80.2841624,https://www.google.com/maps?q=26.4790665,80.2841624
store_001970,"KANPUR COOLING SERVICES PRIVATE LIM","Kanpur",26.4472178,80.31133390000001,https://www.google.com/maps?q=26.4472178,80.31133390000001
store_001965,"INDIA SUPPLY CORPN","Kanpur",26.4693199,80.35929349999999,https://www.google.com/maps?q=26.4693199,80.35929349999999
store_002034,"ABHISHEK ELECTRONICS","Lucknow",26.7707585,80.87859859999999,https://www.google.com/maps?q=26.7707585,80.87859859999999
store_002050,"POOJA ELECTRONICS","Lucknow",26.7915049,80.92474179999999,https://www.google.com/maps?q=26.7915049,80.92474179999999
store_002056,"SATISH ELECTRONICS","Lucknow",26.872727,80.890545,https://www.google.com/maps?q=26.872727,80.890545
store_002101,"BINDRA RADIOS","Noida",28.9954829,77.70442729999999,https://www.google.com/maps?q=28.9954829,77.70442729999999
store_002103,"HARISH WATCH ELECTRONICS","Noida",28.5535523,77.55394749999999,https://www.google.com/maps?q=28.5535523,77.55394749999999
store_002190,"Rakesh Electronics (Uttam Nagar) Godrej","Delhi",28.6225876,77.0586921,https://www.google.com/maps?q=28.6225876,77.0586921
store_002191,"Rakesh Electronics-M2K Godrej","Delhi",28.6995398,77.118595,https://www.google.com/maps?q=28.6995398,77.118595
store_002193,"Rakesh Electronics-Ashok Vihar Godrej","Delhi",28.6927756,77.1743314,https://www.google.com/maps?q=28.6927756,77.1743314
store_002197,"Rakesh Electronics (RK Puram) Godrej","Delhi",28.5666606,77.17578019999999,https://www.google.com/maps?q=28.5666606,77.17578019999999
store_002196,"Rakesh Electronics-Rohini Sec-17 Godrej","Delhi",28.7411144,77.1192464,https://www.google.com/maps?q=28.7411144,77.1192464
store_002198,"Rakesh Electronics (Kanti Nagar) Godrej","Delhi",28.671587,77.2802839,https://www.google.com/maps?q=28.671587,77.2802839
store_002200,"VS-Vadodara( Vihav CBD )","Vadodara",22.2902491,73.131856,https://www.google.com/maps?q=22.2902491,73.131856
store_002186,"Rakesh Electronics (Budh Vihar) Godrej","Delhi",28.70382639999999,77.08765269999999,https://www.google.com/maps?q=28.70382639999999,77.08765269999999
store_002187,"Rakesh electronics(Patel Nagar) Godrej","Delhi",28.6507275,77.1593573,https://www.google.com/maps?q=28.6507275,77.1593573
store_002188,"Rakesh Electronics (Kanti Nagar) Godrej","Delhi",28.671587,77.2802839,https://www.google.com/maps?q=28.671587,77.2802839
store_002201,"VS-Mahavir Nagar","Mumbai",19.2135268,72.8408303,https://www.google.com/maps?q=19.2135268,72.8408303
store_002202,"Sadana Electric Store","Lucknow",26.8414172,80.9268653,https://www.google.com/maps?q=26.8414172,80.9268653
store_002203,"Uni Prakash Trading","Delhi",28.6781216,77.1890552,https://www.google.com/maps?q=28.6781216,77.1890552
store_002204,"VS-Ashok Vihar","Delhi",28.6909791,77.17652389999999,https://www.google.com/maps?q=28.6909791,77.17652389999999
store_002205,"New Ganapati Electronic","Panipat",29.396246,76.96917210000001,https://www.google.com/maps?q=29.396246,76.96917210000001
store_002207,"Rakesh Electronics ( Narela ) Godrej","Delhi",28.8565566,77.08877199999999,https://www.google.com/maps?q=28.8565566,77.08877199999999
store_002209,"Sangam Electronics","Delhi",28.8503457,77.08752179999999,https://www.google.com/maps?q=28.8503457,77.08752179999999
store_002210,"Shadab Electronics","Lucknow",26.9045196,80.933403,https://www.google.com/maps?q=26.9045196,80.933403
store_002214,"Mahajan Electronics","Delhi",28.6510822,77.12503869999999,https://www.google.com/maps?q=28.6510822,77.12503869999999
store_002215,"Atlantic","Delhi",28.5448625,77.30930239999999,https://www.google.com/maps?q=28.5448625,77.30930239999999
store_002216,"Vardhman Light and Sound Ent Godrej","Delhi",28.6895749,77.2984846,https://www.google.com/maps?q=28.6895749,77.2984846
store_002241,"NANDAJI ELECTRICALS ELECTRONICS Godrej","Delhi",28.6250865,77.0617992,https://www.google.com/maps?q=28.6250865,77.0617992
store_002220,"AGGARWAL ELECTRONICS","Delhi",28.656446,77.234498,https://www.google.com/maps?q=28.656446,77.234498
store_002219,"NEW PANKAJ ELECTRONICS Godrej","Delhi",28.6108196,77.3351301,https://www.google.com/maps?q=28.6108196,77.3351301
store_002243,"KPSK ENTERPRISES Godrej","Delhi",28.5468619,77.2751031,https://www.google.com/maps?q=28.5468619,77.2751031
store_002244,"MANCHANDA ELECTRICAL WORKS Godrej","Delhi",28.65491369999999,77.2765958,https://www.google.com/maps?q=28.65491369999999,77.2765958
store_002231,"V N Agencies Godrej","Delhi",28.8500138,77.0876158,https://www.google.com/maps?q=28.8500138,77.0876158
store_002222,"Anugrah Electronic and Appliances K Godrej","Delhi",28.7030755,77.1174061,https://www.google.com/maps?q=28.7030755,77.1174061
store_002221,"Anugrah electronics Godrej","Delhi",28.7030755,77.1174061,https://www.google.com/maps?q=28.7030755,77.1174061
store_002228,"Kumar Electronics India Godrej","Delhi",28.8502705,77.0874918,https://www.google.com/maps?q=28.8502705,77.0874918
store_002223,"Shri Bala Pritam Electronics Godrej","Delhi",28.6418365,77.0994016,https://www.google.com/maps?q=28.6418365,77.0994016
store_002245,"RPG ELECTRADE PRIVATE LIMITED Godrej","Delhi",28.558376,77.2070391,https://www.google.com/maps?q=28.558376,77.2070391
store_002226,"HARI SHARAN AND SONS Godrej","Delhi",28.6797562,77.20006269999999,https://www.google.com/maps?q=28.6797562,77.20006269999999
store_002232,"CHAMPARAN ELECTRONICS PVT LTD Godrej","Delhi",28.5891299,77.3041573,https://www.google.com/maps?q=28.5891299,77.3041573
store_002227,"Sahu Electronics Godrej","Delhi",28.7412963,77.1199874,https://www.google.com/maps?q=28.7412963,77.1199874
store_002224,"Ambica Electronics Godrej","Delhi",28.5481436,77.2533381,https://www.google.com/maps?q=28.5481436,77.2533381
store_002293,"mk electronics refrigeration Godrej","Delhi",28.5816863,77.1787152,https://www.google.com/maps?q=28.5816863,77.1787152
store_002260,"ALFA ELECTRONICS","Delhi",28.679672,77.162722,https://www.google.com/maps?q=28.679672,77.162722
store_002265,"RYS Ent East Vinod Ngr Godrej","Delhi",28.6270765,77.3010709,https://www.google.com/maps?q=28.6270765,77.3010709
store_002273,"Vardhman Electronics Jawala Burari Godrej","Delhi",28.71743279999999,77.1745395,https://www.google.com/maps?q=28.71743279999999,77.1745395
store_002340,"Sadana Electricals Godrej","Lucknow",26.8414172,80.9268653,https://www.google.com/maps?q=26.8414172,80.9268653
store_002342,"Refrico Godrej","Lucknow",26.8445626,80.9353651,https://www.google.com/maps?q=26.8445626,80.9353651
store_002341,"Initiative Data Systems Godrej","Lucknow",26.802332,80.895787,https://www.google.com/maps?q=26.802332,80.895787
store_002344,"Refrico Havells","Lucknow",26.7747452,80.9611851,https://www.google.com/maps?q=26.7747452,80.9611851
store_002343,"Melody House Godrej","Lucknow",26.8265628,80.9446827,https://www.google.com/maps?q=26.8265628,80.9446827
store_002345,"satish electronics Godrej","Lucknow",26.872727,80.890545,https://www.google.com/maps?q=26.872727,80.890545
store_002346,"Shree Ram Electronics Godrej","Faridabad",28.3503822,77.333974,https://www.google.com/maps?q=28.3503822,77.333974
store_002348,"VS- Kukatpally","Hyderabad",17.4856958,78.3908246,https://www.google.com/maps?q=17.4856958,78.3908246
store_002350,"Raj Kumar Electronics ( UNI )","Delhi",28.6824583,77.3235263,https://www.google.com/maps?q=28.6824583,77.3235263
store_002349,"Goyal Electronics ( Ovot )","Delhi",28.6581944,77.2326004,https://www.google.com/maps?q=28.6581944,77.2326004
store_002354,"Croma -Meerut Garg Road","Meerut",28.9698137,77.7224141,https://www.google.com/maps?q=28.9698137,77.7224141
store_002358,"S R ELECTRO WORLD","Kanpur",26.472156,80.322042,https://www.google.com/maps?q=26.472156,80.322042
store_002361,"LEO INTERNATIONAL","Kanpur",26.4642595,80.29635689999999,https://www.google.com/maps?q=26.4642595,80.29635689999999
store_002360,"THE ELECTRONIC SHOP","Kanpur",26.478901,80.3177954,https://www.google.com/maps?q=26.478901,80.3177954
store_002357,"DIGITAL WORLD ELECTRONIC HUB","Kanpur",26.4727398,80.3275946,https://www.google.com/maps?q=26.4727398,80.3275946
store_002362,"Singh Electronics","Kanpur",26.4704281,80.2465714,https://www.google.com/maps?q=26.4704281,80.2465714
store_002363,"Tech solutions","Delhi",28.548077,77.25171,https://www.google.com/maps?q=28.548077,77.25171
store_002364,"Laxmi electromart","Delhi",28.5493045,77.2514264,https://www.google.com/maps?q=28.5493045,77.2514264
store_002367,"M/S CLIMATE WORLD","GORAKHPUR",26.7472451,83.3697755,https://www.google.com/maps?q=26.7472451,83.3697755
store_002369,"RUNGTA ELECTRICALS","GORAKHPUR",26.7559572,83.3678046,https://www.google.com/maps?q=26.7559572,83.3678046
store_002368,"RAMA ELECTRONIC WORLD","GORAKHPUR",26.7695277,83.38232819999999,https://www.google.com/maps?q=26.7695277,83.38232819999999
store_002370,"GARAG DIGITAL","GORAKHPUR",26.7848296,83.3855703,https://www.google.com/maps?q=26.7848296,83.3855703
store_002374,"Croma-Gorakhpur - Taramandal","Gorakhpur",26.7337839,83.37844799999999,https://www.google.com/maps?q=26.7337839,83.37844799999999
store_002373,"A TO Z ELECTRONICS","SIDHARTHNAGAR",27.1839244,82.6684822,https://www.google.com/maps?q=27.1839244,82.6684822
store_002372,"JAI MATA DI ELECTRONIC","GORAKHPUR",26.7940797,83.3876946,https://www.google.com/maps?q=26.7940797,83.3876946
store_002366,"NEELAM ELECTRONICS","DEORIA",26.2809072,83.7207576,https://www.google.com/maps?q=26.2809072,83.7207576
store_002375,"Electronic paradise","Delhi",28.6333596,77.2817721,https://www.google.com/maps?q=28.6333596,77.2817721
store_002378,"Chennai-Kolathur","Chennai",13.1239583,80.2121332,https://www.google.com/maps?q=13.1239583,80.2121332
store_002377,"Electronic Bazar","Delhi",28.5490526,77.2516061,https://www.google.com/maps?q=28.5490526,77.2516061
store_002376,"Bharat Electronics","Delhi",28.637556,77.05198899999999,https://www.google.com/maps?q=28.637556,77.05198899999999
store_002380,"Bengaluru ? Kadugodi","Bangalore",12.9908404,77.7607805,https://www.google.com/maps?q=12.9908404,77.7607805
store_002381,"Nashik- Jail Road","Nashik",19.9758225,73.8414578,https://www.google.com/maps?q=19.9758225,73.8414578
store_002383,"Virar-Redbricks","Mumbai",19.470135,72.802973,https://www.google.com/maps?q=19.470135,72.802973
store_002382,"Surat-Bardoli","Surat",21.1255374,73.1122499,https://www.google.com/maps?q=21.1255374,73.1122499
store_002387,"Vasanth & Co AVADI - 1126","Chennai",13.11658,80.0993312,https://www.google.com/maps?q=13.11658,80.0993312
store_002386,"Vasanth & Co TIRUPATTUR - 1515","Tirupathur",12.4854101,78.5605866,https://www.google.com/maps?q=12.4854101,78.5605866
store_002385,"Vasanth & Co PORUR - (1112)","Chennai",13.0377692,80.1593461,https://www.google.com/maps?q=13.0377692,80.1593461
store_002389,"Vasanth & Co CUDDALORE - (1505)","Cuddalore",11.7581669,79.76308039999999,https://www.google.com/maps?q=11.7581669,79.76308039999999
store_002388,"Vasanth & Co GOWRIVAKKAM - 1127","Chennai",12.9215692,80.16640850000002,https://www.google.com/maps?q=12.9215692,80.16640850000002
store_002390,"Vasanth & Co NAGERCOIL-2 - (1316)","Nagercoil-2",8.182126499999999,77.4296327,https://www.google.com/maps?q=8.182126499999999,77.4296327
store_002391,"Vasanth & Co GUDUVANCHERRY - (1101)","Chennai",12.8498082,80.0650297,https://www.google.com/maps?q=12.8498082,80.0650297
store_002396,"Vasanth & Co ERODE - (1203)","Erode",11.337123,77.71207600000001,https://www.google.com/maps?q=11.337123,77.71207600000001
store_002395,"Vasanth & Co ARAKKONAM - 1516","Chennai",13.0905268,79.6604138,https://www.google.com/maps?q=13.0905268,79.6604138
store_002393,"Vasanth & Co CHENGELPET - (1108)","Chennai",12.699366,79.96913239999999,https://www.google.com/maps?q=12.699366,79.96913239999999
store_002398,"Vasanth & Co KUNDRATHUR - (1131)","Chennai",12.9994093,80.0972961,https://www.google.com/maps?q=12.9994093,80.0972961
store_002392,"Vasanth & Co AMBATTUR - 1124","Chennai",13.1233945,80.14577039999999,https://www.google.com/maps?q=13.1233945,80.14577039999999
store_002397,"Vasanth & Co DHARMAPURI - (1211)","Dharmapuri",12.1184719,78.1563862,https://www.google.com/maps?q=12.1184719,78.1563862
store_002394,"Vasanth & Co NAGERCOIL - (1305)","Nagercoil",8.182126499999999,77.4296327,https://www.google.com/maps?q=8.182126499999999,77.4296327
store_002399,"Vasanth & Co THIRUVARUR - 1409","Chennai",10.7777634,79.6336908,https://www.google.com/maps?q=10.7777634,79.6336908
store_002400,"Vasanth & Co KARAIKUDI - (1405)","Chennai",13.0843007,80.2704622,https://www.google.com/maps?q=13.0843007,80.2704622
store_002401,"Vasanth & Co DINDIGUL - (1307)","Chennai",10.3656344,77.973654,https://www.google.com/maps?q=10.3656344,77.973654
store_002402,"Vasanth & Co SINGANALLUR - 1217","Chennai",11.0007151,77.0289675,https://www.google.com/maps?q=11.0007151,77.0289675
store_002405,"Vasanth & Co KELAMBAKKAM - (1132)","Chennai",12.7864794,80.2203122,https://www.google.com/maps?q=12.7864794,80.2203122
store_002403,"Vasanth & Co PANRUTI - (1507)","Chennai",11.7685831,79.5498542,https://www.google.com/maps?q=11.7685831,79.5498542
store_002410,"Vasanth & Co KRISHNAGIRI - 1216","Chennai",12.5294782,78.2067407,https://www.google.com/maps?q=12.5294782,78.2067407
store_002406,"Vasanth & Co SIVAKASI - (1314)","Chennai",9.4494355,77.7942662,https://www.google.com/maps?q=9.4494355,77.7942662
store_002411,"Vasanth & Co KARUR - (1206)","Chennai",10.9627695,78.0760755,https://www.google.com/maps?q=10.9627695,78.0760755
store_002407,"Vasanth & Co PONDICHERRY - (2100)","Chennai",11.9313741,79.8283583,https://www.google.com/maps?q=11.9313741,79.8283583
store_002412,"Vasanth & Co MAYILADUTHURAI - 1408","Chennai",11.0994189,79.64555299999999,https://www.google.com/maps?q=11.0994189,79.64555299999999
store_002404,"Vasanth & Co MINJUR - 1519","Chennai",13.2810701,80.2578123,https://www.google.com/maps?q=13.2810701,80.2578123
store_002408,"Vasanth & Co KARUNGAL (1318)","Chennai",8.2383893,77.24065,https://www.google.com/maps?q=8.2383893,77.24065
store_002416,"Vasanth & Co MADURAI -3 - (1311)","Chennai",9.9152425,78.11886670000001,https://www.google.com/maps?q=9.9152425,78.11886670000001
store_002413,"Vasanth & Co THIRUCHENGODE - 1219","Chennai",11.3838204,77.8946885,https://www.google.com/maps?q=11.3838204,77.8946885
store_002417,"Vasanth & Co TUTICORIN - (1304)","Chennai",8.802997099999999,78.1417645,https://www.google.com/maps?q=8.802997099999999,78.1417645
store_002436,"Vasanth & Co TISAIYANVILAI - 1320","Chennai",8.3351989,77.8676565,https://www.google.com/maps?q=8.3351989,77.8676565
store_002414,"Vasanth & Co NANGANALLUR - (1113)","Chennai",12.9838174,80.18826349999999,https://www.google.com/maps?q=12.9838174,80.18826349999999
store_002415,"Vasanth & Co TANJAVUR - (1402)","Chennai",10.7896177,79.1380932,https://www.google.com/maps?q=10.7896177,79.1380932
store_002418,"Vasanth & Co ARCOT - 1514","Chennai",12.9042124,79.3177864,https://www.google.com/maps?q=12.9042124,79.3177864
store_002435,"Vasanth & Co RAMANATHAPURAM-2 - 1323","Chennai",9.3678499,78.8317539,https://www.google.com/maps?q=9.3678499,78.8317539
store_002438,"Vasanth & Co SALEM - (1202)","Chennai",11.6545175,78.1590315,https://www.google.com/maps?q=11.6545175,78.1590315
store_002409,"Vasanth & Co NAMAKKAL - (1207)","Chennai",11.2356928,78.1656273,https://www.google.com/maps?q=11.2356928,78.1656273
store_002419,"Vasanth & Co PONDICHERRY - (2101) - II","Chennai",11.9313741,79.8283583,https://www.google.com/maps?q=11.9313741,79.8283583
store_002437,"Vasanth & Co VATHALAGUNDU - 1321","Chennai",10.1684402,77.7642875,https://www.google.com/maps?q=10.1684402,77.7642875
store_002422,"Vasanth & Co KATPADI (1522)","Chennai",12.9624524,79.1371293,https://www.google.com/maps?q=12.9624524,79.1371293
store_002420,"Vasanth & Co TANJAVUR II - 1418","Chennai",10.7896177,79.1380932,https://www.google.com/maps?q=10.7896177,79.1380932
store_002440,"Vasanth & Co KUMBAKONAM-2 - 1407","Chennai",10.9583853,79.3727361,https://www.google.com/maps?q=10.9583853,79.3727361
store_002425,"Vasanth & Co TIRUTTANI - (1520)","Chennai",13.1810909,79.6091946,https://www.google.com/maps?q=13.1810909,79.6091946
store_002439,"Vasanth & Co 50,SOUTH USMAN ROAD - (1118)","Chennai",13.0327115,80.23040739999999,https://www.google.com/maps?q=13.0327115,80.23040739999999
store_002441,"Vasanth & Co KALIYAKKAVILAI - 1325","Chennai",8.3346543,77.1719787,https://www.google.com/maps?q=8.3346543,77.1719787
store_002421,"Vasanth & Co DINDIGUL (1327) - II","Chennai",13.0843007,80.2704622,https://www.google.com/maps?q=13.0843007,80.2704622
store_002442,"Vasanth & Co HOSUR - (1201)","Chennai",12.7316019,77.8283518,https://www.google.com/maps?q=12.7316019,77.8283518
store_002423,"Vasanth & Co HARUR - 1218","Chennai",12.0565165,78.4770939,https://www.google.com/maps?q=12.0565165,78.4770939
store_002424,"Vasanth & Co SANKARAN KOVIL 1317","Chennai",9.1846763,77.53517889999999,https://www.google.com/maps?q=9.1846763,77.53517889999999
store_002426,"Vasanth & Co THIRUVALLUR - (1506)","Chennai",13.137169,79.91198419999999,https://www.google.com/maps?q=13.137169,79.91198419999999
store_002445,"Vasanth & Co EDAPPADI - (1221)","Chennai",11.5847937,77.85087519999999,https://www.google.com/maps?q=11.5847937,77.85087519999999
store_002446,"Vasanth & Co SURANDAI (1326)","Chennai",8.9815544,77.42390309999999,https://www.google.com/maps?q=8.9815544,77.42390309999999
store_002427,"Vasanth & Co KOVILPATTI - 2 (1301)","Chennai",9.1744529,77.8642762,https://www.google.com/maps?q=9.1744529,77.8642762
store_002428,"Vasanth & Co JAYANKONDAM - 1411","Chennai",13.0843007,80.2704622,https://www.google.com/maps?q=13.0843007,80.2704622
store_002444,"Vasanth & Co KOLATHUR - (1119)","Chennai",13.1266122,80.2186687,https://www.google.com/maps?q=13.1266122,80.2186687
store_002447,"Vasanth & Co VIRUDHUNAGAR (1328)","Chennai",13.0477673,80.2333146,https://www.google.com/maps?q=13.0477673,80.2333146
store_002430,"Vasanth & Co THURAIYUR - 1412","Chennai",11.1330549,78.5915594,https://www.google.com/maps?q=11.1330549,78.5915594
store_002429,"Vasanth & Co THINDIVANAM - (1503)","Chennai",13.1952804,80.1857599,https://www.google.com/maps?q=13.1952804,80.1857599
store_002449,"Vasanth & Co COIMBATORE-2 (1204)","Chennai",11.0172735,76.968608,https://www.google.com/maps?q=11.0172735,76.968608
store_002443,"Vasanth & Co VELLORE-1 - (1500)","Chennai",12.9263934,79.14133199999999,https://www.google.com/maps?q=12.9263934,79.14133199999999
store_002448,"Vasanth & Co THUCKALAY - (1306)","Chennai",8.2410356,77.32173209999999,https://www.google.com/maps?q=8.2410356,77.32173209999999
store_002431,"Vasanth & Co COIMBATORE-4 - 1215","Chennai",11.0172735,76.968608,https://www.google.com/maps?q=11.0172735,76.968608
store_002432,"Vasanth & Co GOBICHETTIPALAYAM - (1212)","Chennai",11.4533628,77.448195,https://www.google.com/maps?q=11.4533628,77.448195
store_002434,"Vasanth & Co Trichy - III (1415)","Chennai",10.8267426,78.6908624,https://www.google.com/maps?q=10.8267426,78.6908624
store_002450,"Vasanth & Co PONNAMARAVATHI - 1410","Chennai",10.2830621,78.5436789,https://www.google.com/maps?q=10.2830621,78.5436789
store_002433,"Vasanth & Co ARIYALUR - (1414)","Chennai",11.1341138,79.07765789999999,https://www.google.com/maps?q=11.1341138,79.07765789999999
store_002453,"Vasanth & Co GUDIYATHAM (1508)","Chennai",12.9418971,78.8598743,https://www.google.com/maps?q=12.9418971,78.8598743
store_002452,"Vasanth & Co COIMBATORE-1 - (1200)","Chennai",11.0172735,76.968608,https://www.google.com/maps?q=11.0172735,76.968608
store_002468,"Vasanth & Co SHOLINGHUR - 1517","Chennai",13.1079394,79.42126929999999,https://www.google.com/maps?q=13.1079394,79.42126929999999
store_002451,"Vasanth & Co MELUR - (1315)","Chennai",10.0340835,78.34285779999999,https://www.google.com/maps?q=10.0340835,78.34285779999999
store_002469,"Vasanth & Co PANACHAMOODU - 1324","Chennai",8.424757699999999,77.1966273,https://www.google.com/maps?q=8.424757699999999,77.1966273
store_002454,"Vasanth & Co RAMANATHAPURAM - (1308)","Chennai",9.3678499,78.8317539,https://www.google.com/maps?q=9.3678499,78.8317539
store_002470,"Vasanth & Co PURASAWALKAM - (1103)","Chennai",13.0860525,80.2496476,https://www.google.com/maps?q=13.0860525,80.2496476
store_002455,"Vasanth & Co SALEM-2 - (1210)","Chennai",13.0067509,80.25805319999999,https://www.google.com/maps?q=13.0067509,80.25805319999999
store_002475,"Vasanth & Co VELLORE-2 (1501)","Chennai",12.9263934,79.14133199999999,https://www.google.com/maps?q=12.9263934,79.14133199999999
store_002471,"Vasanth & Co POLLACHI - (1208)","Chennai",10.6568138,77.01205809999999,https://www.google.com/maps?q=10.6568138,77.01205809999999
store_002456,"Vasanth & Co DEVAKKOTTAI - 1417","Chennai",13.0477673,80.2333146,https://www.google.com/maps?q=13.0477673,80.2333146
store_002458,"Vasanth & Co Udumalpet - (1224)","Chennai",13.0843007,80.2704622,https://www.google.com/maps?q=13.0843007,80.2704622
store_002464,"Vasanth & Co POCHAMPALLI (1227)","Chennai",12.3345045,78.36895319999999,https://www.google.com/maps?q=12.3345045,78.36895319999999
store_002474,"Vasanth & Co MADURAI-1 - (1300)","Chennai",9.9152425,78.11886670000001,https://www.google.com/maps?q=9.9152425,78.11886670000001
store_002462,"Vasanth & Co OOTY - (1222)","Chennai",13.0477673,80.2333146,https://www.google.com/maps?q=13.0477673,80.2333146
store_002459,"Vasanth & Co SANGAGIRI - 1220","Chennai",13.0989817,80.1842368,https://www.google.com/maps?q=13.0989817,80.1842368
store_002472,"Vasanth & Co AMBUR - 1513","Chennai",12.7869056,78.7224677,https://www.google.com/maps?q=12.7869056,78.7224677
store_002473,"Vasanth & Co PALANI - (1309)","Chennai",10.4525178,77.5169097,https://www.google.com/maps?q=10.4525178,77.5169097
store_002457,"Vasanth & Co VAZHAPADI - 1231","Chennai",13.0989817,80.1842368,https://www.google.com/maps?q=13.0989817,80.1842368
store_002461,"Vasanth & Co HOSUR - II (1229)","Chennai",12.7316019,77.8283518,https://www.google.com/maps?q=12.7316019,77.8283518
store_002460,"Vasanth & Co METTUR (1228)","Chennai",11.7876646,77.80062939999999,https://www.google.com/maps?q=11.7876646,77.80062939999999
store_002478,"Vasanth & Co BANGLORE - (4100)","Chennai",13.0477673,80.2333146,https://www.google.com/maps?q=13.0477673,80.2333146
store_002477,"Vasanth & Co TAMBARAM - (1102)","Chennai",12.9283938,80.1155086,https://www.google.com/maps?q=12.9283938,80.1155086
store_002463,"Vasanth & Co 8A, SOUTH USMAN ROAD - (1104)","Chennai",13.0477673,80.2333146,https://www.google.com/maps?q=13.0477673,80.2333146
store_002466,"Vasanth & Co MUSIRI (1416)","Chennai",10.9607023,78.4484432,https://www.google.com/maps?q=10.9607023,78.4484432
store_002476,"Vasanth & Co PARAMATHIVELLUR (1230)","Chennai",11.2356928,78.1656273,https://www.google.com/maps?q=11.2356928,78.1656273
store_002467,"Vasanth & Co RASIPURAM (1225)","Chennai",11.4558897,78.19427879999999,https://www.google.com/maps?q=11.4558897,78.19427879999999
store_002479,"Vasanth & Co LITTLE MOUNT - (1117)","Chennai",13.0154555,80.22562479999999,https://www.google.com/maps?q=13.0154555,80.22562479999999
store_002480,"Vasanth & Co 45,SOUTH USMAN ROAD -1100.","Chennai",13.0327115,80.23040739999999,https://www.google.com/maps?q=13.0327115,80.23040739999999
store_002481,"Vasanth & Co CHOOLAIMEDU - (1111)","Chennai",13.0665343,80.23071259999999,https://www.google.com/maps?q=13.0665343,80.23071259999999
store_002465,"Vasanth & Co THARAMANGALAM (1226)","Chennai",11.6938794,77.9725395,https://www.google.com/maps?q=11.6938794,77.9725395
store_002491,"Hotspot- BIHAR-DANAPUR PATNA","Patna",25.6238951,85.0418383,https://www.google.com/maps?q=25.6238951,85.0418383
store_002492,"Hotspot- CHANDIGARH-SECTOR-17C","Chandigarh",30.7398061,76.7825045,https://www.google.com/maps?q=30.7398061,76.7825045
store_002495,"Hotspot- DARYAGANJ","New Delhi",28.6442394,77.2404784,https://www.google.com/maps?q=28.6442394,77.2404784
store_002493,"Hotspot- MALVIYA NAGAR","New Delhi",28.5321846,77.21041009999999,https://www.google.com/maps?q=28.5321846,77.21041009999999
store_002500,"Hotspot- DELHI-KALKAJI-III","New Delhi",28.5423564,77.2536271,https://www.google.com/maps?q=28.5423564,77.2536271
store_002496,"Hotspot- GAFFAR MARKET","New Delhi",28.649377,77.1905025,https://www.google.com/maps?q=28.649377,77.1905025
store_002483,"Hotspot- BIHAR-DADAN HANDI","Patna",25.6138903,85.0568851,https://www.google.com/maps?q=25.6138903,85.0568851
store_002499,"Hotspot- MUNRIKA","New Delhi",28.5560751,77.1751661,https://www.google.com/maps?q=28.5560751,77.1751661
store_002494,"Hotspot- YUSUF SARAI","New Delhi",28.5601049,77.2068769,https://www.google.com/maps?q=28.5601049,77.2068769
store_002482,"Hotspot- BIHAR-ROAD 8 KANKARBAGH","Patna",25.5846549,85.1430063,https://www.google.com/maps?q=25.5846549,85.1430063
store_002484,"Hotspot- BIHAR-MADHUBANI BAZAR","Purnea",25.7825967,87.46307290000001,https://www.google.com/maps?q=25.7825967,87.46307290000001
store_002497,"Hotspot- ALAKNANDA","New Delhi",28.5253236,77.2543125,https://www.google.com/maps?q=28.5253236,77.2543125
store_002485,"Hotspot- BIHAR-SARAN","Saran",28.5670716,77.321134,https://www.google.com/maps?q=28.5670716,77.321134
store_002488,"Hotspot- BIHAR - WEST BORING ROAD","Patna",25.6100144,85.1177635,https://www.google.com/maps?q=25.6100144,85.1177635
store_002498,"Hotspot- BHOGAL","New Delhi",28.5818465,77.2474939,https://www.google.com/maps?q=28.5818465,77.2474939
store_002486,"Hotspot- BIHAR - SASARAM","Sasaram",24.9544207,84.0163774,https://www.google.com/maps?q=24.9544207,84.0163774
store_002487,"Hotspot- BIHAR-PARSHA-BAZAR","Saran",25.8824236,85.0292782,https://www.google.com/maps?q=25.8824236,85.0292782
store_002489,"Hotspot- BIHAR - PASHCHIM CHAMPARAN BETTIAH","West Champaran",26.8018187,84.50725249999999,https://www.google.com/maps?q=26.8018187,84.50725249999999
store_002490,"Hotspot- BIHAR-LAKHISARAI","Laksisarai",25.173206,86.095468,https://www.google.com/maps?q=25.173206,86.095468
store_002511,"Hotspot- DELHI-MAUJPUR","New Delhi",28.6900409,77.2773667,https://www.google.com/maps?q=28.6900409,77.2773667
store_002501,"Hotspot- DELHI-NEHRU PLACE-II","New Delhi",28.5489171,77.2525466,https://www.google.com/maps?q=28.5489171,77.2525466
store_002505,"Hotspot- DURGAPURI","New Delhi",28.6892487,77.2930611,https://www.google.com/maps?q=28.6892487,77.2930611
store_002502,"Hotspot- DELHI-NEHRU PLACE 3","New Delhi",28.5489171,77.2525466,https://www.google.com/maps?q=28.5489171,77.2525466
store_002508,"Hotspot- VIKAS MARG-V","New Delhi",28.6322172,77.2793817,https://www.google.com/maps?q=28.6322172,77.2793817
store_002509,"Hotspot- DELHI-VIKAS MARG IX","New Delhi",28.6307087,77.2775913,https://www.google.com/maps?q=28.6307087,77.2775913
store_002506,"Hotspot- VASUNDHARA ENCL","New Delhi",28.6001027,77.3179277,https://www.google.com/maps?q=28.6001027,77.3179277
store_002503,"Hotspot- DELHI-SAKET 2","New Delhi",28.5236406,77.20729,https://www.google.com/maps?q=28.5236406,77.20729
store_002510,"Hotspot- DELHI-VM-EXPERIENCE ZONE","New Delhi",28.6307087,77.2775913,https://www.google.com/maps?q=28.6307087,77.2775913
store_002504,"Hotspot- VIKAS MARG","New Delhi",28.6307087,77.2775913,https://www.google.com/maps?q=28.6307087,77.2775913
store_002534,"Hotspot- DELHI-NEW KARAMPURA","New Delhi",28.6620146,77.1471232,https://www.google.com/maps?q=28.6620146,77.1471232
store_002513,"Hotspot- DELHI-BHAJANPURA 2","New Delhi",28.7031832,77.26433910000002,https://www.google.com/maps?q=28.7031832,77.26433910000002
store_002514,"Hotspot- DELHI-VIKAS MARG XI","New Delhi",28.6322172,77.2793817,https://www.google.com/maps?q=28.6322172,77.2793817
store_002517,"Hotspot- DELHI-MADIPUR","New Delhi",28.6742456,77.1183559,https://www.google.com/maps?q=28.6742456,77.1183559
store_002533,"Hotspot- DELHI- PVR SAKET","New Delhi",28.5236406,77.20729,https://www.google.com/maps?q=28.5236406,77.20729
store_002532,"Hotspot- DELHI- NEW LODHI","New Delhi",28.591834,77.2381782,https://www.google.com/maps?q=28.591834,77.2381782
store_002512,"Hotspot- DELHI-KARAWAL NAGAR","New Delhi",28.7229238,77.2731802,https://www.google.com/maps?q=28.7229238,77.2731802
store_002515,"Hotspot- DELHI-YUSUF SARAI 2","New Delhi",28.5601049,77.2068769,https://www.google.com/maps?q=28.5601049,77.2068769
store_002507,"Hotspot- BHAJANPURA","New Delhi",28.7031832,77.26433910000002,https://www.google.com/maps?q=28.7031832,77.26433910000002
store_002519,"Hotspot- DELHI - PALAMCOLONY","New Delhi",28.5886359,77.0715525,https://www.google.com/maps?q=28.5886359,77.0715525
store_002516,"Hotspot- DELHI-JAIL ROAD","New Delhi",28.6351321,77.0968537,https://www.google.com/maps?q=28.6351321,77.0968537
store_002521,"Hotspot- DELHI - MALVIYA NAGAR","New Delhi",28.5374512,77.2131321,https://www.google.com/maps?q=28.5374512,77.2131321
store_002518,"Hotspot- DELHI - DWARKA SECTOR 7","New Delhi",28.5886359,77.0715525,https://www.google.com/maps?q=28.5886359,77.0715525
store_002535,"Hotspot- DELHI- NEW SHERPUR","New Delhi",28.7118371,77.26206340000002,https://www.google.com/maps?q=28.7118371,77.26206340000002
store_002536,"Hotspot- DELHI-NEW RAMESH NAGAR","New Delhi",28.6493399,77.13282079999999,https://www.google.com/maps?q=28.6493399,77.13282079999999
store_002520,"Hotspot- DELHI - MAYURVUHAR II","New Delhi",28.6195821,77.3009692,https://www.google.com/maps?q=28.6195821,77.3009692
store_002539,"Hotspot- HARYANA-PANCHKULA SEC-11","Panchkula",30.6864377,76.8490877,https://www.google.com/maps?q=30.6864377,76.8490877
store_002542,"Hotspot- HARYANA - SONIPAT","Sonipat",28.9935817,77.02064109999999,https://www.google.com/maps?q=28.9935817,77.02064109999999
store_002538,"Hotspot- GURUGRAM-GALLERIA MARKET","Gurgaon",28.4676803,77.081429,https://www.google.com/maps?q=28.4676803,77.081429
store_002537,"Hotspot- DELHI- NEW ASHOK VIHAR","New Delhi",28.6932504,77.1732045,https://www.google.com/maps?q=28.6932504,77.1732045
store_002540,"Hotspot- HARYANA-KALKA","Panchkula",30.6864377,76.8490877,https://www.google.com/maps?q=30.6864377,76.8490877
store_002522,"Hotspot- DELHI - SARITA VIHAR","New Delhi",28.5194164,77.2810564,https://www.google.com/maps?q=28.5194164,77.2810564
store_002544,"Hotspot- HARYANA-YAMUNA NAGAR","Yamuna Nagar",30.1628605,77.31489669999999,https://www.google.com/maps?q=30.1628605,77.31489669999999
store_002523,"Hotspot- DELHI - HOTSPOT UTTAM NAGAR","New Delhi",28.6289353,77.0821612,https://www.google.com/maps?q=28.6289353,77.0821612
store_002541,"Hotspot- HARYANA - PANCHKULA II","Panchkula",30.6864377,76.8490877,https://www.google.com/maps?q=30.6864377,76.8490877
store_002524,"Hotspot- DELHI - NEHRU PLACE","New Delhi",28.5490526,77.2516061,https://www.google.com/maps?q=28.5490526,77.2516061
store_002543,"Hotspot- HARYANA - JULANA","Julana",29.122586,76.4018,https://www.google.com/maps?q=29.122586,76.4018
store_002527,"Hotspot- DELHI - JANKPURI II","New Delhi",28.6296429,77.08175059999999,https://www.google.com/maps?q=28.6296429,77.08175059999999
store_002545,"Hotspot- GURGAON - NEW SAHARA MALL","Gurgaon",28.4797447,77.0865879,https://www.google.com/maps?q=28.4797447,77.0865879
store_002528,"Hotspot- DELHI-NEW CONNAUGHT PLACE-II","New Delhi",28.6304203,77.21772159999999,https://www.google.com/maps?q=28.6304203,77.21772159999999
store_002546,"Hotspot- HARYANA - AMBALA","Ambala",30.3386278,76.8405145,https://www.google.com/maps?q=30.3386278,76.8405145
store_002525,"Hotspot- DELHI - PEHLADPUR","New Delhi",28.5013996,77.29109919999999,https://www.google.com/maps?q=28.5013996,77.29109919999999
store_002549,"Hotspot- MOHALI-SEC 60 SAS NAGAR","Mohali",30.7302882,76.72054519999999,https://www.google.com/maps?q=30.7302882,76.72054519999999
store_002526,"Hotspot- DELHI_JANAKPURI_1","New Delhi",28.6296429,77.08175059999999,https://www.google.com/maps?q=28.6296429,77.08175059999999
store_002547,"Hotspot- MP-LASHKAR-GWALIOR","Gwalior",26.2061475,78.19059469999999,https://www.google.com/maps?q=26.2061475,78.19059469999999
store_002529,"Hotspot- DELHI - DEVLI EXTN","New Delhi",28.5601049,77.2068769,https://www.google.com/maps?q=28.5601049,77.2068769
store_002548,"Hotspot- AURANGABAD-KRANTI CHOWK","Aurangabad",19.8738791,75.328845,https://www.google.com/maps?q=19.8738791,75.328845
store_002530,"Hotspot- DELHI - NEW PASCHIM VIHAR","New Delhi",28.668785,77.1012138,https://www.google.com/maps?q=28.668785,77.1012138
store_002550,"Hotspot- MOHALI-SEC 55 SAS NAGAR","Mohali",30.7302882,76.72054519999999,https://www.google.com/maps?q=30.7302882,76.72054519999999
store_002531,"Hotspot- DELHI - NEW ROHINI SECTOR - 16","New Delhi",28.7413615,77.12061120000001,https://www.google.com/maps?q=28.7413615,77.12061120000001
store_002580,"Hotspot- RAJASTHAN -JODHPUR","Jodhpur",26.286627,72.99209909999999,https://www.google.com/maps?q=26.286627,72.99209909999999
store_002556,"Hotspot- PUNJAB - MOHALI KHARAR","Mohali",30.74355139999999,76.643892,https://www.google.com/maps?q=30.74355139999999,76.643892
store_002555,"Hotspot- PUNJAB - FARIDKOT","Faridkot",30.677409,74.75924499999999,https://www.google.com/maps?q=30.677409,74.75924499999999
store_002557,"Hotspot- PANJAB - MUKTSAR MALOUT","Mukstar",30.4779138,74.5145464,https://www.google.com/maps?q=30.4779138,74.5145464
store_002553,"Hotspot- PUNJAB - MUKTSAR","Mukstar",30.4779138,74.5145464,https://www.google.com/maps?q=30.4779138,74.5145464
store_002552,"Hotspot- PUNJAB-PATIALA","Patiala",30.3258676,76.397109,https://www.google.com/maps?q=30.3258676,76.397109
store_002551,"Hotspot- PUNJAB-SARABHA NAGAR","Ludhiana",30.8933446,75.8231699,https://www.google.com/maps?q=30.8933446,75.8231699
store_002578,"Hotspot- RAJASTHAN - JAIPUR MALVIYA NAGAR","Jaipur",26.8509235,75.81509779999999,https://www.google.com/maps?q=26.8509235,75.81509779999999
store_002579,"Hotspot- RAJASTHAN- AJMER STATION ROAD","Ajmer",26.453272,74.637421,https://www.google.com/maps?q=26.453272,74.637421
store_002592,"Hotspot- CHINSURA","Hooghly",22.9037934,88.3967627,https://www.google.com/maps?q=22.9037934,88.3967627
store_002554,"Hotspot- PUNJAB - GURDASPUR ROAD","Pathankot",32.273556,75.6396038,https://www.google.com/maps?q=32.273556,75.6396038
store_002582,"Hotspot- RAJASTHAN-VKI","Jaipur",26.8626366,75.7931435,https://www.google.com/maps?q=26.8626366,75.7931435
store_002560,"Hotspot- PUNJAB-FEROZEPUR","Ferozepur",31.6893465,76.51975589999999,https://www.google.com/maps?q=31.6893465,76.51975589999999
store_002581,"Hotspot- RAJASTHAN - UDAIPUR","Udaipur",24.5809049,73.6797567,https://www.google.com/maps?q=24.5809049,73.6797567
store_002559,"Hotspot- PUNJAB - CHANDNI CHOWK PATIALA","Patiala",30.3258676,76.397109,https://www.google.com/maps?q=30.3258676,76.397109
store_002593,"Hotspot- KHARDAH","Kolkata",22.7241769,88.37816649999999,https://www.google.com/maps?q=22.7241769,88.37816649999999
store_002583,"Hotspot- RAJ NAGAR","Ghaziabad",28.6749143,77.4429791,https://www.google.com/maps?q=28.6749143,77.4429791
store_002594,"Hotspot- BEHALA","Kolkata",22.5060367,88.31977169999999,https://www.google.com/maps?q=22.5060367,88.31977169999999
store_002561,"Hotspot- PUNJAB - MOHALI PHASE-7","Mohali",30.7063686,76.7253222,https://www.google.com/maps?q=30.7063686,76.7253222
store_002558,"Hotspot- PUNJAB - LUDHIANA GOBIND NAGAR","Ludhiana",30.88071679999999,75.7922332,https://www.google.com/maps?q=30.88071679999999,75.7922332
store_002564,"Hotspot- PUNJAB - LUDHIANA MODEL TOWN","Ludhiana",30.891124,75.841094,https://www.google.com/maps?q=30.891124,75.841094
store_002563,"Hotspot- PUNJAB - LUDHIANA KASHMIR","Ludhiana",30.88071679999999,75.7922332,https://www.google.com/maps?q=30.88071679999999,75.7922332
store_002596,"Hotspot- KOLKATA SRIRAMPUR","Hooghly",22.754184,88.340547,https://www.google.com/maps?q=22.754184,88.340547
store_002597,"Hotspot- KOLKATA-BARRACKPORE","Kolkata",22.7621415,88.3653205,https://www.google.com/maps?q=22.7621415,88.3653205
store_002565,"Hotspot- PUNJAB-MOGA","Moga",30.8156506,75.1653001,https://www.google.com/maps?q=30.8156506,75.1653001
store_002562,"Hotspot- PUNJAB - PEER MUCHALLA MOHALI","Peer Muchalla",30.6610359,76.8606856,https://www.google.com/maps?q=30.6610359,76.8606856
store_002566,"Hotspot- PUNJAB - PATIALA","Patiala",30.3258676,76.397109,https://www.google.com/maps?q=30.3258676,76.397109
store_002595,"Hotspot- HOWRAH","Kolkata",22.590886,88.34105079999999,https://www.google.com/maps?q=22.590886,88.34105079999999
store_002599,"Hotspot- KOLKATA-CHANDAN NAGAR","Kolkata",22.8633656,88.367671,https://www.google.com/maps?q=22.8633656,88.367671
store_002585,"Hotspot- NOIDA-SECTOR18-II","Noida",28.5670716,77.321134,https://www.google.com/maps?q=28.5670716,77.321134
store_002569,"Hotspot- RAJASTHAN - BHILWARA","Bhilwara",25.3436478,74.6266016,https://www.google.com/maps?q=25.3436478,74.6266016
store_002600,"Hotspot- KOLKATA-NEW PARK CIRCUS-2","Kolkata",22.4847007,88.3722911,https://www.google.com/maps?q=22.4847007,88.3722911
store_002570,"Hotspot- RAJASTHAN - PAOTA","Jaipur",26.8626366,75.7931435,https://www.google.com/maps?q=26.8626366,75.7931435
store_002598,"Hotspot- KOLKATA-LINTON STREET","Kolkata",22.549825,88.3708395,https://www.google.com/maps?q=22.549825,88.3708395
store_002584,"Hotspot- PACIFIC MALL","Ghaziabad",28.6463896,77.3199776,https://www.google.com/maps?q=28.6463896,77.3199776
store_002568,"Hotspot- RAJASTHAN - KOTPUTLI","Jaipur",27.7053762,76.1944434,https://www.google.com/maps?q=27.7053762,76.1944434
store_002567,"Hotspot- RAJASTHAN- PURANA BAZAR","Hanumangarh",29.5822731,74.3252718,https://www.google.com/maps?q=29.5822731,74.3252718
store_002586,"Hotspot- GHAZIABAD-INDIRAPURAM-FOCO-CC7","Ghaziabad",28.6384625,77.3606626,https://www.google.com/maps?q=28.6384625,77.3606626
store_002572,"Hotspot- RAJASTHAN - RAJA PARK","Jaipur",26.8956554,75.8301089,https://www.google.com/maps?q=26.8956554,75.8301089
store_002577,"Hotspot- RAJASTHAN - JAIPUR KHATIPURA","Jaipur",26.938389,75.763672,https://www.google.com/maps?q=26.938389,75.763672
store_002571,"Hotspot- RAJASTHAN - GANGANAGAR","Shri Ganganagar",29.9219898,73.8726949,https://www.google.com/maps?q=29.9219898,73.8726949
store_002587,"Hotspot- GHAZIABAD-GANDHI NAGAR","Ghaziabad",28.6556908,77.4355479,https://www.google.com/maps?q=28.6556908,77.4355479
store_002588,"Hotspot- NOIDA-MALLOFINDIA","Noida",28.5670716,77.321134,https://www.google.com/maps?q=28.5670716,77.321134
store_002575,"Hotspot- RAJASTHAN - ALWAR","Alwar",27.5614463,76.60452599999999,https://www.google.com/maps?q=27.5614463,76.60452599999999
store_002573,"Hotspot- RAJASTHAN - AJMER","Ajmer",26.4781337,74.6125718,https://www.google.com/maps?q=26.4781337,74.6125718
store_002574,"Hotspot- RAJASTHAN - AJMER VAISHALI NAGAR","Ajmer",26.4931915,74.628295,https://www.google.com/maps?q=26.4931915,74.628295
store_002589,"Hotspot- BIJNOR-DATTIYANA ROAD","Bijnor",29.1377057,78.2623239,https://www.google.com/maps?q=29.1377057,78.2623239
store_002576,"Hotspot- RAJASTHAN - BIKANER LUNKARANSAR","Bikaner",28.4867004,73.7304346,https://www.google.com/maps?q=28.4867004,73.7304346
store_002591,"Hotspot- GHAZIABAD - VAISHALI","Ghaziabad",28.6435757,77.3398648,https://www.google.com/maps?q=28.6435757,77.3398648
store_002590,"Hotspot- UTTAR PRADESH - MUZAFFARNAGAR","Muzaffarnagar",29.4708107,77.6966456,https://www.google.com/maps?q=29.4708107,77.6966456
store_002602,"Hotspot- KOLKATA- ELLIOT ROAD","Kolkata",22.5506765,88.3620407,https://www.google.com/maps?q=22.5506765,88.3620407
store_002601,"Hotspot- KOLKATA-ESPLANADE-2","Kolkata",22.5622804,88.3523637,https://www.google.com/maps?q=22.5622804,88.3523637
store_002603,"Hotspot- BARDHAMAN- BEGUNIA","Bardhaman",23.1921875,87.8095625,https://www.google.com/maps?q=23.1921875,87.8095625
store_002604,"Hotspot- DELHI - NEW SHAHADRA","New Delhi",28.6817204,77.28566579999999,https://www.google.com/maps?q=28.6817204,77.28566579999999
store_002605,"Hotspot- DELHI-NEW KALKA JI","New Delhi",28.5423564,77.2536271,https://www.google.com/maps?q=28.5423564,77.2536271
store_002612,"Hotspot- HARYANA-PANCHKULA SEC 20","Panchkula",30.6711879,76.85551989999999,https://www.google.com/maps?q=30.6711879,76.85551989999999
store_002613,"Hotspot- PUNJAB-ABOHAR","Abohar",30.1407497,74.1995436,https://www.google.com/maps?q=30.1407497,74.1995436
store_002606,"Hotspot- GHAZIABAD- NEW GT ROAD","Ghaziabad",28.6556908,77.4355479,https://www.google.com/maps?q=28.6556908,77.4355479
store_002614,"Hotspot- HARYANA-SONIPAT","Sonipat",28.9935817,77.02064109999999,https://www.google.com/maps?q=28.9935817,77.02064109999999
store_002617,"Hotspot- RAJASTHAN-JAGATPURA JAIPUR","Jaipur",26.8197714,75.8177236,https://www.google.com/maps?q=26.8197714,75.8177236
store_002608,"Hotspot- DELHI - JAITPUR","New Delhi",28.5047877,77.3206648,https://www.google.com/maps?q=28.5047877,77.3206648
store_002607,"Hotspot- PUNJAB - BARNALA","Barnala",30.3745798,75.5503986,https://www.google.com/maps?q=30.3745798,75.5503986
store_002616,"Hotspot- HARYANA-KURUKSHETRA","Kurukshetra",29.9734556,76.8537284,https://www.google.com/maps?q=29.9734556,76.8537284
store_002615,"Hotspot- HARYANA-ROHTAK","Rohtak",28.8889166,76.60672939999999,https://www.google.com/maps?q=28.8889166,76.60672939999999
store_002611,"Hotspot- PUNJAB - LUDHIANA MUNDIAN KALAN","Ludhiana",30.8998216,75.9190728,https://www.google.com/maps?q=30.8998216,75.9190728
store_002609,"Hotspot- HIMACHAL PRADESH - BADDI","Baddi",30.9341445,76.8000316,https://www.google.com/maps?q=30.9341445,76.8000316
store_002610,"Hotspot- UP-HASANPUR","Amroha",29.1377057,78.2623239,https://www.google.com/maps?q=29.1377057,78.2623239
Uttar Pradesh,"Reliance Digital @ Gorakhpur Road,Deoria","Deoria",26.4918938,83.779654,https://www.google.com/maps?q=26.4918938,83.779654
Karnataka,"Reliance Digital @ Smart Bazar, Gt World Mall, Bengaluru","Bangalore",12.9738099,77.5515904,https://www.google.com/maps?q=12.9738099,77.5515904
Tamil Nadu,"Reliance Digital @ Thanjavur","Thanjavur",10.788008,79.13531259999999,https://www.google.com/maps?q=10.788008,79.13531259999999
Haryana,"Reliance Digital @ Panipat","Panipat",29.3911589,76.9696912,https://www.google.com/maps?q=29.3911589,76.9696912
Telangana,"Reliance Digital @Bhel Hyderabad","Hyderabad",17.5107008,78.2952526,https://www.google.com/maps?q=17.5107008,78.2952526
Punjab,"Reliance Digital @ Mbd Neopolis Mall","Ludhiana",30.8828362,75.78172339999999,https://www.google.com/maps?q=30.8828362,75.78172339999999
West Bengal,"Reliance Digital @ Sugam Sudhir Complex Garia","Kolkata",22.451754,88.389656,https://www.google.com/maps?q=22.451754,88.389656
Madhya Pradesh,"Reliance Digital @ Rewa, Madhya Pradesh","Rewa",24.5438456,81.3060315,https://www.google.com/maps?q=24.5438456,81.3060315
Uttarakhand,"Reliance Digital @ Pentagon Mall","Haridwar",29.948067,78.07573760000001,https://www.google.com/maps?q=29.948067,78.07573760000001
Gujarat,"Reliance Digital @ Gondal Rd, Rajkot","Rajkot",22.264152,70.7995096,https://www.google.com/maps?q=22.264152,70.7995096
Delhi,"Gtb Nagar New Delh","Delhi",28.6987867,77.2047205,https://www.google.com/maps?q=28.6987867,77.2047205
Maharashtra,"Reliance Digital @ Deshmukh Complex Beed By Pass","Aurangabad",19.8503212,75.348868,https://www.google.com/maps?q=19.8503212,75.348868
Chandigarh,"Reliance Digital @ Elante Mall","Chandigarh",30.7057236,76.8012025,https://www.google.com/maps?q=30.7057236,76.8012025
Andhra Pradesh,"Reliance Digital @ Narsaraopet","Narsaraopet",16.2353161,80.0477434,https://www.google.com/maps?q=16.2353161,80.0477434
Jammu & Kashmir,"Reliance Digital @ Rrl Wave Mall","Jammu",32.7089599,74.8924474,https://www.google.com/maps?q=32.7089599,74.8924474
Orissa,"Reliance Digital @ Chorda Bye Pass Jajpur","Jajpur",20.9527508,86.13103029999999,https://www.google.com/maps?q=20.9527508,86.13103029999999
Bihar,"Reliance Digital @ Supriya Cinema Road,Betiah","Betiah",26.804185,84.521906,https://www.google.com/maps?q=26.804185,84.521906
Rajasthan,"Reliance Digital @ Charbhuja Nagar Chittorgarh","Chittogarh",24.8857049,74.6331426,https://www.google.com/maps?q=24.8857049,74.6331426
Goa,"Reliance Digital @ Margao Bypass","Panaji",15.2925938,73.9756608,https://www.google.com/maps?q=15.2925938,73.9756608
Jharkhand,"Reliance Digital @ Burwal Market, Giridih","Giridih",24.184511,86.3078979,https://www.google.com/maps?q=24.184511,86.3078979
Chattisgarh,"Reliance Digital @ Binaka Mall","Jagdalpur",19.0884156,82.011705,https://www.google.com/maps?q=19.0884156,82.011705
Assam,"Reliance Digital @ Civil Hosp Rd Sonitpur","Tezpur",26.6302334,92.7970308,https://www.google.com/maps?q=26.6302334,92.7970308
Sikkim,"Reliance Digital @ Vajra World Gangtok","Gangtok",27.3435036,88.61367179999999,https://www.google.com/maps?q=27.3435036,88.61367179999999
Himachal Pradesh,"Reliance Digital @ Palampur","Palampur",32.1105409,76.5362165,https://www.google.com/maps?q=32.1105409,76.5362165
Tripura,"Reliance Digital @ Agartala","Agartala",23.8320554,91.2795664,https://www.google.com/maps?q=23.8320554,91.2795664
Arunachal Pradesh,"Reliance Digital @ Hibro Complex Itanagar","Itanagar",27.0947684,93.6210158,https://www.google.com/maps?q=27.0947684,93.6210158
Meghalaya,"Reliance Digital @ Marbaniang Hub, Shillong","Shillong",25.576467,91.88184070000001,https://www.google.com/maps?q=25.576467,91.88184070000001
Nagaland,"Reliance Digital @ Dimapur, Nagaland","Dimapur",25.906851,93.72086159999999,https://www.google.com/maps?q=25.906851,93.72086159999999
store_002619,"Reliance Digital- RRL CDIT Axis Mall Kolkata St","Kolkata",22.5788408,88.4588307,https://www.google.com/maps?q=22.5788408,88.4588307
store_002621,"Reliance Digital- RRL CDIT Kharavela Nagar Bhub","BHUBANESHWAR",20.2681649,85.8436476,https://www.google.com/maps?q=20.2681649,85.8436476
store_002625,"Reliance Digital- RRL CDIT Forum Esplanade","BHUBANESHWAR",20.2915292,85.85612189999999,https://www.google.com/maps?q=20.2915292,85.85612189999999
store_002620,"Reliance Digital- RRL CDIT SP Marg Allahabad","Allahabad",25.452099,81.834081,https://www.google.com/maps?q=25.452099,81.834081
store_002623,"Reliance Digital- RRL CDIT Hampankatta Mangalor","Mangalore",12.8709568,74.84236899999999,https://www.google.com/maps?q=12.8709568,74.84236899999999
store_002628,"Reliance Digital- Maredpaly Secundrabd","Secunderabad",17.4436226,78.5066776,https://www.google.com/maps?q=17.4436226,78.5066776
store_002622,"Reliance Digital- RRL CDIT Avni River side Mall","Kolkata",22.5629598,88.3229226,https://www.google.com/maps?q=22.5629598,88.3229226
store_002626,"Reliance Digital- RRL CDIT Diamond City Mall Ko","Kolkata",22.6155005,88.4122871,https://www.google.com/maps?q=22.6155005,88.4122871
store_002627,"Reliance Digital- RRL CDIT Sevoke Road Siliguri","Siliguri",26.7372032,88.43444830000001,https://www.google.com/maps?q=26.7372032,88.43444830000001
store_002624,"Reliance Digital- RRL CDIT Central Mall Guwahati","Guwahati",26.1571612,91.777863,https://www.google.com/maps?q=26.1571612,91.777863
store_002629,"Reliance Digital- RRL CDIT Infiniti Malad Mumba","Mumbai",19.1848382,72.8340163,https://www.google.com/maps?q=19.1848382,72.8340163
store_002632,"Reliance Digital- RRL CDIT AS Rao Speciality St","Hyderabad",17.4766403,78.56388319999999,https://www.google.com/maps?q=17.4766403,78.56388319999999
store_002630,"Reliance Digital- RRL CDIT East Coast Road Thiru","Chennai",12.9747241,80.2583121,https://www.google.com/maps?q=12.9747241,80.2583121
store_002633,"Reliance Digital- RRL CDIT Navi Mumbai Speciali","Mumbai",19.0653145,72.99943189999999,https://www.google.com/maps?q=19.0653145,72.99943189999999
store_002631,"Reliance Digital- RRL CDIT SS High Poi","Gurgaon",28.4027007,76.9467878,https://www.google.com/maps?q=28.4027007,76.9467878
store_002642,"Reliance Digital- RRL CDIT E mall Kolkata","Kolkata",22.5670201,88.3549233,https://www.google.com/maps?q=22.5670201,88.3549233
store_002635,"Reliance Digital- RRL CDIT Orion Mall Brigade B","Bangalore",13.0107591,77.5550421,https://www.google.com/maps?q=13.0107591,77.5550421
store_002634,"Reliance Digital- RRL CDIT Tollygunge Store Ko","Kolkata",22.4739691,88.3614784,https://www.google.com/maps?q=22.4739691,88.3614784
store_002636,"Reliance Digital- RRL CDIT Bhagirathi Square","Pune",18.4490799,73.85792839999999,https://www.google.com/maps?q=18.4490799,73.85792839999999
store_002638,"Reliance Digital- RRL D Xpress Ashok Pillar Bang","Bangalore",12.9384772,77.5849519,https://www.google.com/maps?q=12.9384772,77.5849519
store_002637,"Reliance Digital- RRL CDIT Gaur City Mall","Greater Noida",28.6062814,77.4295994,https://www.google.com/maps?q=28.6062814,77.4295994
store_002639,"Reliance Digital- RRL CDIT Orchid GreenGorakhpur","Gorakhpur",26.7496576,83.40407929999999,https://www.google.com/maps?q=26.7496576,83.40407929999999
store_002643,"Reliance Digital- RRL CDIT Ultadanga Crossing","Kolkata",22.5911499,88.39288839999999,https://www.google.com/maps?q=22.5911499,88.39288839999999
store_002644,"Reliance Digital- RRL CDIT- Kanke Road","Ranchi",23.4022758,85.3150596,https://www.google.com/maps?q=23.4022758,85.3150596
store_002640,"Reliance Digital- RRL CDIT City Mall Bhopal Sto","Bhopal",23.2334457,77.4296633,https://www.google.com/maps?q=23.2334457,77.4296633
store_002645,"Reliance Digital- RRL CDIT Indiranagar 100 ft ro","Bangalore",12.970385,77.64099809999999,https://www.google.com/maps?q=12.970385,77.64099809999999
store_002641,"Reliance Digital- RRL CDIT Lake Mall Kolkata","Kolkata",22.5167103,88.34910239999999,https://www.google.com/maps?q=22.5167103,88.34910239999999
store_002646,"Reliance Digital- RRL CDIT Century Corbel Banga","Bangalore",13.0637075,77.59147229999999,https://www.google.com/maps?q=13.0637075,77.59147229999999
store_002647,"Reliance Digital- RRL CDIT Vishaal De Mal Madur","Madurai",9.938226499999999,78.1363449,https://www.google.com/maps?q=9.938226499999999,78.1363449
store_002648,"Reliance Digital- RRL CDIT Sandya Tower Ranchi","Ranchi",23.3681614,85.3389887,https://www.google.com/maps?q=23.3681614,85.3389887
store_002657,"Reliance Digital- RRL CDIT NCS Square Adabai","Guwahati",26.1583585,91.68039879999999,https://www.google.com/maps?q=26.1583585,91.68039879999999
store_002654,"Reliance Digital- RRL CDIT Suchitra Junction Kom","Hyderabad",17.5044356,78.4781857,https://www.google.com/maps?q=17.5044356,78.4781857
store_002656,"Reliance Digital- RRL CDIT Mantri Mall","Bangalore",12.9918981,77.5711085,https://www.google.com/maps?q=12.9918981,77.5711085
store_002655,"Reliance Digital- RRL CDIT Vizag Store","VISAKHAPATNAM",17.7339878,83.3178204,https://www.google.com/maps?q=17.7339878,83.3178204
store_002650,"Reliance Digital- RRL CDIT Sector 29 Gurgaon","Gurgaon",28.4639208,77.06494529999999,https://www.google.com/maps?q=28.4639208,77.06494529999999
store_002649,"Reliance Digital- RRL CDIT College Square Cuttac","Cuttack",20.4682421,85.89577930000002,https://www.google.com/maps?q=20.4682421,85.89577930000002
store_002651,"Reliance Digital- RRL CDIT Crown Interiorz Mall","Faridabad",28.4693295,77.3072452,https://www.google.com/maps?q=28.4693295,77.3072452
store_002678,"Reliance Digital- RRL CDIT Danapur Sagunamore","Patna",25.6225799,85.0416631,https://www.google.com/maps?q=25.6225799,85.0416631
store_002679,"Reliance Digital- RRL CDIT Ansal Plaza Palam Vi","Gurgaon",28.5115529,77.0416066,https://www.google.com/maps?q=28.5115529,77.0416066
store_002652,"Reliance Digital- RRL CDIT Perundurai Road Erode","Erode",11.33384,77.70533999999999,https://www.google.com/maps?q=11.33384,77.70533999999999
store_002682,"Reliance Digital- RRL CDIT Madinaguda Hyderabad","Hyderabad",17.496128,78.338351,https://www.google.com/maps?q=17.496128,78.338351
store_002653,"Reliance Digital- RRL CDIT Elante Mall Chandigar","Chandigarh",30.7057236,76.8012025,https://www.google.com/maps?q=30.7057236,76.8012025
store_002685,"Reliance Digital- Sarathy Ngr Vellore","Vellore",12.9346505,79.1467186,https://www.google.com/maps?q=12.9346505,79.1467186
store_002686,"Reliance Digital- RRL CDIT Saraidhela","Dhanbad",23.8200191,86.46998599999999,https://www.google.com/maps?q=23.8200191,86.46998599999999
store_002681,"Reliance Digital- RRL CDIT Logix City Centre","Noida",28.5743889,77.3538058,https://www.google.com/maps?q=28.5743889,77.3538058
store_002658,"Reliance Digital- RRL D Xpress V3S Mall Delhi","Delhi",28.6372171,77.2866372,https://www.google.com/maps?q=28.6372171,77.2866372
store_002690,"Reliance Digital- RRL D Xpress Center Square Mal","Vadodara",22.3183879,73.1693422,https://www.google.com/maps?q=22.3183879,73.1693422
store_002680,"Reliance Digital- RRL CDIT Kolathur Chennai","Chennai",13.1255614,80.2051458,https://www.google.com/maps?q=13.1255614,80.2051458
store_002689,"Reliance Digital- RRL CDIT CD06 Cuttack","Cuttack",20.4794301,85.8395669,https://www.google.com/maps?q=20.4794301,85.8395669
store_002684,"Reliance Digital- RRL CDIT- VIP Road","Surat",21.1419035,72.7831803,https://www.google.com/maps?q=21.1419035,72.7831803
store_002660,"Reliance Digital- RRL CDIT Ambience Delhi Store","Delhi",28.5412681,77.1548251,https://www.google.com/maps?q=28.5412681,77.1548251
store_002659,"Reliance Digital- RRL CDIT Vajra world Gangtok","Gangtok",27.3435036,88.61367179999999,https://www.google.com/maps?q=27.3435036,88.61367179999999
store_002687,"Reliance Digital- RRL CDIT Tirunelveli","Tirunelveli",8.7279834,77.7179393,https://www.google.com/maps?q=8.7279834,77.7179393
store_002691,"Reliance Digital- Sector 22","Chandigarh",30.734371,76.778387,https://www.google.com/maps?q=30.734371,76.778387
store_002683,"Reliance Digital- RRL CDIT-Forum Falco","Bangalore",12.8882424,77.5629493,https://www.google.com/maps?q=12.8882424,77.5629493
store_002688,"Reliance Digital- RRL CDIT Shahadra Delhi","Delhi",28.6608665,77.297375,https://www.google.com/maps?q=28.6608665,77.297375
store_002661,"Reliance Digital- Panjagutta Hyderabad","Hyderabad",17.4254395,78.45336259999999,https://www.google.com/maps?q=17.4254395,78.45336259999999
store_002693,"Reliance Digital- S P Verma Road","Patna",25.6106465,85.139977,https://www.google.com/maps?q=25.6106465,85.139977
store_002692,"Reliance Digital- RRL CDIT Kilkattalai Chennai","Chennai",12.956226,80.1870861,https://www.google.com/maps?q=12.956226,80.1870861
store_002696,"Reliance Digital- RRL D Xpress Urban Oasis Mall","Mysore",12.2979723,76.6648926,https://www.google.com/maps?q=12.2979723,76.6648926
store_002697,"Reliance Digital- RRL CDIT Phoenix Lucknow Stor","Lucknow",26.7983219,80.8968319,https://www.google.com/maps?q=26.7983219,80.8968319
store_002694,"Reliance Digital- RRL CDIT Attapur Hyderabad","Hyderabad",17.3609942,78.427123,https://www.google.com/maps?q=17.3609942,78.427123
store_002664,"Reliance Digital- RRL CDIT MSR Elements Bangalo","Bangalore",13.0455071,77.6266181,https://www.google.com/maps?q=13.0455071,77.6266181
store_002698,"Reliance Digital- RRL CDIT Krishna Vatika Jalpa","Jalpaiguri",26.5261294,88.7197832,https://www.google.com/maps?q=26.5261294,88.7197832
store_002662,"Reliance Digital- RRL CDIT Anna Nagar Chennai S","Chennai",13.0874715,80.21769499999999,https://www.google.com/maps?q=13.0874715,80.21769499999999
store_002663,"Reliance Digital- BB-NOIDA-MALL OF IND","Noida",28.5671958,77.32089359999999,https://www.google.com/maps?q=28.5671958,77.32089359999999
store_002695,"Reliance Digital- RRL CDIT- shalimar I","Lucknow",26.8699775,81.0100221,https://www.google.com/maps?q=26.8699775,81.0100221
store_002665,"Reliance Digital- RRL CDIT R City Ghatkopar Mum","Mumbai",19.0998634,72.9172616,https://www.google.com/maps?q=19.0998634,72.9172616
store_002667,"Reliance Digital- RRL CDIT Ahmednagar Rd store","Pune",18.5617582,73.9164606,https://www.google.com/maps?q=18.5617582,73.9164606
store_002666,"Reliance Digital- RRL D Xpress Sea Breeze Prabha","Mumbai",19.0131069,72.8284942,https://www.google.com/maps?q=19.0131069,72.8284942
store_002672,"Reliance Digital- RRL CDIT Davanagere","Davangere",14.4695493,75.905442,https://www.google.com/maps?q=14.4695493,75.905442
store_002668,"Reliance Digital- RRL CDIT Marbaniang Hub Shill","Shillong",25.576467,91.88184070000001,https://www.google.com/maps?q=25.576467,91.88184070000001
store_002675,"Reliance Digital- RRl CDIT Sharath City Centre","Hyderabad",17.4579374,78.3634624,https://www.google.com/maps?q=17.4579374,78.3634624
store_002670,"Reliance Digital- RRL CDIT APR City Central Mall","Gaya",24.7914582,84.999887,https://www.google.com/maps?q=24.7914582,84.999887
store_002671,"Reliance Digital- RRL CDIT Chrompet Chennai","Chennai",12.9513722,80.1395606,https://www.google.com/maps?q=12.9513722,80.1395606
store_002676,"Reliance Digital- RRL CDIT Orion Mall Panvel","Mumbai",18.9930502,73.11588259999999,https://www.google.com/maps?q=18.9930502,73.11588259999999
store_002669,"Reliance Digital- RRL CDIT Kamanhalli Bangalore","Bangalore",13.0231175,77.63637179999999,https://www.google.com/maps?q=13.0231175,77.63637179999999
store_002677,"Reliance Digital- RRL CDIT Patia Main Rd","BHUBANESHWAR",20.3510209,85.825289,https://www.google.com/maps?q=20.3510209,85.825289
store_002673,"Reliance Digital- RRL CDIT Mansarovar Plaza Jaip","Jaipur",26.854669,75.7665997,https://www.google.com/maps?q=26.854669,75.7665997
store_002674,"Reliance Digital- New Delhi South Exte","Delhi",28.5683341,77.218273,https://www.google.com/maps?q=28.5683341,77.218273
store_002699,"Reliance Digital- RRL CDIT Laxmi Heights","Durg-Bhilainagar",21.2062452,81.3513914,https://www.google.com/maps?q=21.2062452,81.3513914
store_002701,"Reliance Digital- RRL CDIT Lawate Nagar Nasik","NASHIK",19.9907862,73.7622162,https://www.google.com/maps?q=19.9907862,73.7622162
store_002703,"Reliance Digital- RRL CDIT Brookefields Plaza","Coimbatore",11.0081314,76.959953,https://www.google.com/maps?q=11.0081314,76.959953
store_002700,"Reliance Digital- RRL CDIT Prozone Mall","Aurangabad",19.8776129,75.37190799999999,https://www.google.com/maps?q=19.8776129,75.37190799999999
store_002702,"Reliance Digital- RRL CDIT Westend Mall Yavatmal","Yavatmal",20.3970483,78.1295573,https://www.google.com/maps?q=20.3970483,78.1295573
store_002739,"Reliance Digital- RRL CDIT Prestige Shantiniket","Bangalore",12.9892213,77.7278171,https://www.google.com/maps?q=12.9892213,77.7278171
store_002704,"Reliance Digital- RRL CDIT-Itangar","Itanagar",27.0947684,93.6210158,https://www.google.com/maps?q=27.0947684,93.6210158
store_002727,"Reliance Digital- RRL CDIT Asian Mall Gulbarga","Gulbarga",17.3262477,76.8359152,https://www.google.com/maps?q=17.3262477,76.8359152
store_002745,"Reliance Digital- RRL CDIT Medical College road","Gorakhpur",26.7848296,83.3855703,https://www.google.com/maps?q=26.7848296,83.3855703
store_002740,"Reliance Digital- RRL CDIT Kakinada AP","Kakinada",16.9571453,82.2356372,https://www.google.com/maps?q=16.9571453,82.2356372
store_002741,"Reliance Digital- BB PUNE KOTHRUD CITY PRIDE MUL","Pune",18.4992085,73.8217439,https://www.google.com/maps?q=18.4992085,73.8217439
store_002743,"Reliance Digital- RRL CDIT-Margao Bypa","Panaji",15.2925938,73.9756608,https://www.google.com/maps?q=15.2925938,73.9756608
store_002744,"Reliance Digital- RRL CDIT Dwarka","Delhi",28.5985207,77.0328507,https://www.google.com/maps?q=28.5985207,77.0328507
store_002706,"Reliance Digital- RRL CDIT-Kamla Prasa","Mumbai",18.9566944,72.814881,https://www.google.com/maps?q=18.9566944,72.814881
store_002747,"Reliance Digital- CDIT- Dunlop","Kolkata",22.6531915,88.3774771,https://www.google.com/maps?q=22.6531915,88.3774771
store_002705,"Reliance Digital- RRL D Xpress Viva City Thane M","Mumbai",19.2081993,72.97181909999999,https://www.google.com/maps?q=19.2081993,72.97181909999999
store_002728,"Reliance Digital- Kothapet 2 Hyderabad","Hyderabad",17.3680388,78.5396485,https://www.google.com/maps?q=17.3680388,78.5396485
store_002708,"Reliance Digital- RRL CDIT Hewett road","Allahabad",25.452099,81.834081,https://www.google.com/maps?q=25.452099,81.834081
store_002746,"Reliance Digital- RRL CDIT Curzon Residency Burd","Burdwan",23.2413074,87.8682472,https://www.google.com/maps?q=23.2413074,87.8682472
store_002729,"Reliance Digital- RRL CDIT Alto Porvorim","Panaji",15.5353597,73.8231474,https://www.google.com/maps?q=15.5353597,73.8231474
store_002707,"Reliance Digital- RRL D Xpress Park Mansion Kolk","Kolkata",22.5525615,88.3530013,https://www.google.com/maps?q=22.5525615,88.3530013
store_002732,"Reliance Digital- RRL CDIT Madhuri Chandra Patna","Patna",25.6056087,85.07604189999999,https://www.google.com/maps?q=25.6056087,85.07604189999999
store_002734,"Reliance Digital- RRL CDIT Galaxy Mall Asansol","Asansol",23.6848228,86.94148609999999,https://www.google.com/maps?q=23.6848228,86.94148609999999
store_002735,"Reliance Digital- RRL CDIT Banjara Hills","Hyderabad",17.4083808,78.4393571,https://www.google.com/maps?q=17.4083808,78.4393571
store_002731,"Reliance Digital- RRL CDIT- KR Puram","Bangalore",13.0215306,77.71269079999999,https://www.google.com/maps?q=13.0215306,77.71269079999999
store_002748,"Reliance Digital- RRL CDIT Z Square Mall Kanpur","Kanpur",26.473311,80.3532479,https://www.google.com/maps?q=26.473311,80.3532479
store_002733,"Reliance Digital- RRL CDIT Navalur","Chennai",12.8469204,80.22639579999999,https://www.google.com/maps?q=12.8469204,80.22639579999999
store_002709,"Reliance Digital- RRL D Xpress Gaurav Tower Jaip","Jaipur",26.8550065,75.80599149999999,https://www.google.com/maps?q=26.8550065,75.80599149999999
store_002730,"Reliance Digital- RRL CDIT Phoenix Marketcity L","Lucknow",26.7983219,80.8968319,https://www.google.com/maps?q=26.7983219,80.8968319
store_002742,"Reliance Digital- RRL CDIT Kanth Road Moradabad","Moradabad",28.8628483,78.75093919999999,https://www.google.com/maps?q=28.8628483,78.75093919999999
store_002736,"Reliance Digital- RRL CDIT Najafgarh Delhi","Delhi",28.6126419,76.9897759,https://www.google.com/maps?q=28.6126419,76.9897759
store_002713,"Reliance Digital- RRL CDIT Ghaziabad Specialit","Ghaziabad",28.665062,77.434155,https://www.google.com/maps?q=28.665062,77.434155
store_002711,"Reliance Digital- RRL CDIT Inorbit Hyderabad","Hyderabad",17.4344034,78.3868933,https://www.google.com/maps?q=17.4344034,78.3868933
store_002737,"Reliance Digital- RRL CDIT Windsor Bangalore St","Bangalore",13.0455071,77.6266181,https://www.google.com/maps?q=13.0455071,77.6266181
store_002738,"Reliance Digital- RRL CDIT-Hennur Road","Bangalore",13.0627766,77.6494161,https://www.google.com/maps?q=13.0627766,77.6494161
store_002710,"Reliance Digital- RRL CDIT-Lulu Mall L","Lucknow",26.7852187,80.99200210000001,https://www.google.com/maps?q=26.7852187,80.99200210000001
store_002716,"Reliance Digital- RRL CDIT E 144 Main road Saket","Delhi",28.5226248,77.2077733,https://www.google.com/maps?q=28.5226248,77.2077733
store_002712,"Reliance Digital- RRL CDIT Trilium Mall Nagpur","Nagpur",21.1328308,79.0966875,https://www.google.com/maps?q=21.1328308,79.0966875
store_002726,"Reliance Digital- RRL CDIT Mogappair Chennai St","Chennai",13.0837019,80.170525,https://www.google.com/maps?q=13.0837019,80.170525
store_002724,"Reliance Digital- RRL CDIT Elpro Chinchwad","Pune",18.6286583,73.78297830000001,https://www.google.com/maps?q=18.6286583,73.78297830000001
store_002723,"Reliance Digital- RRL CDIT Imperial Mall","Silchar",24.8302079,92.80015709999999,https://www.google.com/maps?q=24.8302079,92.80015709999999
store_002725,"Reliance Digital- RRL CDIT Kukatpally Hyderabad","Hyderabad",17.4819122,78.4144353,https://www.google.com/maps?q=17.4819122,78.4144353
store_002714,"Reliance Digital- RRL CDIT Phoenix Mal","Pune",18.5617582,73.9164606,https://www.google.com/maps?q=18.5617582,73.9164606
store_002715,"Reliance Digital- RRL CDIT Ideal Plaza Kolkata","Kolkata",28.5671958,77.32089359999999,https://www.google.com/maps?q=28.5671958,77.32089359999999
store_002718,"Reliance Digital- RRL CDIT Belathur Bangalore","Bangalore",13.0058431,77.7567892,https://www.google.com/maps?q=13.0058431,77.7567892
store_002717,"Reliance Digital- RRL CDIT Celebration Mall Udai","Udaipur",24.6131305,73.702896,https://www.google.com/maps?q=24.6131305,73.702896
store_002720,"Reliance Digital- RRL CDIT Nallagandala Hyd","Hyderabad",17.4769577,78.3082463,https://www.google.com/maps?q=17.4769577,78.3082463
store_002719,"Reliance Digital- RRL CDIT Bull Temple Road Ban","Bangalore",12.9548392,77.56721929999999,https://www.google.com/maps?q=12.9548392,77.56721929999999
store_002721,"Reliance Digital- RRL CDIT TTMC Vijayanagar Bang","Bangalore",12.9658337,77.5347857,https://www.google.com/maps?q=12.9658337,77.5347857
store_002722,"Reliance Digital- RRL CDIT-Kalikapur K","Kolkata",22.502761,88.39317799999999,https://www.google.com/maps?q=22.502761,88.39317799999999
store_002754,"Reliance Digital- RRL CDIT Solitaire Aundh Stor","Pune",18.5540554,73.80981589999999,https://www.google.com/maps?q=18.5540554,73.80981589999999
store_002753,"Reliance Digital- RRL CDIT-Vijaya Mall","Chennai",13.0500724,80.2093361,https://www.google.com/maps?q=13.0500724,80.2093361
store_002749,"Reliance Digital- Deep Cinema","Kanpur",26.4405144,80.3099451,https://www.google.com/maps?q=26.4405144,80.3099451
store_002752,"Reliance Digital- MADHURWADA","VISAKHAPATNAM",17.7967555,83.353888,https://www.google.com/maps?q=17.7967555,83.353888
store_002756,"Reliance Digital- RRL CDIT RT Nagar Bang","Bangalore",13.0245817,77.5926942,https://www.google.com/maps?q=13.0245817,77.5926942
store_002750,"Reliance Digital- Elite Complex","Raipur",21.258396,81.6554762,https://www.google.com/maps?q=21.258396,81.6554762
store_002755,"Reliance Digital- RRL CDIT Sparsh Plaza Pune St","Pune",18.5909066,73.74733619999999,https://www.google.com/maps?q=18.5909066,73.74733619999999
store_002758,"Reliance Digital- RRL CDIT J P Nagar store","Bangalore",12.9103043,77.5860824,https://www.google.com/maps?q=12.9103043,77.5860824
store_002751,"Reliance Digital- Nalgonda Telangana","Nalgonda",17.0562412,79.26908279999999,https://www.google.com/maps?q=17.0562412,79.26908279999999
store_002757,"Reliance Digital- RRL CDIT Siddaganga Math","Bangalore",12.8807742,77.5463578,https://www.google.com/maps?q=12.8807742,77.5463578
store_002759,"Reliance Digital- RRL CDIT Lulu Mall B","Bangalore",12.981239,77.563592,https://www.google.com/maps?q=12.981239,77.563592
store_002761,"Reliance Digital- RRL CDIT The Capital by Lake S","MUMBAI",19.4073539,72.8221112,https://www.google.com/maps?q=19.4073539,72.8221112
store_002766,"Reliance Digital- RRL CDIT Cine Mall Ajmer","Ajmer",26.4808538,74.63130509999999,https://www.google.com/maps?q=26.4808538,74.63130509999999
store_002770,"Reliance Digital- RRL CDIT Omaxe Mall Greater No","Greater Noida",28.4890389,77.5149904,https://www.google.com/maps?q=28.4890389,77.5149904
store_002763,"Reliance Digital- RIL Mall Nagarcoil","Nagarcoil",8.187374499999999,77.432518,https://www.google.com/maps?q=8.187374499999999,77.432518
store_002760,"Reliance Digital- Shilpukri Guwahati","Guwahati",26.1848582,91.765784,https://www.google.com/maps?q=26.1848582,91.765784
store_002768,"Reliance Digital- RRL CDIT Mangaldeep Surat","Surat",21.2097158,72.8490443,https://www.google.com/maps?q=21.2097158,72.8490443
store_002765,"Reliance Digital- RRL D Xpress Star Zone Nashik","NASHIK",19.9608411,73.828631,https://www.google.com/maps?q=19.9608411,73.828631
store_002769,"Reliance Digital- RRL CDIT Suncity Hydrabad","Hyderabad",17.3595907,78.3874841,https://www.google.com/maps?q=17.3595907,78.3874841
store_002767,"Reliance Digital- RRL CDIT Axiom Mall Dehradun","Dehradun",30.3632715,78.0695298,https://www.google.com/maps?q=30.3632715,78.0695298
store_002764,"Reliance Digital- RRL CDIT Banik Gariahat","Kolkata",22.5190367,88.3649191,https://www.google.com/maps?q=22.5190367,88.3649191
store_002762,"Reliance Digital- RRL CDIT Shewalkar Arcade Dhar","Nagpur",21.1399394,79.0602378,https://www.google.com/maps?q=21.1399394,79.0602378
store_002792,"Reliance Digital- RRL CDIT Banaswadi Bangalore","Bangalore",13.0135004,77.6619535,https://www.google.com/maps?q=13.0135004,77.6619535
store_002786,"Reliance Digital- RRL CDIT Porur","Chennai",13.0361014,80.1571477,https://www.google.com/maps?q=13.0361014,80.1571477
store_002785,"Reliance Digital- RRL CDIT Poonamallee","Chennai",13.0436686,80.12067429999999,https://www.google.com/maps?q=13.0436686,80.12067429999999
store_002772,"Reliance Digital- RRL CDIT Chinsurah Hooghly","KOLKATA",22.8907852,88.3733858,https://www.google.com/maps?q=22.8907852,88.3733858
store_002771,"Reliance Digital- RRL CDIT-Akhaura Roa","Agartala",23.8320554,91.2795664,https://www.google.com/maps?q=23.8320554,91.2795664
store_002787,"Reliance Digital- CDIT-Spectrum Metro","Noida",28.5737092,77.37896769999999,https://www.google.com/maps?q=28.5737092,77.37896769999999
store_002791,"Reliance Digital- RRL CDIT- Oasis Hari","Dehradun",30.2875862,78.06485169999999,https://www.google.com/maps?q=30.2875862,78.06485169999999
store_002789,"Reliance Digital- RRL CDIT Velachery","Chennai",12.9716361,80.219572,https://www.google.com/maps?q=12.9716361,80.219572
store_002788,"Reliance Digital- RRL CDIT-Kengeri","Bangalore",12.9253808,77.4856325,https://www.google.com/maps?q=12.9253808,77.4856325
store_002773,"Reliance Digital- RRL CDIT Chinchwad","Pune",18.648105,73.78751179999999,https://www.google.com/maps?q=18.648105,73.78751179999999
store_002790,"Reliance Digital- RRL CDIT Meyyanur Salem","Salem",11.6748367,78.1328824,https://www.google.com/maps?q=11.6748367,78.1328824
store_002797,"Reliance Digital- RRL CDIT BB Road Devanhalli Ma","Devanhalli",13.2555572,77.71735489999999,https://www.google.com/maps?q=13.2555572,77.71735489999999
store_002793,"Reliance Digital- RRL CDIT Sodepur","Kolkata",22.6956128,88.3746436,https://www.google.com/maps?q=22.6956128,88.3746436
store_002774,"Reliance Digital- RRL CDIT Chorda Bye Pass Jajp","Jajpur",20.9527508,86.13103029999999,https://www.google.com/maps?q=20.9527508,86.13103029999999
store_002795,"Reliance Digital- RRL CDIT AK Hitech O","Mumbai",19.1385361,72.8322479,https://www.google.com/maps?q=19.1385361,72.8322479
store_002796,"Reliance Digital- RRL CDIT ND Elite Bangalore S","Bangalore",12.9975549,77.5441,https://www.google.com/maps?q=12.9975549,77.5441
store_002775,"Reliance Digital- RRL CDIT Barrackpore","Kolkata",22.7631837,88.3699335,https://www.google.com/maps?q=22.7631837,88.3699335
store_002794,"Reliance Digital- RRL CDIT SR Nagar Hyd","Hyderabad",17.441901,78.44111649999999,https://www.google.com/maps?q=17.441901,78.44111649999999
store_002798,"Reliance Digital- RRL CDIT Shivam Road Hyderaba","Hyderabad",17.4048134,78.515006,https://www.google.com/maps?q=17.4048134,78.515006
store_002776,"Reliance Digital- RRL CDIT Bidar","Bidar",17.9250557,77.50034219999999,https://www.google.com/maps?q=17.9250557,77.50034219999999
store_002777,"Reliance Digital- RRL CDIT Shagun Insignia Ulwe","Mumbai",18.9747713,73.0286879,https://www.google.com/maps?q=18.9747713,73.0286879
store_002778,"Reliance Digital- RRL CDIT Haralur Bangalore","Bangalore",12.8949714,77.6570466,https://www.google.com/maps?q=12.8949714,77.6570466
store_002780,"Reliance Digital- RRL CDIT Shi Kant Verma Marg","Bilaspur",22.0710613,82.14979819999999,https://www.google.com/maps?q=22.0710613,82.14979819999999
store_002784,"Reliance Digital- RRL CDIT Times V Square Belapu","Mumbai",19.0119662,73.035399,https://www.google.com/maps?q=19.0119662,73.035399
store_002781,"Reliance Digital- RRL CDIT Ardee Mall","Gurgaon",28.445123,77.0807306,https://www.google.com/maps?q=28.445123,77.0807306
store_002779,"Reliance Digital- SF Road Siliguri","Siliguri",26.7037008,88.4236974,https://www.google.com/maps?q=26.7037008,88.4236974
store_002782,"Reliance Digital- RRL CDIT Seawoods Grand Centra","Mumbai",19.0214558,73.017743,https://www.google.com/maps?q=19.0214558,73.017743
store_002783,"Reliance Digital- RRL CDIT-Rajendra Na","Indore",22.6670778,75.82256,https://www.google.com/maps?q=22.6670778,75.82256
store_002799,"Reliance Digital- RRL CDIT Central Plaza Eluru","Eluru",16.7145666,81.102707,https://www.google.com/maps?q=16.7145666,81.102707
store_002818,"Reliance Digital- RRL CDIT Vaishali NagarJaipur","Jaipur",26.9061275,75.7516538,https://www.google.com/maps?q=26.9061275,75.7516538
store_002821,"Reliance Digital- Arcot, Bye Pass Road","Arcot",12.9112379,79.3235013,https://www.google.com/maps?q=12.9112379,79.3235013
store_002819,"Reliance Digital- RRL CDIT Neeladhri Road","Bangalore",12.8405813,77.6506954,https://www.google.com/maps?q=12.8405813,77.6506954
store_002803,"Reliance Digital- RRL CDIT GE Road","Raipur",21.244417,81.608511,https://www.google.com/maps?q=21.244417,81.608511
store_002802,"Reliance Digital- RRL CDIT Halwasiya Court Luck","Lucknow",26.8500902,80.94201799999999,https://www.google.com/maps?q=26.8500902,80.94201799999999
store_002804,"Reliance Digital- Narapally Hyderabad","Hyderabad",17.4201992,78.63723759999999,https://www.google.com/maps?q=17.4201992,78.63723759999999
store_002820,"Reliance Digital- RRL CDIT-Forum Sujan","Hyderabad",17.4842861,78.3888917,https://www.google.com/maps?q=17.4842861,78.3888917
store_002800,"Reliance Digital- RRL CDIT Orion OMR Mall Bangal","Bangalore",13.0552804,77.7638879,https://www.google.com/maps?q=13.0552804,77.7638879
store_002801,"Reliance Digital- RRL CDIT Udayaravi Rd Kuvempu","Mysore",12.2867337,76.62600719999999,https://www.google.com/maps?q=12.2867337,76.62600719999999
store_002822,"Reliance Digital- RRL CDIT Pathardi Mu","Nashik",19.9544868,73.7641227,https://www.google.com/maps?q=19.9544868,73.7641227
store_002838,"Reliance Digital- RRL CDIT Helix Ghatk","Mumbai",19.0998634,72.9172616,https://www.google.com/maps?q=19.0998634,72.9172616
store_002825,"Reliance Digital- RRL CDIT Kilpauk Chennai Stor","Chennai",13.0817248,80.24506640000001,https://www.google.com/maps?q=13.0817248,80.24506640000001
store_002806,"Reliance Digital- RRL CDIT Yelahanka Bng","Bangalore",13.09863,77.5847175,https://www.google.com/maps?q=13.09863,77.5847175
store_002824,"Reliance Digital- RRL CDIT GRAND MALLL MARIPUR M","Muzzafarpur",26.1233228,85.3680208,https://www.google.com/maps?q=26.1233228,85.3680208
store_002826,"Reliance Digital- RRL CDIT Bearys City Center S","Shimoga",13.9308116,75.5737657,https://www.google.com/maps?q=13.9308116,75.5737657
store_002823,"Reliance Digital- RRL CDIT City Centre","Mumbai",18.9566944,72.814881,https://www.google.com/maps?q=18.9566944,72.814881
store_002807,"Reliance Digital- RRL CDIT Sarajapur Road Bangal","Bangalore",12.9192179,77.66874109999999,https://www.google.com/maps?q=12.9192179,77.66874109999999
store_002839,"Reliance Digital- RRL CDIT Nagole Hyd","Hyderabad",17.3668103,78.5575033,https://www.google.com/maps?q=17.3668103,78.5575033
store_002841,"Reliance Digital- RRL CDIT-Banashankar","Bangalore",12.9255786,77.5501668,https://www.google.com/maps?q=12.9255786,77.5501668
store_002843,"Reliance Digital- RRL CDIT Vidyanagar Hubli","Hubli",15.3644221,75.1241744,https://www.google.com/maps?q=15.3644221,75.1241744
store_002805,"Reliance Digital- RRL CDIT Kondapur Hyd","Hyderabad",17.4641882,78.3671428,https://www.google.com/maps?q=17.4641882,78.3671428
store_002827,"Reliance Digital- RRL CDIT Pacific NSP Pitampura","Delhi",28.6945855,77.1545361,https://www.google.com/maps?q=28.6945855,77.1545361
store_002840,"Reliance Digital- RRL CDIT-Sheth House","Mumbai",18.9566944,72.814881,https://www.google.com/maps?q=18.9566944,72.814881
store_002808,"Reliance Digital- GANGAPUR ROAD","Nashik",20.0119775,73.7570332,https://www.google.com/maps?q=20.0119775,73.7570332
store_002842,"Reliance Digital- RRL CDIT United Phoenix Mall","Bareily",28.3945979,79.4568207,https://www.google.com/maps?q=28.3945979,79.4568207
store_002846,"Reliance Digital- RRL CDIT Mahagun Metro Mall G","Ghaziabad",28.6456846,77.3351259,https://www.google.com/maps?q=28.6456846,77.3351259
store_002830,"Reliance Digital- RRL CDIT Alpha One Mall Amrits","Amritsar",31.6198766,74.9071434,https://www.google.com/maps?q=31.6198766,74.9071434
store_002832,"Reliance Digital- RRL CDIT Perambur Chennai","Chennai",13.1087539,80.2444617,https://www.google.com/maps?q=13.1087539,80.2444617
store_002831,"Reliance Digital- RRL CDIT Patliputra","Patna",25.629175,85.1044441,https://www.google.com/maps?q=25.629175,85.1044441
store_002828,"Reliance Digital- RRL CDIT Rabindra Avenue Mal","Malda",25.00122,88.139592,https://www.google.com/maps?q=25.00122,88.139592
store_002829,"Reliance Digital- RRL CDIT Gachibowli Hyderabad","Hyderabad",17.4362919,78.3669863,https://www.google.com/maps?q=17.4362919,78.3669863
store_002845,"Reliance Digital- RRL CDIT Near Shashti Bridge J","Jabalpur",23.1593029,79.9301437,https://www.google.com/maps?q=23.1593029,79.9301437
store_002809,"Reliance Digital- RRL CDIT-Swaroop Nag","Kanpur",26.4893663,80.3191121,https://www.google.com/maps?q=26.4893663,80.3191121
store_002848,"Reliance Digital- Kancharapara Kolkata","Kolkata",22.9519087,88.4252951,https://www.google.com/maps?q=22.9519087,88.4252951
store_002835,"Reliance Digital- City Centre Haldiya","Haldia",22.0592667,88.0752656,https://www.google.com/maps?q=22.0592667,88.0752656
store_002811,"Reliance Digital- RRL CDIT Amisha Empire","Mumbai",19.2796589,72.8778854,https://www.google.com/maps?q=19.2796589,72.8778854
store_002834,"Reliance Digital- RRL CDIT Mudichur","Chennai",12.92124,80.0920261,https://www.google.com/maps?q=12.92124,80.0920261
store_002814,"Reliance Digital- RRL CDIT Market City Mall","Chennai",12.9916634,80.2168724,https://www.google.com/maps?q=12.9916634,80.2168724
store_002847,"Reliance Digital- RRL CDIT Ambience Mall Gurgao","Gurgaon",28.5028021,77.0976546,https://www.google.com/maps?q=28.5028021,77.0976546
store_002810,"Reliance Digital- Parc Chembur Mumbai","Mumbai",19.053864,72.8869517,https://www.google.com/maps?q=19.053864,72.8869517
store_002813,"Reliance Digital- RRL CDIT Altair Duma","Surat",21.1628787,72.7765283,https://www.google.com/maps?q=21.1628787,72.7765283
store_002844,"Reliance Digital- RRL CDIT Geetai Sankul Paud Ro","Pune",18.5096482,73.8160486,https://www.google.com/maps?q=18.5096482,73.8160486
store_002812,"Reliance Digital- RRL CDIT-Rama Arcade","Jalna",19.8443051,75.907459,https://www.google.com/maps?q=19.8443051,75.907459
store_002815,"Reliance Digital- RRL CDIT IPCL JVPD Juhu Mumbai","Mumbai",19.1154587,72.83432859999999,https://www.google.com/maps?q=19.1154587,72.83432859999999
store_002833,"Reliance Digital- RRL CDIT Sonal Business Park G","Mumbai",19.2148157,73.1018617,https://www.google.com/maps?q=19.2148157,73.1018617
store_002836,"Reliance Digital- RRL CDIT Satyam Kolkata Store","Kolkata",22.6290737,88.43436849999999,https://www.google.com/maps?q=22.6290737,88.43436849999999
store_002817,"Reliance Digital- RRL CDIT RR Nagar Bangalore","Bangalore",12.926672,77.51425429999999,https://www.google.com/maps?q=12.926672,77.51425429999999
store_002837,"Reliance Digital- RRL CDIT Beside Municipal Off","Kamareddy",18.3227275,78.3336006,https://www.google.com/maps?q=18.3227275,78.3336006
store_002816,"Reliance Digital- RRL CDIT Katchehry Road Raebar","Raebareli",26.22103,81.24082349999999,https://www.google.com/maps?q=26.22103,81.24082349999999
store_002849,"Reliance Digital- RRL CDIT Keshwapur H","Hubli",15.360328,75.148781,https://www.google.com/maps?q=15.360328,75.148781
store_002850,"Reliance Digital- RRL CDIT Sec 9 Panchkula","Panchkula",30.6950253,76.8498911,https://www.google.com/maps?q=30.6950253,76.8498911
store_002854,"Reliance Digital- Forum Heights Puttur","Mangalore",12.7568751,75.2114436,https://www.google.com/maps?q=12.7568751,75.2114436
store_002856,"Reliance Digital- RRL CDIT Station Road Rajahmun","Rajahmundry",16.9866229,81.7822729,https://www.google.com/maps?q=16.9866229,81.7822729
store_002855,"Reliance Digital- RRL CDIT Selaiyur","Chennai",12.9225014,80.1455471,https://www.google.com/maps?q=12.9225014,80.1455471
store_002857,"Reliance Digital- RRL CDIT-Amalapuram","Amalapuram",16.5772525,82.0034884,https://www.google.com/maps?q=16.5772525,82.0034884
store_002851,"Reliance Digital- RRL CDIT Providence Mall","Puducherry",11.9287886,79.820343,https://www.google.com/maps?q=11.9287886,79.820343
store_002879,"Reliance Digital- Balanagar Hyderabad","Hyderabad",17.4820162,78.4486125,https://www.google.com/maps?q=17.4820162,78.4486125
store_002880,"Reliance Digital- RRL CDIT-HSR Layout","Bangalore",12.9124302,77.6337179,https://www.google.com/maps?q=12.9124302,77.6337179
store_002858,"Reliance Digital- RRL CDIT JN Road Rajahmundry","Rajahmundry",17.0070033,81.7982734,https://www.google.com/maps?q=17.0070033,81.7982734
store_002881,"Reliance Digital- RRL CDIT-Orbit Plaza","Junagarh",21.5242122,70.4382913,https://www.google.com/maps?q=21.5242122,70.4382913
store_002853,"Reliance Digital- RRL CDIT Marathalli Bangalore","Bangalore",12.9497262,77.6989103,https://www.google.com/maps?q=12.9497262,77.6989103
store_002859,"Reliance Digital- RRL CDIT Almonte Pune","Pune",18.5507398,73.9374342,https://www.google.com/maps?q=18.5507398,73.9374342
store_002882,"Reliance Digital- RRL CDIT-Land Mark 2","Pune",18.5617582,73.9164606,https://www.google.com/maps?q=18.5617582,73.9164606
store_002883,"Reliance Digital- RELIANCE DIGITAL AIMS MALL","Vadodara",22.2851111,73.1640865,https://www.google.com/maps?q=22.2851111,73.1640865
store_002884,"Reliance Digital- Nizamabad Telangana","Nizamabad",18.6648127,78.1091405,https://www.google.com/maps?q=18.6648127,78.1091405
store_002852,"Reliance Digital- RRL CDIT Jorhat","Jorhat",26.7538109,94.2122912,https://www.google.com/maps?q=26.7538109,94.2122912
store_002860,"Reliance Digital- RRL CDIT Vizianagaram","Vizianagaram",18.1129756,83.41265059999999,https://www.google.com/maps?q=18.1129756,83.41265059999999
store_002887,"Reliance Digital- RRL CDIT GS Road Six","Guwahati",26.1571612,91.777863,https://www.google.com/maps?q=26.1571612,91.777863
store_002886,"Reliance Digital- RRL CDIT Guru Towers Chennai","Chennai",13.0384514,80.2681118,https://www.google.com/maps?q=13.0384514,80.2681118
store_002889,"Reliance Digital- RRL D Xpress 8D RCP Ghansoli","Mumbai",19.1249209,73.0094111,https://www.google.com/maps?q=19.1249209,73.0094111
store_002861,"Reliance Digital- Mohinpura Siddipet","Siddipet",18.1040243,78.84426669999999,https://www.google.com/maps?q=18.1040243,78.84426669999999
store_002885,"Reliance Digital- New Scheme road Pollachi","Pollachi",10.6622723,77.01393279999999,https://www.google.com/maps?q=10.6622723,77.01393279999999
store_002888,"Reliance Digital- RRL CDIT Girija Towe","Ranchi",23.3681614,85.3389887,https://www.google.com/maps?q=23.3681614,85.3389887
store_002893,"Reliance Digital- RRL CDIT Laxmi Puri Kolhapur","Kolhapur",16.6984605,74.23033439999999,https://www.google.com/maps?q=16.6984605,74.23033439999999
store_002892,"Reliance Digital- RRL CDIT Barasat Mall Kolkata","Kolkata",22.7201442,88.4875371,https://www.google.com/maps?q=22.7201442,88.4875371
store_002862,"Reliance Digital- RRL CDIT chandan Nagar","Kolkata",22.8571045,88.36536749999999,https://www.google.com/maps?q=22.8571045,88.36536749999999
store_002891,"Reliance Digital- RRL CDIT Ratan Khan","Lucknow",26.780959,80.9252138,https://www.google.com/maps?q=26.780959,80.9252138
store_002863,"Reliance Digital- RRL CDIT Ambattur Chennai","Chennai",13.1225746,80.14599559999999,https://www.google.com/maps?q=13.1225746,80.14599559999999
store_002865,"Reliance Digital- RRL CDIT Elet Arcade Purnea","Purnea",25.7826833,87.4854951,https://www.google.com/maps?q=25.7826833,87.4854951
store_002890,"Reliance Digital- RRL CDIT Dwarakanagar Visakhap","VISAKHAPATNAM",17.7298833,83.3068165,https://www.google.com/maps?q=17.7298833,83.3068165
store_002894,"Reliance Digital- RRL CDIT Brookefield","Bangalore",12.9559797,77.7185907,https://www.google.com/maps?q=12.9559797,77.7185907
store_002864,"Reliance Digital- RRL CDIT Amar Empire","Belgaum",15.8405721,74.50886009999999,https://www.google.com/maps?q=15.8405721,74.50886009999999
store_002897,"Reliance Digital- RRL CDIT Hospet College Road","Hospet",15.2748402,76.38309269999999,https://www.google.com/maps?q=15.2748402,76.38309269999999
store_002896,"Reliance Digital- RRL CDIT Cross Point Mall Alw","Alwar",27.5808141,76.615584,https://www.google.com/maps?q=27.5808141,76.615584
store_002866,"Reliance Digital- RRL CDIT Market City Kurla","Mumbai",19.0864287,72.88985170000001,https://www.google.com/maps?q=19.0864287,72.88985170000001
store_002895,"Reliance Digital- RRL CDIT Treasure Island Bhila","Durg-Bhilainagar",21.2181166,81.3226857,https://www.google.com/maps?q=21.2181166,81.3226857
store_002867,"Reliance Digital- RRL D Xpress Drishti Mini Mall","Bhopal",23.1855312,77.4172332,https://www.google.com/maps?q=23.1855312,77.4172332
store_002898,"Reliance Digital- RRL CDIT ABZ Baner","Pune",18.5638604,73.7765608,https://www.google.com/maps?q=18.5638604,73.7765608
store_002869,"Reliance Digital- RRL CDIT Pacific mall Dwarka","Delhi",28.5517157,77.05780349999999,https://www.google.com/maps?q=28.5517157,77.05780349999999
store_002868,"Reliance Digital- RRL CDIT Boulevard P","Pune",18.526891,73.876189,https://www.google.com/maps?q=18.526891,73.876189
store_002873,"Reliance Digital- RRL CDIT Saharanpur","Dehradun",30.3013774,78.00909539999999,https://www.google.com/maps?q=30.3013774,78.00909539999999
store_002871,"Reliance Digital- RRL CDIT Adajan Surat","Surat",21.1938358,72.7982942,https://www.google.com/maps?q=21.1938358,72.7982942
store_002870,"Reliance Digital- Shubhas Rd Anantapur","Anantapur",14.6799133,77.5974681,https://www.google.com/maps?q=14.6799133,77.5974681
store_002874,"Reliance Digital- RRL CDIT Jubilee Circle","Dharwad",15.4592461,75.0074214,https://www.google.com/maps?q=15.4592461,75.0074214
store_002872,"Reliance Digital- RRLCDIT Mall Of Asia","Bangalore",13.0704713,77.5911844,https://www.google.com/maps?q=13.0704713,77.5911844
store_002877,"Reliance Digital- RRL CDIT Season Mall Pune","Pune",18.518804,73.9318479,https://www.google.com/maps?q=18.518804,73.9318479
store_002878,"Reliance Digital- RRL CDIT Indiranagar Extn sto","Mysore",12.2979723,76.6648926,https://www.google.com/maps?q=12.2979723,76.6648926
store_002876,"Reliance Digital- RRL CDIT Forum Galleria Rourke","Raurkela",22.2247827,84.82023149999999,https://www.google.com/maps?q=22.2247827,84.82023149999999
store_002875,"Reliance Digital- RRL Digital Hastinapuram Hyde","Hyderabad",17.3288743,78.55410739999999,https://www.google.com/maps?q=17.3288743,78.55410739999999
store_002901,"Reliance Digital- RRL CDIT North Usman Road T N","Chennai",13.0508105,80.23356439999999,https://www.google.com/maps?q=13.0508105,80.23356439999999
store_002899,"Reliance Digital- Darga Mitta Nellore","Nellore",14.4386365,79.9696416,https://www.google.com/maps?q=14.4386365,79.9696416
store_002907,"Reliance Digital- Dev Aurum Ahmedabad","Ahmedabad",23.0125422,72.515103,https://www.google.com/maps?q=23.0125422,72.515103
store_002902,"Reliance Digital- RRL CDIT- Bypass Roa","Madurai",9.9261056,78.0943609,https://www.google.com/maps?q=9.9261056,78.0943609
store_002908,"Reliance Digital- RRL CDIT Lothiya Complex Nande","Nanded",19.1668403,77.3051078,https://www.google.com/maps?q=19.1668403,77.3051078
store_002900,"Reliance Digital- RRL CDIT-Doddaballap","Doddaballapura",13.302621,77.538394,https://www.google.com/maps?q=13.302621,77.538394
store_002910,"Reliance Digital- RRL CDIT Gowlidoddy Hyd","Hyderabad",17.4280694,78.3285391,https://www.google.com/maps?q=17.4280694,78.3285391
store_002909,"Reliance Digital- RRL CDIT Lecturuers colony N","Nellore",14.4339294,79.9800144,https://www.google.com/maps?q=14.4339294,79.9800144
store_002903,"Reliance Digital- RRL CDIT-Nirmal","Nirmal",19.0908405,78.3440935,https://www.google.com/maps?q=19.0908405,78.3440935
store_002911,"Reliance Digital- RRL CDIT Bijapur","Bijapur",16.8410613,75.7132395,https://www.google.com/maps?q=16.8410613,75.7132395
store_002933,"Reliance Digital- RRL CDIT Saraswati Nagar","Jodhpur",26.2336321,73.0193807,https://www.google.com/maps?q=26.2336321,73.0193807
store_002912,"Reliance Digital- RRL CDIT Fortune Terraces","Mumbai",19.1385361,72.8322479,https://www.google.com/maps?q=19.1385361,72.8322479
store_002904,"Reliance Digital- RRL CDIT Experia Mall","Mumbai",19.1651772,73.07469069999999,https://www.google.com/maps?q=19.1651772,73.07469069999999
store_002913,"Reliance Digital- RRL CDIT VR Mall Chennai","Chennai",13.08088,80.19775969999999,https://www.google.com/maps?q=13.08088,80.19775969999999
store_002914,"Reliance Digital- RRL CDIT- Jessore Ro","Habra",22.847547,88.6623747,https://www.google.com/maps?q=22.847547,88.6623747
store_002932,"Reliance Digital- RRL CDIT Anakapalli","Anakapalle",17.6889591,83.0017649,https://www.google.com/maps?q=17.6889591,83.0017649
store_002935,"Reliance Digital- RRL CDIT BALASORE","Balasore",21.4928472,86.93722179999999,https://www.google.com/maps?q=21.4928472,86.93722179999999
store_002915,"Reliance Digital- RRL CDIT-Moshi Pune","Pune",18.6787584,73.8474585,https://www.google.com/maps?q=18.6787584,73.8474585
store_002934,"Reliance Digital- RRL CDIT-Dimpaur","Dimapur",25.906851,93.72086159999999,https://www.google.com/maps?q=25.906851,93.72086159999999
store_002905,"Reliance Digital- RRL CDIT Pacific Ma","Matigara",26.723285,88.38404899999999,https://www.google.com/maps?q=26.723285,88.38404899999999
store_002906,"Reliance Digital- RRL CDIT Forum Fizaa Mall Man","Mangalore",12.8574713,74.83805269999999,https://www.google.com/maps?q=12.8574713,74.83805269999999
store_002937,"Reliance Digital- RRL CDIT- Chakrata R","Dehradun",30.3273769,78.032212,https://www.google.com/maps?q=30.3273769,78.032212
store_002938,"Reliance Digital- RRL CDIT The Hive K","Mumbai",19.1385361,72.8322479,https://www.google.com/maps?q=19.1385361,72.8322479
store_002939,"Reliance Digital- RRL CDIT Orion Business Park","Mumbai",19.2218639,72.97717229999999,https://www.google.com/maps?q=19.2218639,72.97717229999999
store_002916,"Reliance Digital- RRL CDIT Subhadra Mall","Baramati",18.1778792,74.60591269999999,https://www.google.com/maps?q=18.1778792,74.60591269999999
store_002936,"Reliance Digital- RRL CDIT-Sec14 Delhi","Gurgaon",28.4696711,77.0391838,https://www.google.com/maps?q=28.4696711,77.0391838
store_002917,"Reliance Digital- Phoenix Mall, Indore","Indore",22.7467528,75.93566659999999,https://www.google.com/maps?q=22.7467528,75.93566659999999
store_002941,"Reliance Digital- RRL CDIT Hotel Grace Pipli roa","Kurukshetra",29.9723721,76.83943909999999,https://www.google.com/maps?q=29.9723721,76.83943909999999
store_002942,"Reliance Digital- RRL CDIT Koramangala Bangalor","Bangalore",12.9362998,77.62787349999999,https://www.google.com/maps?q=12.9362998,77.62787349999999
store_002940,"Reliance Digital- RRL CDIT Sangeeta Heights Amba","Ambala",30.3694669,76.7867029,https://www.google.com/maps?q=30.3694669,76.7867029
store_002943,"Reliance Digital- Civil Lines Bareilly","Bareily",28.3550488,79.41635459999999,https://www.google.com/maps?q=28.3550488,79.41635459999999
store_002918,"Reliance Digital- RRL CDIT Alpha One Ahmedabad","Ahmedabad",23.0400705,72.531482,https://www.google.com/maps?q=23.0400705,72.531482
store_002944,"Reliance Digital- RRL CDIT Sahyog Alina Karelib","Vadodara",22.3261101,73.20221049999999,https://www.google.com/maps?q=22.3261101,73.20221049999999
store_002945,"Reliance Digital- Allahabad Road","Rewa",24.5438456,81.3060315,https://www.google.com/maps?q=24.5438456,81.3060315
store_002919,"Reliance Digital- RRL CDIT Hanumakonda Warangal","Warangal",18.0045627,79.5629362,https://www.google.com/maps?q=18.0045627,79.5629362
store_002921,"Reliance Digital- RRL CDIT BM Road","Kushalnagar",12.4558577,75.9580951,https://www.google.com/maps?q=12.4558577,75.9580951
store_002948,"Reliance Digital- Theni Tamilnadu","Theni",10.0207583,77.4799469,https://www.google.com/maps?q=10.0207583,77.4799469
store_002946,"Reliance Digital- RRL CDIT- Pacific Ma","Faridabad",28.386974,77.2989655,https://www.google.com/maps?q=28.386974,77.2989655
store_002947,"Reliance Digital- RRL CDIT Mahaboobnagar","Mahbubnagar",16.7470648,77.9876645,https://www.google.com/maps?q=16.7470648,77.9876645
store_002920,"Reliance Digital- RRL D Xpress Anna Nagar Madura","Madurai",9.9189012,78.14857119999999,https://www.google.com/maps?q=9.9189012,78.14857119999999
store_002926,"Reliance Digital- RRL CDIT-Tapadia Cit","Amravati",20.900786,77.7481789,https://www.google.com/maps?q=20.900786,77.7481789
store_002922,"Reliance Digital- RRL CDIT Garvebhavipalya Hosu","Bangalore",12.8969869,77.6352007,https://www.google.com/maps?q=12.8969869,77.6352007
store_002925,"Reliance Digital- RRL CDIT Jayendra Ganj Gwalior","Gwalior",26.2015394,78.16176159999999,https://www.google.com/maps?q=26.2015394,78.16176159999999
store_002924,"Reliance Digital- RRL CDIT Avinashi Road Coimba","Coimbatore",11.0181722,76.99066839999999,https://www.google.com/maps?q=11.0181722,76.99066839999999
store_002923,"Reliance Digital- RRL CDIT Near Chennai Silks","Hosur",12.7483683,77.8074508,https://www.google.com/maps?q=12.7483683,77.8074508
store_002927,"Reliance Digital- RRL CDIT Reach Aria Mall Gurga","Gurgaon",28.3823225,77.05202,https://www.google.com/maps?q=28.3823225,77.05202
store_002929,"Reliance Digital- RRLCDIT- MII Square","Raipur",21.237825,81.67158859999999,https://www.google.com/maps?q=21.237825,81.67158859999999
store_002930,"Reliance Digital- RRL CDIT- Madhyamgra","Kolkata",22.6926129,88.46427949999999,https://www.google.com/maps?q=22.6926129,88.46427949999999
store_002928,"Reliance Digital- RRL CDIT shelar Park Khadapada","Mumbai",19.253141,73.1375517,https://www.google.com/maps?q=19.253141,73.1375517
store_002931,"Reliance Digital- RRL CDIT Tarabai Park","Kolhapur",16.7161986,74.24088909999999,https://www.google.com/maps?q=16.7161986,74.24088909999999
store_002979,"Reliance Digital- RRL CDIT Civil Hospital Road","Tezpur",26.6302334,92.7970308,https://www.google.com/maps?q=26.6302334,92.7970308
store_002950,"Reliance Digital- RRL CDIT KM Road Chickmagaluru","Chickmangaluru",13.3249822,75.7730658,https://www.google.com/maps?q=13.3249822,75.7730658
store_002953,"Reliance Digital- RRL CDIT Genesis Mall","Bhiwadi",28.1917037,76.8136541,https://www.google.com/maps?q=28.1917037,76.8136541
store_002949,"Reliance Digital- RRL CDIT- Ashtapad","Nashik",19.9285314,73.8332494,https://www.google.com/maps?q=19.9285314,73.8332494
store_002951,"Reliance Digital- RRL CDIT- Sipri Road","Jhansi",25.4488798,78.5682033,https://www.google.com/maps?q=25.4488798,78.5682033
store_002954,"Reliance Digital- RRL CDIT Forum Rangoli","Howrah",22.6241258,88.3536144,https://www.google.com/maps?q=22.6241258,88.3536144
store_002977,"Reliance Digital- RRL CDIT BERHUMPUR","Berhampur",19.31391,84.78683280000001,https://www.google.com/maps?q=19.31391,84.78683280000001
store_002978,"Reliance Digital- Sankar Cine Angul OD","Anugul",20.8379462,85.08870519999999,https://www.google.com/maps?q=20.8379462,85.08870519999999
store_002955,"Reliance Digital- RRL CDIT- Indrapuri","Bhopal",23.250215,77.4668774,https://www.google.com/maps?q=23.250215,77.4668774
store_002952,"Reliance Digital- RRL CDIT Wakad Pune","Pune",18.5910192,73.76649669999999,https://www.google.com/maps?q=18.5910192,73.76649669999999
store_002982,"Reliance Digital- RRL CDIT SFC Mall Sangli Sto","Sangli",16.8604214,74.569846,https://www.google.com/maps?q=16.8604214,74.569846
store_002985,"Reliance Digital- RRLCDIT Riddhi Arcad","Mumbai",19.1385361,72.8322479,https://www.google.com/maps?q=19.1385361,72.8322479
store_002956,"Reliance Digital- RRL CDIT Western Express High","Mumbai",19.1385361,72.8322479,https://www.google.com/maps?q=19.1385361,72.8322479
store_002981,"Reliance Digital- Nagarbhavi Bangalore","Bangalore",12.96116,77.5099975,https://www.google.com/maps?q=12.96116,77.5099975
store_002957,"Reliance Digital- RRL CDIT- Sanagaredd","Sangareddy",17.6037717,78.0840176,https://www.google.com/maps?q=17.6037717,78.0840176
store_002980,"Reliance Digital- RRL CDIT Shivdhari","Ambikapur",23.1182271,83.1929555,https://www.google.com/maps?q=23.1182271,83.1929555
store_002988,"Reliance Digital- RRL CDIT Avenue Plaza Pimple","Pune",18.5996622,73.7924116,https://www.google.com/maps?q=18.5996622,73.7924116
store_002958,"Reliance Digital- RRL CDIT Sawan Life Style","Mumbai",19.0425175,73.077145,https://www.google.com/maps?q=19.0425175,73.077145
store_002987,"Reliance Digital- RRL CDIT Gami Reaga","Mumbai",19.1385361,72.8322479,https://www.google.com/maps?q=19.1385361,72.8322479
store_002959,"Reliance Digital- RRL CDIT Old BH Rd Nelamangala","Bangalore",13.0913658,77.4078552,https://www.google.com/maps?q=13.0913658,77.4078552
store_002983,"Reliance Digital- Nanital Rd Haldwani","Haldwani",29.2393563,79.5340248,https://www.google.com/maps?q=29.2393563,79.5340248
store_002984,"Reliance Digital- RRL CDIT Vinpalace Ring Road","Lucknow",26.90451,80.96120239999999,https://www.google.com/maps?q=26.90451,80.96120239999999
store_002986,"Reliance Digital- RRL CDIT- Toran Gard","Indore",22.741611,75.892524,https://www.google.com/maps?q=22.741611,75.892524
store_002989,"Reliance Digital- RRL CDIT Sarbahal Road Jharsu","Jharsuguda",21.846674,84.0128585,https://www.google.com/maps?q=21.846674,84.0128585
store_002993,"Reliance Digital- RRL CDIT Prozone Mall Coimbato","Coimbatore",11.0555796,76.9939902,https://www.google.com/maps?q=11.0555796,76.9939902
store_002990,"Reliance Digital- RRL CDIT Bawa Tanna Road Sone","Sonepat",28.9967954,77.0267229,https://www.google.com/maps?q=28.9967954,77.0267229
store_002992,"Reliance Digital- RRL CDIT Satature Dh","Pune",18.526891,73.876189,https://www.google.com/maps?q=18.526891,73.876189
store_002960,"Reliance Digital- RRL CDIT Nacharam Hyderabad","Hyderabad",17.430344,78.5533353,https://www.google.com/maps?q=17.430344,78.5533353
store_002962,"Reliance Digital- RRL CDIT Coastal Castle Bheem","Bheemavaram",16.5470813,81.517218,https://www.google.com/maps?q=16.5470813,81.517218
store_002991,"Reliance Digital- RRL CDIT- MTH Road","Chennai",13.099121,80.1835328,https://www.google.com/maps?q=13.099121,80.1835328
store_002961,"Reliance Digital- RRL CDIT LB Nagar Kothapet Hy","Hyderabad",17.3680388,78.5396485,https://www.google.com/maps?q=17.3680388,78.5396485
store_002994,"Reliance Digital- RRL CDITBangalore Ro","Krishnagiri",12.522694,78.218722,https://www.google.com/maps?q=12.522694,78.218722
store_002997,"Reliance Digital- RRL CDIT City Mall Kota Store","Kota",25.1371098,75.85506699999999,https://www.google.com/maps?q=25.1371098,75.85506699999999
store_002995,"Reliance Digital- PKS Town Central, Noida NCR","Greater Noida",28.4890389,77.5149904,https://www.google.com/maps?q=28.4890389,77.5149904
store_002963,"Reliance Digital- RRL CDIT City Centre Jodhp","Jodhpur",26.280446,73.0192917,https://www.google.com/maps?q=26.280446,73.0192917
store_002998,"Reliance Digital- RRL CDIT-Naka Paharg","Ayodhya",26.7592187,82.13994439999999,https://www.google.com/maps?q=26.7592187,82.13994439999999
store_002996,"Reliance Digital- RIL - DLF Cyber Hub Gurugram","Gurgaon",28.4946232,77.0876464,https://www.google.com/maps?q=28.4946232,77.0876464
store_002966,"Reliance Digital- RRL CDIT Bokaro Mall Bokaro","BOKARO STEEL CITY",23.6645794,86.1474219,https://www.google.com/maps?q=23.6645794,86.1474219
store_002964,"Reliance Digital- RRL CDIT Sambalpur","Sambalpur",21.4907518,83.98526939999999,https://www.google.com/maps?q=21.4907518,83.98526939999999
store_002965,"Reliance Digital- RRL CDIT YST MALL khammam","Khammam",17.2514764,80.1479896,https://www.google.com/maps?q=17.2514764,80.1479896
store_002967,"Reliance Digital- RRL CDIT Mancotta Road Dibruga","Dibrugarh",27.4716977,94.91295079999999,https://www.google.com/maps?q=27.4716977,94.91295079999999
store_002975,"Reliance Digital- RRL CDIT Asian Sridevi Mall Ha","WARANGAL",18.0045627,79.5629362,https://www.google.com/maps?q=18.0045627,79.5629362
store_002971,"Reliance Digital- RRL CDIT Hosur Road Bangalore","Bangalore",12.8969869,77.6352007,https://www.google.com/maps?q=12.8969869,77.6352007
store_002970,"Reliance Digital- RRL CDIT New BEL Road Bangalor","Bangalore",13.0318242,77.569766,https://www.google.com/maps?q=13.0318242,77.569766
store_002973,"Reliance Digital- Mansarova Rohtak HR","Rohtak",28.8942711,76.597745,https://www.google.com/maps?q=28.8942711,76.597745
store_002968,"Reliance Digital- RRL CDIT Baruipur","Kolkata",22.37335,88.42474750000001,https://www.google.com/maps?q=22.37335,88.42474750000001
store_002974,"Reliance Digital- RRL CDIT Kalwar Road","Jaipur",26.9440954,75.744194,https://www.google.com/maps?q=26.9440954,75.744194
store_002972,"Reliance Digital- RRL CDIT One word Hi","Himmatnagar",23.581698,72.963696,https://www.google.com/maps?q=23.581698,72.963696
store_002976,"Reliance Digital- RRL CDIT Sundergarh","Sundergarh",22.1198361,84.037452,https://www.google.com/maps?q=22.1198361,84.037452
store_002969,"Reliance Digital- RRL CDIT Avadi Chennai","Chennai",13.114786,80.103098,https://www.google.com/maps?q=13.114786,80.103098
store_002999,"Reliance Digital- RRL CDIT Kachiguda Hyderabad","Hyderabad",17.3903446,78.4904574,https://www.google.com/maps?q=17.3903446,78.4904574
store_003021,"Reliance Digital- RRL CDIT BR Ambekar Road Civi","Belgaum",15.8717063,74.5120314,https://www.google.com/maps?q=15.8717063,74.5120314
store_003022,"Reliance Digital- RRL CDIT Model town","Jalandhar",31.3136092,75.57888799999999,https://www.google.com/maps?q=31.3136092,75.57888799999999
store_003015,"Reliance Digital- RRL CDIT Arya Nagar Jwalapur","Haridwar",29.9234418,78.117464,https://www.google.com/maps?q=29.9234418,78.117464
store_003014,"Reliance Digital- RRL CDIT VIKASPURI","Delhi",28.6316612,77.068194,https://www.google.com/maps?q=28.6316612,77.068194
store_003023,"Reliance Digital- RRL CDIT Thudiyulur","COIMBATORE",11.0744675,76.9415097,https://www.google.com/maps?q=11.0744675,76.9415097
store_003000,"Reliance Digital- RRL CDIT RUPAM TOWER Kankerbag","Patna",25.6036095,85.15451759999999,https://www.google.com/maps?q=25.6036095,85.15451759999999
store_003024,"Reliance Digital- RRL CDIT Asian Vaish","Hyderabad",17.3903446,78.4904574,https://www.google.com/maps?q=17.3903446,78.4904574
store_003016,"Reliance Digital- RRL CDIT BMG Mall Rewari","Rewari",28.1950063,76.6210127,https://www.google.com/maps?q=28.1950063,76.6210127
store_003001,"Reliance Digital- RRL CDIT Miryalguda","Miryalguda",16.8663205,79.558436,https://www.google.com/maps?q=16.8663205,79.558436
store_003002,"Reliance Digital- RRL CDIT-Palledium A","Ahmedabad",23.0574796,72.5208925,https://www.google.com/maps?q=23.0574796,72.5208925
store_003029,"Reliance Digital- RRL CDIT Mohali City","Mohali",30.6359544,76.7607115,https://www.google.com/maps?q=30.6359544,76.7607115
store_003017,"Reliance Digital- RRL CDIT- Uttam Talk","Ichalkaranji",16.6786208,74.4657759,https://www.google.com/maps?q=16.6786208,74.4657759
store_003031,"Reliance Digital- RRL CDIT India Expo","NOIDA",28.457496,77.49909099999999,https://www.google.com/maps?q=28.457496,77.49909099999999
store_003027,"Reliance Digital- Bellary Karnataka","Bellary",15.1531055,76.9060228,https://www.google.com/maps?q=15.1531055,76.9060228
store_003026,"Reliance Digital- RRL CDIT Charbhuja Nagar Chitt","Chittogarh",24.8857049,74.6331426,https://www.google.com/maps?q=24.8857049,74.6331426
store_003028,"Reliance Digital- RRL CDIT Raigunj","Raiganj",25.627351,88.13081100000001,https://www.google.com/maps?q=25.627351,88.13081100000001
store_003019,"Reliance Digital- RRL CDIT GT Road Asansol","Asansol",23.6822338,86.98550499999999,https://www.google.com/maps?q=23.6822338,86.98550499999999
store_003033,"Reliance Digital- RRL CDIT Panchkula","Panchkula",30.6950253,76.8498911,https://www.google.com/maps?q=30.6950253,76.8498911
store_003003,"Reliance Digital- RRL CDIT Jalahalli Bangalore","Bangalore",13.0443598,77.510222,https://www.google.com/maps?q=13.0443598,77.510222
store_003005,"Reliance Digital- RRL CDIT Station Roa","Bharuch",21.703676,72.9966731,https://www.google.com/maps?q=21.703676,72.9966731
store_003030,"Reliance Digital- RRL CDIT 1 635 Janakpuri New D","Delhi",28.6319867,77.0847234,https://www.google.com/maps?q=28.6319867,77.0847234
store_003018,"Reliance Digital- RRL CDIT Pride Icon Hubli","Hubli",15.350263,75.11246009999999,https://www.google.com/maps?q=15.350263,75.11246009999999
store_003025,"Reliance Digital- Sabde Tower Latur","Latur",18.3903027,76.5609089,https://www.google.com/maps?q=18.3903027,76.5609089
store_003004,"Reliance Digital- Ring Road Rajkot GJ","Rajkot",22.2792833,70.777456,https://www.google.com/maps?q=22.2792833,70.777456
store_003035,"Reliance Digital- Orion Avenue Mall","Bangalore",13.001282,77.63266100000001,https://www.google.com/maps?q=13.001282,77.63266100000001
store_003006,"Reliance Digital- RRL CDIT Kumaran Road","Tirupur",11.1037564,77.3457098,https://www.google.com/maps?q=11.1037564,77.3457098
store_003034,"Reliance Digital- RRL CDIT Zirakapur","Zirakpur",30.6392032,76.82246649999999,https://www.google.com/maps?q=30.6392032,76.82246649999999
store_003020,"Reliance Digital- RRL CDIT Sugam Sudh","Kolkata",22.451754,88.389656,https://www.google.com/maps?q=22.451754,88.389656
store_003041,"Reliance Digital- RRL CDIT Babunia Road siwan","Siwan",26.2137757,84.362179,https://www.google.com/maps?q=26.2137757,84.362179
store_003032,"Reliance Digital- RRL CDIT Shreeji Arcade Surat","Surat",21.1938358,72.7982942,https://www.google.com/maps?q=21.1938358,72.7982942
store_003036,"Reliance Digital- RRL CDIT Hassan","Hassan",13.002394,76.0989073,https://www.google.com/maps?q=13.002394,76.0989073
store_003007,"Reliance Digital- RRL CDIT Saraf Complex Wardha","Wardha",20.7390848,78.6018133,https://www.google.com/maps?q=20.7390848,78.6018133
store_003038,"Reliance Digital- RRL CDIT Nandanvan","NAGPUR",21.1348527,79.119297,https://www.google.com/maps?q=21.1348527,79.119297
store_003040,"Reliance Digital- RRL CDIT Vanasthalipuram Hyder","Hyderabad",17.3376128,78.5722586,https://www.google.com/maps?q=17.3376128,78.5722586
store_003042,"Reliance Digital- RRL CDIT Bargarh","Bargarh",21.342907,83.61150099999999,https://www.google.com/maps?q=21.342907,83.61150099999999
store_003045,"Reliance Digital- RRL CDIT The Rise Pratap nagar","Jaipur",26.8030159,75.8096087,https://www.google.com/maps?q=26.8030159,75.8096087
store_003037,"Reliance Digital- GT Road, DVC More, Bardhaman","Bardhaman",23.2413074,87.8682472,https://www.google.com/maps?q=23.2413074,87.8682472
store_003039,"Reliance Digital- RRL CDIT Coochbehar","Cooch Behar",26.3285894,89.4466327,https://www.google.com/maps?q=26.3285894,89.4466327
store_003044,"Reliance Digital- RRL CDIT Bapuji Naga","BHUBANESHWAR",20.2565404,85.8331063,https://www.google.com/maps?q=20.2565404,85.8331063
store_003043,"Reliance Digital- RRL CDIT Mahmoorganj Varanasi","Varanasi",25.3106262,82.9894952,https://www.google.com/maps?q=25.3106262,82.9894952
store_003008,"Reliance Digital- RRL CDIT-Bettiah","Betiah",26.804185,84.521906,https://www.google.com/maps?q=26.804185,84.521906
store_003046,"Reliance Digital- RRL CDIT Bunglow Road Kamla Na","Delhi",28.6839135,77.2044851,https://www.google.com/maps?q=28.6839135,77.2044851
store_003047,"Reliance Digital- RRL CDIT Mutyalareddypalle T","Tirupati",13.6221052,79.4121294,https://www.google.com/maps?q=13.6221052,79.4121294
store_003011,"Reliance Digital- RRL CDIT M G Road Vijaywada","VIJAYAWADA",16.4997798,80.6455725,https://www.google.com/maps?q=16.4997798,80.6455725
store_003010,"Reliance Digital- BB-PUNE-AMANORA PARK","Pune",18.5187325,73.9362118,https://www.google.com/maps?q=18.5187325,73.9362118
store_003048,"Reliance Digital- RRL CDIT Maruti Solaris","Anand",22.5417406,72.9471844,https://www.google.com/maps?q=22.5417406,72.9471844
store_003012,"Reliance Digital- RRL CDIT Tumkur Karnataka","Tumkur",13.3381014,77.1048435,https://www.google.com/maps?q=13.3381014,77.1048435
store_003009,"Reliance Digital- Badambadi","CUTTACK",20.4521058,85.8920773,https://www.google.com/maps?q=20.4521058,85.8920773
store_003013,"Reliance Digital- RRL CDIT SRMT Mall","Kakinada",16.9970587,82.2461251,https://www.google.com/maps?q=16.9970587,82.2461251
store_003050,"Reliance Digital- RRL CDIT Budhavarapupeta Kurn","Kurnool",15.8246575,78.04070229999999,https://www.google.com/maps?q=15.8246575,78.04070229999999
store_003049,"Reliance Digital- RRL CDIT Salai Road","Trichy",10.827189,78.6843772,https://www.google.com/maps?q=10.827189,78.6843772
store_003053,"Reliance Digital- RRL CDIT-4 Road Junc","Salem",11.6630967,78.1474332,https://www.google.com/maps?q=11.6630967,78.1474332
store_003052,"Reliance Digital- RRL CDIT Adilabad","Adilabad",19.6585622,78.52394939999999,https://www.google.com/maps?q=19.6585622,78.52394939999999
store_003054,"Reliance Digital- RRL CDIT- Venus Nehr","Ahmedabad",23.0223698,72.5378796,https://www.google.com/maps?q=23.0223698,72.5378796
store_003051,"Reliance Digital- RRL CDIT Prestige Feroze Banga","Bangalore",12.9887938,77.592863,https://www.google.com/maps?q=12.9887938,77.592863
store_003077,"Reliance Digital- RRL CDIT PUDA JALANDHAR","Jalandhar",31.30671,75.592733,https://www.google.com/maps?q=31.30671,75.592733
store_003078,"Reliance Digital- RRL CDIT- E Boring C","Patna",25.6217535,85.12378079999999,https://www.google.com/maps?q=25.6217535,85.12378079999999
store_003079,"Reliance Digital- RRL CDIT- Manipal Ro","Udupi",13.3457947,74.7534653,https://www.google.com/maps?q=13.3457947,74.7534653
store_003080,"Reliance Digital- RRL CDIT Southern Park Mall sa","Delhi",28.5281255,77.21914509999999,https://www.google.com/maps?q=28.5281255,77.21914509999999
store_003092,"Reliance Digital- RRL CDIT Laxmipuram Guntur","Guntur",16.3092341,80.4316833,https://www.google.com/maps?q=16.3092341,80.4316833
store_003081,"Reliance Digital- RRL CDIT Chapaguri Road Bongai","Bongaigaon",26.4811277,90.5546827,https://www.google.com/maps?q=26.4811277,90.5546827
store_003083,"Reliance Digital- RRL CDIT Maharaja Hall Mumbai","Mumbai",19.2796589,72.8778854,https://www.google.com/maps?q=19.2796589,72.8778854
store_003093,"Reliance Digital- Miyapur","Hyderabad",17.4962534,78.3586983,https://www.google.com/maps?q=17.4962534,78.3586983
store_003055,"Reliance Digital- RRL CDIT Rani bazaar","Bikaner",28.00918,73.3188667,https://www.google.com/maps?q=28.00918,73.3188667
store_003056,"Reliance Digital- RRL CDIT DARBHANGA","Darbhanga",26.1571303,85.90103529999999,https://www.google.com/maps?q=26.1571303,85.90103529999999
store_003095,"Reliance Digital- RRL CDIT Ashok Pillar Chennai","Chennai",13.0353315,80.21245139999999,https://www.google.com/maps?q=13.0353315,80.21245139999999
store_003057,"Reliance Digital- RRL CDIT Nexus 4 Nadiad","Nadiad",22.6738522,72.8842186,https://www.google.com/maps?q=22.6738522,72.8842186
store_003084,"Reliance Digital- Mancherial Telengana","Mancherial",18.8619628,79.4642325,https://www.google.com/maps?q=18.8619628,79.4642325
store_003082,"Reliance Digital- BB-NAVI MUMBAI-SEAWO","Mumbai",19.0653145,72.99943189999999,https://www.google.com/maps?q=19.0653145,72.99943189999999
store_003091,"Reliance Digital- TS Unity Rohini NCR","Delhi",28.714782,77.116171,https://www.google.com/maps?q=28.714782,77.116171
store_003086,"Reliance Digital- Rajkumar Road","Mysore",12.316102,76.69166100000001,https://www.google.com/maps?q=12.316102,76.69166100000001
store_003058,"Reliance Digital- RRL CDIT Moosarambagh Dilsukh","Hyderabad",17.368973,78.5217969,https://www.google.com/maps?q=17.368973,78.5217969
store_003098,"Reliance Digital- RRL CDIT Acme Mall Mumbai","Mumbai",19.0887679,72.83808499999999,https://www.google.com/maps?q=19.0887679,72.83808499999999
store_003096,"Reliance Digital- Suryapet Telangana","Suryapet",17.1549255,79.6247535,https://www.google.com/maps?q=17.1549255,79.6247535
store_003059,"Reliance Digital- RRL CDIT RN Tagore Road Berha","Murshidabad",24.0955768,88.2547805,https://www.google.com/maps?q=24.0955768,88.2547805
store_003060,"Reliance Digital- RRL CDIT-Durg-Indira","Durg",21.191369,81.2814131,https://www.google.com/maps?q=21.191369,81.2814131
store_003085,"Reliance Digital- RRL CDIT Thakker Baz","Dhule",20.9164837,74.77723019999999,https://www.google.com/maps?q=20.9164837,74.77723019999999
store_003097,"Reliance Digital- RRL CDIT VIP Road Puri","Puri",19.8085342,85.83282679999999,https://www.google.com/maps?q=19.8085342,85.83282679999999
store_003087,"Reliance Digital- RRL CDIT Srirampore","Sreerampore",22.7429488,88.3499264,https://www.google.com/maps?q=22.7429488,88.3499264
store_003064,"Reliance Digital- RRL CDIT D B Gupta Road","Delhi",28.6557031,77.1876807,https://www.google.com/maps?q=28.6557031,77.1876807
store_003088,"Reliance Digital- Gaddi Cmplx Gadag KA","Gadag",15.4204134,75.62224049999999,https://www.google.com/maps?q=15.4204134,75.62224049999999
store_003094,"Reliance Digital- RRL CDIT Khammam AP","Khammam",17.2516078,80.1655943,https://www.google.com/maps?q=17.2516078,80.1655943
store_003063,"Reliance Digital- RRL CDIT Vivekanandpuri Karimn","Karimnagar",18.4557836,79.1179745,https://www.google.com/maps?q=18.4557836,79.1179745
store_003061,"Reliance Digital- CDIT-South Main stre","Thanjavur",10.788008,79.13531259999999,https://www.google.com/maps?q=10.788008,79.13531259999999
store_003062,"Reliance Digital- RRLCDIT Adoni Kurnool Dist","Kurnool",15.6296469,77.2826413,https://www.google.com/maps?q=15.6296469,77.2826413
store_003089,"Reliance Digital- RRL D Xpress Mylapore Chennai","Chennai",13.0384514,80.2681118,https://www.google.com/maps?q=13.0384514,80.2681118
store_003090,"Reliance Digital- RRL CDIT Vellore Main Road Ka","Katpadi",12.9623102,79.1374305,https://www.google.com/maps?q=12.9623102,79.1374305
store_003066,"Reliance Digital- RRL CDIT Panipat","Panipat",29.3911589,76.9696912,https://www.google.com/maps?q=29.3911589,76.9696912
store_003071,"Reliance Digital- RRL CDIT LEPL Centro Vijayawa","VIJAYAWADA",16.4997798,80.6455725,https://www.google.com/maps?q=16.4997798,80.6455725
store_003065,"Reliance Digital- RRL CDIT Punjabi Bag","DELHI",28.6663206,77.1262143,https://www.google.com/maps?q=28.6663206,77.1262143
store_003069,"Reliance Digital- RRL CDIT Bhilwara","Bhilwara",25.3356565,74.63048719999999,https://www.google.com/maps?q=25.3356565,74.63048719999999
store_003068,"Reliance Digital- RRL Digital Vikrampuri Hydera","Hyderabad",17.455368,78.4987699,https://www.google.com/maps?q=17.455368,78.4987699
store_003067,"Reliance Digital- RRL CDIT Rewa Satna","Satna",24.572558,80.844167,https://www.google.com/maps?q=24.572558,80.844167
store_003072,"Reliance Digital- RRL CDIT - PuduPalay","Cuddalore",11.7498202,79.7610194,https://www.google.com/maps?q=11.7498202,79.7610194
store_003075,"Reliance Digital- RRL CDIT-Stattion Ro","Bagalkot",16.183711,75.70092799999999,https://www.google.com/maps?q=16.183711,75.70092799999999
store_003070,"Reliance Digital- RRL CDIT Radharani Para Balang","Balangir",20.7056146,83.492043,https://www.google.com/maps?q=20.7056146,83.492043
store_003073,"Reliance Digital- RRL CDIT- Sharan Cir","Ahmedabad",23.1303083,72.58419630000002,https://www.google.com/maps?q=23.1303083,72.58419630000002
store_003076,"Reliance Digital- RRL CDIT Crystal Mall Jamnagar","Jamnagar",22.4713972,70.0490457,https://www.google.com/maps?q=22.4713972,70.0490457
store_003074,"Reliance Digital- RRL CDIT Court Road Saharanpur","Saharanpur",29.95457459999999,77.54708529999999,https://www.google.com/maps?q=29.95457459999999,77.54708529999999
store_003102,"Reliance Digital- Tadepalli Vijaywada","VIJAYAWADA",16.4714803,80.6158255,https://www.google.com/maps?q=16.4714803,80.6158255
store_003100,"Reliance Digital- RRL CDIT Valasarawakkam Chenna","Chennai",13.0420346,80.18017859999999,https://www.google.com/maps?q=13.0420346,80.18017859999999
store_003099,"Reliance Digital- RRL CDIT-Old Jewargi","Gulbarga",17.3097174,76.8187052,https://www.google.com/maps?q=17.3097174,76.8187052
store_003104,"Reliance Digital- RRL CDIT Mandya","Mandya",12.5272824,76.8850629,https://www.google.com/maps?q=12.5272824,76.8850629
store_003105,"Reliance Digital- RRL CDIT-Karimnagar","Karimnagar",18.427088,79.1353423,https://www.google.com/maps?q=18.427088,79.1353423
store_003106,"Reliance Digital- RRL CDIT Shahadat P","Mau",28.5671958,77.32089359999999,https://www.google.com/maps?q=28.5671958,77.32089359999999
store_003128,"Reliance Digital- RRL CDIT Tambaram","Chennai",12.9286921,80.1144132,https://www.google.com/maps?q=12.9286921,80.1144132
store_003129,"Reliance Digital- RRL CDIT Jakotia Complex Waran","Warangal",17.9891944,79.5998678,https://www.google.com/maps?q=17.9891944,79.5998678
store_003101,"Reliance Digital- RRL CDIT Guntakal","Guntakal",15.1600627,77.3794571,https://www.google.com/maps?q=15.1600627,77.3794571
store_003107,"Reliance Digital- RRL CDIT- Gulmohar P","Satara",17.6866554,74.0215582,https://www.google.com/maps?q=17.6866554,74.0215582
store_003130,"Reliance Digital- RRL CDIT Abhi Towers Tirupati","Tirupati",13.6273733,79.4292916,https://www.google.com/maps?q=13.6273733,79.4292916
store_003134,"Reliance Digital- RRL CDIT A 69 Indore","Indore",22.741611,75.892524,https://www.google.com/maps?q=22.741611,75.892524
store_003109,"Reliance Digital- Gorakhpur Road","Deoria",26.4918938,83.779654,https://www.google.com/maps?q=26.4918938,83.779654
store_003103,"Reliance Digital- RRL CDIT Lakhimpur K","Lakhimpur",27.9341517,80.7888893,https://www.google.com/maps?q=27.9341517,80.7888893
store_003133,"Reliance Digital- RRL CDIT CITY CENTRE","Bhagalpur",25.2369054,86.97423669999999,https://www.google.com/maps?q=25.2369054,86.97423669999999
store_003135,"Reliance Digital- Raghabpur Purulia WB","Purulia",23.3427871,86.359286,https://www.google.com/maps?q=23.3427871,86.359286
store_003132,"Reliance Digital- RRL CDIT Tagore Road Krishnnag","Krishnanagar",23.4055321,88.4984234,https://www.google.com/maps?q=23.4055321,88.4984234
store_003131,"Reliance Digital- RRL CDIT Sky City Ma","Mumbai",19.2244108,72.8630989,https://www.google.com/maps?q=19.2244108,72.8630989
store_003108,"Reliance Digital- CDIT-Bhuteshwar","Mathura",27.4936684,77.67264829999999,https://www.google.com/maps?q=27.4936684,77.67264829999999
store_003110,"Reliance Digital- RRL CDIT in CnC Advance Mills","Ahmedabad",23.0574796,72.5208925,https://www.google.com/maps?q=23.0574796,72.5208925
store_003137,"Reliance Digital- RRL CDIT Leela Mahal Centre","Tirupati",13.6403428,79.42777459999999,https://www.google.com/maps?q=13.6403428,79.42777459999999
store_003138,"Reliance Digital- RRL CDIT-Samrala Cho","Ludhiana",30.9101396,75.88222069999999,https://www.google.com/maps?q=30.9101396,75.88222069999999
store_003139,"Reliance Digital- RRL CDIT 93 Avenue Pune","Pune",18.505876,73.9067132,https://www.google.com/maps?q=18.505876,73.9067132
store_003140,"Reliance Digital- RRL CDIT Karnal","Karnal",29.6922507,76.9929674,https://www.google.com/maps?q=29.6922507,76.9929674
store_003136,"Reliance Digital- RRL CDIT Nisha Bafna Plaza Jal","Aurangabad",19.8765161,75.3423554,https://www.google.com/maps?q=19.8765161,75.3423554
store_003112,"Reliance Digital- Hayatnagar","Hyderabad",17.3275708,78.6005641,https://www.google.com/maps?q=17.3275708,78.6005641
store_003141,"Reliance Digital- RRL CDIT Garkheda Aurangabad","Aurangabad",19.8658242,75.349739,https://www.google.com/maps?q=19.8658242,75.349739
store_003111,"Reliance Digital- RRL CDIT OT Road Inda Kharagpu","Kharagpur",22.3615686,87.3386314,https://www.google.com/maps?q=22.3615686,87.3386314
store_003142,"Reliance Digital- RRL CDIT Gyan Babu Chowk Moti","Motihari",26.6601698,84.915954,https://www.google.com/maps?q=26.6601698,84.915954
store_003113,"Reliance Digital- RRL CDIT Bharatpur Rajasthan","Bharatpur",27.2140532,77.5037273,https://www.google.com/maps?q=27.2140532,77.5037273
store_003114,"Reliance Digital- RRL CDIT Court Road","Mangalore",12.8709568,74.84236899999999,https://www.google.com/maps?q=12.8709568,74.84236899999999
store_003143,"Reliance Digital- RRLCDITNew Blue Ear","Srikakulam",18.3060537,83.8952789,https://www.google.com/maps?q=18.3060537,83.8952789
store_003145,"Reliance Digital- RRL CDIT-Naihati","Kolkata",22.8919888,88.4191458,https://www.google.com/maps?q=22.8919888,88.4191458
store_003144,"Reliance Digital- RRL CDIT-Awas Vikas","Kanpur",26.4856549,80.2729998,https://www.google.com/maps?q=26.4856549,80.2729998
store_003115,"Reliance Digital- RRL CDIT Ayushman Plaza","Ahmedabad",23.0784433,72.6733246,https://www.google.com/maps?q=23.0784433,72.6733246
store_003147,"Reliance Digital- RRL CDIT Enikepadu Vijayawada","VIJAYAWADA",16.5199985,80.6943579,https://www.google.com/maps?q=16.5199985,80.6943579
store_003146,"Reliance Digital- RRL CDIT Perumbakkam","Chennai",12.9093762,80.19717370000001,https://www.google.com/maps?q=12.9093762,80.19717370000001
store_003120,"Reliance Digital- RRL CDIT- Makroniya","Sagar",23.852661,78.79270199999999,https://www.google.com/maps?q=23.852661,78.79270199999999
store_003119,"Reliance Digital- RRL CDIT Kolar","Kolar",13.140001,78.130001,https://www.google.com/maps?q=13.140001,78.130001
store_003148,"Reliance Digital- RRL CDIT Bhavanipuram","VIJAYAWADA",16.5387791,80.59803629999999,https://www.google.com/maps?q=16.5387791,80.59803629999999
store_003118,"Reliance Digital- RRL CDIT- GT Road Gu","Kanpur",26.4725901,80.313411,https://www.google.com/maps?q=26.4725901,80.313411
store_003116,"Reliance Digital- Dhimarapur Road","Raigarh",21.905401,83.392101,https://www.google.com/maps?q=21.905401,83.392101
store_003117,"Reliance Digital- RRL CDIT Tollichowki hyd","Hyderabad",17.4051569,78.4062155,https://www.google.com/maps?q=17.4051569,78.4062155
store_003125,"Reliance Digital- RRL CDIT Imperial Sangamner","Sangamner",19.5791432,74.2056039,https://www.google.com/maps?q=19.5791432,74.2056039
store_003121,"Reliance Digital- RRL CDIT R City Mall Ghatkopa","Mumbai",19.0998634,72.9172616,https://www.google.com/maps?q=19.0998634,72.9172616
store_003127,"Reliance Digital- RRL CDIT JR Mall Armoor","Armoor",18.7884127,78.29164469999999,https://www.google.com/maps?q=18.7884127,78.29164469999999
store_003126,"Reliance Digital- RRL CDIT Nizamabad","Nizamabad",18.6648127,78.1091405,https://www.google.com/maps?q=18.6648127,78.1091405
store_003122,"Reliance Digital- RRL CDIT-Shreeji Bus","Miraj",16.8219593,74.6435492,https://www.google.com/maps?q=16.8219593,74.6435492
store_003124,"Reliance Digital- RRL CDIT GSRTC Ahemdabad","Ahmedabad",23.0681912,72.5758735,https://www.google.com/maps?q=23.0681912,72.5758735
store_003123,"Reliance Digital- RRL CDIT Dumdum Road","Kolkata",22.6220743,88.4061306,https://www.google.com/maps?q=22.6220743,88.4061306
store_003151,"Reliance Digital- RRL CDIT Gopalpatnam","VISAKHAPATNAM",17.7441007,83.22679,https://www.google.com/maps?q=17.7441007,83.22679
store_003153,"Reliance Digital- KRANTI HOTEL","Samastipur",25.8545947,85.77535739999999,https://www.google.com/maps?q=25.8545947,85.77535739999999
store_003152,"Reliance Digital- RRL CDIT Uttarapara","Uttarpara",22.6739665,88.3517978,https://www.google.com/maps?q=22.6739665,88.3517978
store_003156,"Reliance Digital- RRL CDIT H 1 Model Town 3","Delhi",28.7066494,77.184349,https://www.google.com/maps?q=28.7066494,77.184349
store_003149,"Reliance Digital- RRL CDIT Jubilee Road Tadepal","Tadepallegudem",16.8115494,81.526528,https://www.google.com/maps?q=16.8115494,81.526528
store_003154,"Reliance Digital- RRL CDIT Vellore Road Thiruvan","Thiruvannamalai",12.2507082,79.0704076,https://www.google.com/maps?q=12.2507082,79.0704076
store_003150,"Reliance Digital- RRL CDIT Kadapa","Cuddapah",14.4680829,78.82439509999999,https://www.google.com/maps?q=14.4680829,78.82439509999999
store_003155,"Reliance Digital- RRL CDIT Chintamani","Chintamani",13.389652,78.04720499999999,https://www.google.com/maps?q=13.389652,78.04720499999999
store_003157,"Reliance Digital- RRL CDIT Kaithal Kur","Kaithal",29.806898,76.408818,https://www.google.com/maps?q=29.806898,76.408818
store_003158,"Reliance Digital- RRL CDIT- Jalna Road","Beed",18.9945909,75.753922,https://www.google.com/maps?q=18.9945909,75.753922
store_003161,"Reliance Digital- RRL CDIT Centre One Talegaon","Pune",18.7232803,73.68305,https://www.google.com/maps?q=18.7232803,73.68305
store_003163,"Reliance Digital- Station Road Buxar","Buxar",25.5662631,83.97680059999999,https://www.google.com/maps?q=25.5662631,83.97680059999999
store_003159,"Reliance Digital- RRL Digital R Mart Barnala Ro","BATHINDA",30.2267975,74.9550306,https://www.google.com/maps?q=30.2267975,74.9550306
store_003181,"Reliance Digital- Nachan Road Benachity","Durgapur",23.5525803,87.27156280000001,https://www.google.com/maps?q=23.5525803,87.27156280000001
store_003162,"Reliance Digital- RRL CDIT Station Roa","Raichur",16.1920939,77.3420888,https://www.google.com/maps?q=16.1920939,77.3420888
store_003182,"Reliance Digital- RRL CDIT Bose Road","Tenali",16.2348784,80.65041269999999,https://www.google.com/maps?q=16.2348784,80.65041269999999
store_003184,"Reliance Digital- RRLCDIT KSRTC Mysore","Mysore",12.3127928,76.6583113,https://www.google.com/maps?q=12.3127928,76.6583113
store_003192,"Reliance Digital- RRL CDIT Club Road M","Muzaffarpur",26.107109,85.397065,https://www.google.com/maps?q=26.107109,85.397065
store_003160,"Reliance Digital- RRL CDIT-Salem Main","Dharmapuri",12.1190765,78.1571618,https://www.google.com/maps?q=12.1190765,78.1571618
store_003183,"Reliance Digital- Preet Vihar","Delhi",28.638209,77.29039499999999,https://www.google.com/maps?q=28.638209,77.29039499999999
store_003195,"Reliance Digital- RRL CDIT Wonder view Kota","Kota",25.1781031,75.85280639999999,https://www.google.com/maps?q=25.1781031,75.85280639999999
store_003197,"Reliance Digital- RRL CDIT MBD Mall","Ludhiana",30.8828362,75.78172339999999,https://www.google.com/maps?q=30.8828362,75.78172339999999
store_003185,"Reliance Digital- RRL CDIT Salem Main Road Nama","Namakkal",11.2364585,78.1652063,https://www.google.com/maps?q=11.2364585,78.1652063
store_003196,"Reliance Digital- Ambedkar Road","Ghaziabad",28.665062,77.434155,https://www.google.com/maps?q=28.665062,77.434155
store_003186,"Reliance Digital- RRL CDIT Kompally 2","HYDERABAD",17.5379407,78.4897192,https://www.google.com/maps?q=17.5379407,78.4897192
store_003188,"Reliance Digital- RRL CDIT South Avenue Mall Jab","Jabalpur",23.1240588,79.9272996,https://www.google.com/maps?q=23.1240588,79.9272996
store_003193,"Reliance Digital- RRL CDIT Ambedkar ci","Sikar",27.6038837,75.149481,https://www.google.com/maps?q=27.6038837,75.149481
store_003187,"Reliance Digital- RRL CDIT Badlapur","Mumbai",19.1662187,73.2436051,https://www.google.com/maps?q=19.1662187,73.2436051
store_003167,"Reliance Digital- Kothapet Guntur AP","Guntur",16.2980419,80.4491144,https://www.google.com/maps?q=16.2980419,80.4491144
store_003164,"Reliance Digital- RRL CDIT Nizampura Road Vadoda","Vadodara",22.3399109,73.1786197,https://www.google.com/maps?q=22.3399109,73.1786197
store_003194,"Reliance Digital- RRL CDIT-Tonk Road","Jaipur",26.8554138,75.7953598,https://www.google.com/maps?q=26.8554138,75.7953598
store_003165,"Reliance Digital- RRL CDIT Uttarahalli","Bangalore",12.9071152,77.5455614,https://www.google.com/maps?q=12.9071152,77.5455614
store_003191,"Reliance Digital- RRL CDIT Main Road R","Ramgarh",23.630717,85.51333749999999,https://www.google.com/maps?q=23.630717,85.51333749999999
store_003168,"Reliance Digital- Ambedkar Chauraha","Orai",25.993181,79.455221,https://www.google.com/maps?q=25.993181,79.455221
store_003169,"Reliance Digital- RRLCDIT Vidyaranyap","BANGALORE",13.0683669,77.5599739,https://www.google.com/maps?q=13.0683669,77.5599739
store_003189,"Reliance Digital- RRL CDIT Govind Marg Raja Park","Jaipur",26.8978449,75.82450270000001,https://www.google.com/maps?q=26.8978449,75.82450270000001
store_003170,"Reliance Digital- BB THANE KALYAN NETIVALI VILLA","Mumbai",19.230086,73.12384329999999,https://www.google.com/maps?q=19.230086,73.12384329999999
store_003166,"Reliance Digital- RRL CDIT BankMod Dh","Dhanbad",23.7853674,86.4171356,https://www.google.com/maps?q=23.7853674,86.4171356
store_003190,"Reliance Digital- RRL CDIT- Eluru Road","Gudivada",16.438136,80.992294,https://www.google.com/maps?q=16.438136,80.992294
store_003198,"Reliance Digital- RRL CDIT Gangavati","Gangavati",15.4383327,76.5343267,https://www.google.com/maps?q=15.4383327,76.5343267
store_003171,"Reliance Digital- RRL CDIT -Narsingi","Hyderabad",17.3847587,78.3589847,https://www.google.com/maps?q=17.3847587,78.3589847
store_003172,"Reliance Digital- RRL CDIT Sangli Mir","SANGLI",16.8604214,74.569846,https://www.google.com/maps?q=16.8604214,74.569846
store_003173,"Reliance Digital- Udhana Surat GJ","Surat",21.1821576,72.8307354,https://www.google.com/maps?q=21.1821576,72.8307354
store_003179,"Reliance Digital- RRL CDIT-Singanallur","Coimbatore",11.00222,77.0284303,https://www.google.com/maps?q=11.00222,77.0284303
store_003177,"Reliance Digital- RRL CDIT Kapoorthala","Lucknow",26.8797383,80.9468334,https://www.google.com/maps?q=26.8797383,80.9468334
store_003175,"Reliance Digital- RRL CDIT CB Road Cha","Chakdah",23.080931,88.540098,https://www.google.com/maps?q=23.080931,88.540098
store_003178,"Reliance Digital- RRL CDIT Paras Prime Udaipur","Udaipur",24.5604351,73.69369309999999,https://www.google.com/maps?q=24.5604351,73.69369309999999
store_003176,"Reliance Digital- RRL CDITGT Road Gun","Guntur",16.3092341,80.4316833,https://www.google.com/maps?q=16.3092341,80.4316833
store_003180,"Reliance Digital- SEEPAT ROAD SARKANDA","Bilaspur",22.0993291,82.1536706,https://www.google.com/maps?q=22.0993291,82.1536706
store_003174,"Reliance Digital- RRL CDIT SriGanganagar","Ganganagar",29.9241731,73.8748983,https://www.google.com/maps?q=29.9241731,73.8748983
store_003229,"Reliance Digital- RRL CDIT Hajipur","Hajipur",25.698116,85.213651,https://www.google.com/maps?q=25.698116,85.213651
store_003200,"Reliance Digital- RRL CDIT Alambagh Market Luckn","Lucknow",26.8082667,80.8986563,https://www.google.com/maps?q=26.8082667,80.8986563
store_003205,"Reliance Digital- RRL CDIT Ramghat Road Aligarh","Aligarh",27.8990509,78.09404719999999,https://www.google.com/maps?q=27.8990509,78.09404719999999
store_003199,"Reliance Digital- RRL CDIT Kurnool","Kurnool",15.8246575,78.04070229999999,https://www.google.com/maps?q=15.8246575,78.04070229999999
store_003228,"Reliance Digital- RRL CDIT Giridih","Giridih",24.184511,86.3078979,https://www.google.com/maps?q=24.184511,86.3078979
store_003204,"Reliance Digital- RRL CDIT Madanapalle","Madanpalle",13.5545841,78.5077805,https://www.google.com/maps?q=13.5545841,78.5077805
store_003201,"Reliance Digital- RRL CDIT Malakpet store","Hyderabad",17.3737168,78.5023446,https://www.google.com/maps?q=17.3737168,78.5023446
store_003206,"Reliance Digital- Govindapuri Road Yam","Yamunanagar",30.138005,77.293706,https://www.google.com/maps?q=30.138005,77.293706
store_003202,"Reliance Digital- RRL CDIT Deshmukh c","Aurangabad",19.8503212,75.348868,https://www.google.com/maps?q=19.8503212,75.348868
store_003230,"Reliance Digital- Amtala Crossing, WestBengal","Kolkata",22.3723044,88.27206590000002,https://www.google.com/maps?q=22.3723044,88.27206590000002
store_003207,"Reliance Digital- RRL CDIT Chirala Town Guntur","Guntur",15.8242969,80.3522517,https://www.google.com/maps?q=15.8242969,80.3522517
store_003234,"Reliance Digital- Tiruvottiyur, TN","Chennai",13.1640606,80.3034878,https://www.google.com/maps?q=13.1640606,80.3034878
store_003208,"Reliance Digital- RRL CDIT Budge Budge","Kolkata",22.4868739,88.19342929999999,https://www.google.com/maps?q=22.4868739,88.19342929999999
store_003231,"Reliance Digital- RRL CDIT-T2D Mumbai","Mumbai",19.0963868,72.8742431,https://www.google.com/maps?q=19.0963868,72.8742431
store_003210,"Reliance Digital- RRL CDIT-Rudrampeta","ANANTAPUR",14.6765614,77.5816813,https://www.google.com/maps?q=14.6765614,77.5816813
store_003209,"Reliance Digital- Nagaram Hyerabad","Hyderabad",17.4906471,78.6016195,https://www.google.com/maps?q=17.4906471,78.6016195
store_003233,"Reliance Digital- RRL CDIT-Solaris Bus","Ahmedabad",23.0584037,72.53894,https://www.google.com/maps?q=23.0584037,72.53894
store_003232,"Reliance Digital- Tiruvannamalai Road","Tindivanam",12.2507082,79.0704076,https://www.google.com/maps?q=12.2507082,79.0704076
store_003236,"Reliance Digital- Begusari","Begusarai",25.4226916,86.12452019999999,https://www.google.com/maps?q=25.4226916,86.12452019999999
store_003235,"Reliance Digital- Navalur","CHENNAI",12.8469204,80.22639579999999,https://www.google.com/maps?q=12.8469204,80.22639579999999
store_003212,"Reliance Digital- RRL CDIT Tumkur","Tumkur",13.3381014,77.1048435,https://www.google.com/maps?q=13.3381014,77.1048435
store_003211,"Reliance Digital- RRL CDITAurangabad B","Aurangabad",19.8765161,75.3423554,https://www.google.com/maps?q=19.8765161,75.3423554
store_003237,"Reliance Digital- RRL CDIT Harur","Harur",12.0560194,78.47696049999999,https://www.google.com/maps?q=12.0560194,78.47696049999999
store_003213,"Reliance Digital- RRL CDIT-Trivandrum","Tirunelveli",8.6989628,77.7274741,https://www.google.com/maps?q=8.6989628,77.7274741
store_003238,"Reliance Digital- RRL CDIT -Narsaraope","Narsaraopet",16.2353161,80.0477434,https://www.google.com/maps?q=16.2353161,80.0477434
store_003214,"Reliance Digital- RRL CDIT Nagamani Tower Chitto","Chitoor",13.2047078,79.09708069999999,https://www.google.com/maps?q=13.2047078,79.09708069999999
store_003240,"Reliance Digital- RRL CDIT-Saffidon Ga","Jind",29.3175931,76.3170698,https://www.google.com/maps?q=29.3175931,76.3170698
store_003215,"Reliance Digital- RRL CDIT-Patel Nagar","Delhi",28.6504386,77.1605518,https://www.google.com/maps?q=28.6504386,77.1605518
store_003218,"Reliance Digital- RRL CDIT Metropolis Mall","Rudrapur",29.0019331,79.39943219999999,https://www.google.com/maps?q=29.0019331,79.39943219999999
store_003216,"Reliance Digital- RRL CDIT Moga","Moga",30.821074,75.19841,https://www.google.com/maps?q=30.821074,75.19841
store_003239,"Reliance Digital- Chas Bypass Road","Chas",23.6323881,86.168167,https://www.google.com/maps?q=23.6323881,86.168167
store_003217,"Reliance Digital- RRL CDIT Reliance Ma","Jamnagar",22.4713972,70.0490457,https://www.google.com/maps?q=22.4713972,70.0490457
store_003222,"Reliance Digital- RRL CDIT Himalaya Mall Bhavnag","Bhavnagar",21.7499121,72.13711640000001,https://www.google.com/maps?q=21.7499121,72.13711640000001
store_003242,"Reliance Digital- RRL CDIT- Krishnagir","Tirupathur",12.4852266,78.56028529999999,https://www.google.com/maps?q=12.4852266,78.56028529999999
store_003241,"Reliance Digital- RRL CDIT Virudhachal","Virudhachalam",11.5277983,79.3216628,https://www.google.com/maps?q=11.5277983,79.3216628
store_003221,"Reliance Digital- Andrahalli Sunkadakatte Bangalore","Bangalore",12.9970559,77.4898132,https://www.google.com/maps?q=12.9970559,77.4898132
store_003219,"Reliance Digital- RRL CDIT Hill cart Road","Darjeeling",27.0357104,88.26048209999999,https://www.google.com/maps?q=27.0357104,88.26048209999999
store_003243,"Reliance Digital- RRL CDIT Dhaiya Roa","Dhanbad",23.8276047,86.4341184,https://www.google.com/maps?q=23.8276047,86.4341184
store_003248,"Reliance Digital- RRL CDIT KR Pali Putoor Road","Chitoor",13.2157864,79.1129735,https://www.google.com/maps?q=13.2157864,79.1129735
store_003245,"Reliance Digital- RRL CDIT Pentagon Mall Haridwa","Haridwar",29.948067,78.07573760000001,https://www.google.com/maps?q=29.948067,78.07573760000001
store_003244,"Reliance Digital- RRL CDIT Varachha Ma","Surat",21.2173554,72.8655533,https://www.google.com/maps?q=21.2173554,72.8655533
store_003226,"Reliance Digital- RRL CDIT-KankubagMal","Ahmedabad",22.9992745,72.6576437,https://www.google.com/maps?q=22.9992745,72.6576437
store_003220,"Reliance Digital- RRL CDIT Karur Covai","Karur",10.9603159,78.0757838,https://www.google.com/maps?q=10.9603159,78.0757838
store_003223,"Reliance Digital- RRL CDIT Bulundshahr","Bulandsahar",28.4075564,77.8527223,https://www.google.com/maps?q=28.4075564,77.8527223
store_003246,"Reliance Digital- RRL CDIT-TTD Road Na","Nandyal",15.4833247,78.4857711,https://www.google.com/maps?q=15.4833247,78.4857711
store_003247,"Reliance Digital- RRL CDIT Near Badgao","Gonda",27.1456833,81.9681701,https://www.google.com/maps?q=27.1456833,81.9681701
store_003224,"Reliance Digital- RRL CDIT Kattur Trichy","Trichy",10.8000092,78.7478746,https://www.google.com/maps?q=10.8000092,78.7478746
store_003225,"Reliance Digital- RRL CDIT-Lathi Road","Amreli",21.61182,71.23288769999999,https://www.google.com/maps?q=21.61182,71.23288769999999
store_003227,"Reliance Digital- RRL CDIT-Talcher Roa","Talcher",20.9438806,85.2063501,https://www.google.com/maps?q=20.9438806,85.2063501
store_003203,"Reliance Digital- RRL CDIT Bapunagar Ahmedabad","Ahmedabad",23.03875,72.6294406,https://www.google.com/maps?q=23.03875,72.6294406
store_003262,"Reliance Digital- RRL CDIT Kadri","Kadiri",14.119401,78.15596099999999,https://www.google.com/maps?q=14.119401,78.15596099999999
store_003250,"Reliance Digital- KSRTC Shimoga KA","Shimoga",13.9290791,75.5677187,https://www.google.com/maps?q=13.9290791,75.5677187
store_003249,"Reliance Digital- RRL CDIT- Anuparpala","Tirupur",11.143431,77.3176917,https://www.google.com/maps?q=11.143431,77.3176917
store_003254,"Reliance Digital- RRL CDIT- Krishna Na","Jagtial",18.7942818,78.9201458,https://www.google.com/maps?q=18.7942818,78.9201458
store_003253,"Reliance Digital- RRL CDIT Mehsana","Mahesana",23.591211,72.377827,https://www.google.com/maps?q=23.591211,72.377827
store_003251,"Reliance Digital- RRL CDIT NSB Road Ranigunj","Raniganj",23.6263511,87.1142229,https://www.google.com/maps?q=23.6263511,87.1142229
store_003261,"Reliance Digital- RRL CDIT Mall of Faridabad","Faridabad",28.386974,77.2989655,https://www.google.com/maps?q=28.386974,77.2989655
store_003255,"Reliance Digital- RRL CDIT- Peruvallur","Chennai",13.1196109,80.22485630000001,https://www.google.com/maps?q=13.1196109,80.22485630000001
store_003265,"Reliance Digital- RRL CDIT-Gondal Road","Rajkot",22.264152,70.7995096,https://www.google.com/maps?q=22.264152,70.7995096
store_003263,"Reliance Digital- Vijayawada Eluru Roa","VIJAYAWADA",16.5169363,80.64382429999999,https://www.google.com/maps?q=16.5169363,80.64382429999999
store_003252,"Reliance Digital- Palm Mall Korba CG","Korba",22.3544913,82.7048106,https://www.google.com/maps?q=22.3544913,82.7048106
store_003264,"Reliance Digital- RRLCDIT Tania Horizon","Mumbai",19.4202641,72.8134736,https://www.google.com/maps?q=19.4202641,72.8134736
store_003256,"Reliance Digital- RRL CDIT- Jadugar Ro","Roorkee",29.86599859999999,77.8864057,https://www.google.com/maps?q=29.86599859999999,77.8864057
store_003257,"Reliance Digital- RRL CDIT Binaka Mall","Jagdalpur",19.0884156,82.011705,https://www.google.com/maps?q=19.0884156,82.011705
store_003258,"Reliance Digital- RRL CDIT S D Road Secundrabad","Hyderabad",17.4436226,78.5066776,https://www.google.com/maps?q=17.4436226,78.5066776
store_003259,"Reliance Digital- RRL CDIT Hema Durga Mall Hyder","Hyderabad",17.4023341,78.5720048,https://www.google.com/maps?q=17.4023341,78.5720048
store_003260,"Reliance Digital- RRL CDIT- Orbit Vapi","Vapi",20.3703027,72.9216673,https://www.google.com/maps?q=20.3703027,72.9216673
store_002618,"Nnema endeavours pvt ltd","Lucknow",26.9023786,81.0014455,https://www.google.com/maps?q=26.9023786,81.0014455
store_003266,"Reliance Digital- Railway Road Koduru","Koduru",13.9644485,79.3469368,https://www.google.com/maps?q=13.9644485,79.3469368
store_003290,"Reliance Digital- Gobra - Near to Great Eastern, Dankuni, WB","Hooghly",22.6821267,88.278806,https://www.google.com/maps?q=22.6821267,88.278806
store_003279,"Reliance Digital- Madari Malancha","Malancha",22.507619,88.770067,https://www.google.com/maps?q=22.507619,88.770067
store_003278,"Reliance Digital- RRL CDIT Market City Bangalor","Bangalore",12.9977745,77.6966211,https://www.google.com/maps?q=12.9977745,77.6966211
store_003280,"Reliance Digital- Main Road Nuzvid","Nuzvid",16.7880033,80.8477838,https://www.google.com/maps?q=16.7880033,80.8477838
store_003292,"Reliance Digital- RRL D Xpress Ramanthapur Hyde","Hyderabad",17.3980517,78.5339766,https://www.google.com/maps?q=17.3980517,78.5339766
store_003296,"Reliance Digital- RRL CDIT Motikhavdi Jamnagar","Jamnagar",22.380335,69.828874,https://www.google.com/maps?q=22.380335,69.828874
store_003281,"Reliance Digital- RRL CDIT Modern House Jaigaon","Jaigaon",26.8578088,89.3815438,https://www.google.com/maps?q=26.8578088,89.3815438
store_003282,"Reliance Digital- RRL CDIT-Machlipatna","Machilipatnam",16.1969312,81.1383123,https://www.google.com/maps?q=16.1969312,81.1383123
store_003283,"Reliance Digital- Rampurhat, WB","Rampurhat",24.1792159,87.79249680000001,https://www.google.com/maps?q=24.1792159,87.79249680000001
store_003295,"Reliance Digital- Bommasandra, Hosur Road, Bangalore KA","Bangalore",12.8405813,77.6506954,https://www.google.com/maps?q=12.8405813,77.6506954
store_003294,"Reliance Digital- KTJ Nagar, Davanagere, KN","Davanagere",14.4695493,75.905442,https://www.google.com/maps?q=14.4695493,75.905442
store_003291,"Reliance Digital- RRL CDIT GIP Noida","Noida",28.5679575,77.3265517,https://www.google.com/maps?q=28.5679575,77.3265517
store_003293,"Reliance Digital- RRL CDIT Venu Gopal Complex","Hyderabad",17.441901,78.44111649999999,https://www.google.com/maps?q=17.441901,78.44111649999999
store_003298,"Reliance Digital- RRL CDIT D Victoria Mall Boriv","Mumbai",19.2241593,72.8502857,https://www.google.com/maps?q=19.2241593,72.8502857
store_003284,"Reliance Digital- RRL CDIT SS Mall Proddatur","Proddatur",14.755494,78.5562854,https://www.google.com/maps?q=14.755494,78.5562854
store_003297,"Reliance Digital- RRL CDIT Erandwane Pune","Pune",18.5040502,73.83332349999999,https://www.google.com/maps?q=18.5040502,73.83332349999999
store_003288,"Reliance Digital- RRL CDIT Chennai Digital Store","Chennai",13.0508105,80.23356439999999,https://www.google.com/maps?q=13.0508105,80.23356439999999
store_003285,"Reliance Digital- RRL CDIT grand high","Pune",18.5940958,73.7257278,https://www.google.com/maps?q=18.5940958,73.7257278
store_003289,"Reliance Digital- RRL CDIT- Elgin Road","Kolkata",22.5377508,88.3522723,https://www.google.com/maps?q=22.5377508,88.3522723
store_003286,"Reliance Digital- Saiworld Legend Shahad","Mumbai",19.242976,73.159273,https://www.google.com/maps?q=19.242976,73.159273
store_003287,"Reliance Digital- RRL CDIT Hisar Road","Sirsa",29.5350682,75.0456028,https://www.google.com/maps?q=29.5350682,75.0456028
store_003267,"Reliance Digital- RRL CDIT Hanumangarh","Hanumangarh",29.6064214,74.29184409999999,https://www.google.com/maps?q=29.6064214,74.29184409999999
store_003277,"Reliance Digital- Compact Store","Jhajjar",28.609551,76.64705099999999,https://www.google.com/maps?q=28.609551,76.64705099999999
store_003269,"Reliance Digital- RRL CDIT Sarovar Land Mark Ka","Ahmedabad",23.0033377,72.5946884,https://www.google.com/maps?q=23.0033377,72.5946884
store_003270,"Reliance Digital- RRL CDIT Urbana Premium","Gurgaon",28.3926277,77.0660455,https://www.google.com/maps?q=28.3926277,77.0660455
store_003268,"Reliance Digital- RRL CDIT Guntur Road Ongole","Ongole",15.512517,80.0463801,https://www.google.com/maps?q=15.512517,80.0463801
store_003271,"Reliance Digital- RRL CDIT-TNHB Road","Thiruvallur",13.1371478,79.9086761,https://www.google.com/maps?q=13.1371478,79.9086761
store_003275,"Reliance Digital- RRL CDIT Kumbakonam","Kumbakonam",10.959281,79.377721,https://www.google.com/maps?q=10.959281,79.377721
store_003274,"Reliance Digital- RRL CDIT Sekkalai road Karaiku","Karaikudi",10.0688383,78.7672126,https://www.google.com/maps?q=10.0688383,78.7672126
store_003272,"Reliance Digital- RRL CDIT Piduguralla","Guntur",16.4786447,79.893819,https://www.google.com/maps?q=16.4786447,79.893819
store_003273,"Reliance Digital- RRL CDIT- Kanchipura","Kanchipuram",12.8308248,79.7034864,https://www.google.com/maps?q=12.8308248,79.7034864
store_003276,"Reliance Digital- RRL CDIT Katihar","Katihar",25.561321,87.556264,https://www.google.com/maps?q=25.561321,87.556264
store_003299,"Namisha Enterprise","Delhi",28.5046807,77.3206285,https://www.google.com/maps?q=28.5046807,77.3206285
store_003300,"V.K. Electronics","Delhi",28.5015903,77.3170675,https://www.google.com/maps?q=28.5015903,77.3170675
store_003301,"Reliance Digital- RRL Faridabad Sector 82","Faridabad",28.3873554,77.3544876,https://www.google.com/maps?q=28.3873554,77.3544876
store_003302,"VS- Rajajinagar Bangalore","Bangalore",12.9887094,77.5561025,https://www.google.com/maps?q=12.9887094,77.5561025
store_003304,"Sai enterprise","Delhi",28.5354626,77.2807938,https://www.google.com/maps?q=28.5354626,77.2807938
store_003303,"Jain audio video","Delhi",28.6170793,77.31781920000002,https://www.google.com/maps?q=28.6170793,77.31781920000002
store_003306,"Amaan electronics","Delhi",28.5017827,77.32237479999999,https://www.google.com/maps?q=28.5017827,77.32237479999999
store_003305,"Mp electronics","Delhi",28.6463822,77.295305,https://www.google.com/maps?q=28.6463822,77.295305
store_003309,"Navrang Audio Video","Delhi",28.6318657,77.27912409999999,https://www.google.com/maps?q=28.6318657,77.27912409999999
store_003310,"Rastogi Mobile Gallery","Delhi",28.5048406,77.3231031,https://www.google.com/maps?q=28.5048406,77.3231031
store_003311,"ASP - Arpita Enterprises","Lucknow",26.8466937,80.94616599999999,https://www.google.com/maps?q=26.8466937,80.94616599999999
store_003312,"Toshi Electronics","Delhi",28.7359435,77.1833533,https://www.google.com/maps?q=28.7359435,77.1833533
store_003313,"Krishna Electronics","Delhi",28.7152104,77.1192751,https://www.google.com/maps?q=28.7152104,77.1192751
store_003314,"Mobinex","Delhi",28.7481319,77.1986107,https://www.google.com/maps?q=28.7481319,77.1986107
store_003315,"JSS Sales and Service Center","Delhi",28.6058104,77.2928343,https://www.google.com/maps?q=28.6058104,77.2928343
store_003318,"Anisha T.V.Corner (Retail)","Delhi",28.6466415,77.28372700000001,https://www.google.com/maps?q=28.6466415,77.28372700000001
store_003335,"Kataria Sales Corporation (Retail)","Delhi",28.6596335,77.26727389999999,https://www.google.com/maps?q=28.6596335,77.26727389999999
store_003338,"Kooner A.C. & Ref. Eng (Retail)","Delhi",28.6205239,77.2852407,https://www.google.com/maps?q=28.6205239,77.2852407
store_003341,"Manchanda Electrical Works (Retail)","Delhi",28.65491369999999,77.2765958,https://www.google.com/maps?q=28.65491369999999,77.2765958
store_003320,"Associated Electronics (Retail)","Delhi",28.6543184,77.2894484,https://www.google.com/maps?q=28.6543184,77.2894484
store_003326,"Gupta Enterprises (Shahdara) (Retail)","Delhi",28.6589907,77.2620105,https://www.google.com/maps?q=28.6589907,77.2620105
store_003322,"Durby Electronics (Retail)","Delhi",28.62825,77.30170720000001,https://www.google.com/maps?q=28.62825,77.30170720000001
store_003342,"Mb Aircon (Retail)","Delhi",28.6656079,77.32052399999999,https://www.google.com/maps?q=28.6656079,77.32052399999999
store_003323,"Emerald Airconditioning & Refrigeration (Retail)","Delhi",28.648304,77.2387962,https://www.google.com/maps?q=28.648304,77.2387962
store_003339,"Krishna Electronics (Khichripur) (Retail)","Delhi",28.6219913,77.3121487,https://www.google.com/maps?q=28.6219913,77.3121487
store_003343,"Navrang Audio Video Pvt Ltd (Retail)","Delhi",28.6318657,77.27912409999999,https://www.google.com/maps?q=28.6318657,77.27912409999999
store_003344,"New Pankaj Electronics (Retail)","Delhi",28.6066018,77.29544039999999,https://www.google.com/maps?q=28.6066018,77.29544039999999
store_003331,"Jain Electronics (Babarpur) (Retail)","Delhi",28.6803845,77.2869291,https://www.google.com/maps?q=28.6803845,77.2869291
store_003328,"Hindustan Distributor (Retail)","Delhi",28.693055,77.13519749999999,https://www.google.com/maps?q=28.693055,77.13519749999999
store_003330,"Jai Maa Durga Electronics (Retail)","Delhi",28.5631604,77.2903733,https://www.google.com/maps?q=28.5631604,77.2903733
store_003347,"Om Electronics & Electricals (Retail)","Delhi",28.705206,77.3241817,https://www.google.com/maps?q=28.705206,77.3241817
store_003348,"Om Sai Enterprises (Ele) (Retail)","Delhi",28.612497,77.0879389,https://www.google.com/maps?q=28.612497,77.0879389
store_003332,"Jain Enterprises (Karawal Nagar) (Retail)","Delhi",28.7238698,77.2739455,https://www.google.com/maps?q=28.7238698,77.2739455
store_003350,"Pragya Metro Electronics (Retail)","Delhi",28.6886554,77.2921449,https://www.google.com/maps?q=28.6886554,77.2921449
store_003365,"Viva Electronics (Retail)","Delhi",28.6617329,77.2902902,https://www.google.com/maps?q=28.6617329,77.2902902
store_003352,"R.R.Air Conditioning & Electronics (Retail)","Delhi",28.6651931,77.29561629999999,https://www.google.com/maps?q=28.6651931,77.29561629999999
store_003356,"Sai Enterprises (Retail)","Delhi",28.5354626,77.2807938,https://www.google.com/maps?q=28.5354626,77.2807938
store_003354,"Raj Kumar Electronics (India) (Retail)","Delhi",28.7166747,77.26484099999999,https://www.google.com/maps?q=28.7166747,77.26484099999999
store_003360,"Shree Kailash Electronics (Retail)","Delhi",28.7209255,77.2464282,https://www.google.com/maps?q=28.7209255,77.2464282
store_003353,"Rahul Electronics (Retail)","Delhi",28.7040592,77.10249019999999,https://www.google.com/maps?q=28.7040592,77.10249019999999
store_003368,"Yash Enterprises (Retail)","Delhi",28.7040592,77.10249019999999,https://www.google.com/maps?q=28.7040592,77.10249019999999
store_003359,"Sharma Electronics (Khichripur) (Retail)","Delhi",28.6177876,77.3182546,https://www.google.com/maps?q=28.6177876,77.3182546
store_003364,"Vinayak Enetreprises (Retail)","Delhi",28.7040592,77.10249019999999,https://www.google.com/maps?q=28.7040592,77.10249019999999
store_003361,"Shri Balaji Electronics (Krishna Nagar) (Retail)","Delhi",28.6588465,77.2837667,https://www.google.com/maps?q=28.6588465,77.2837667
store_003369,"MAA PEETAMBRA ENTERPRISES (Retail)","Kanpur",26.4100634,80.344263,https://www.google.com/maps?q=26.4100634,80.344263
store_003371,"PY Electronics (Retail)","Kanpur",26.4348089,80.28787489999999,https://www.google.com/maps?q=26.4348089,80.28787489999999
store_003373,"Mars Enterprises (Retail)","Kanpur",26.4105532,80.36843590000001,https://www.google.com/maps?q=26.4105532,80.36843590000001
store_003379,"Air Cool (ASP)","Haryana",29.0587757,76.085601,https://www.google.com/maps?q=29.0587757,76.085601
store_003380,"AERO WINGS (ASP)","Tamil Nadu",11.1271225,78.6568942,https://www.google.com/maps?q=11.1271225,78.6568942
store_003381,"VK REFRIGERATION (ASP)","UP West",27.7996188,78.2931706,https://www.google.com/maps?q=27.7996188,78.2931706
store_003387,"MS Fine Electronics (Retail)","Haryana",28.3392731,77.3209049,https://www.google.com/maps?q=28.3392731,77.3209049
store_003382,"Mishra Refrigeration Engineers Pvt Ltd (Retail)","UP West",27.7996188,78.2931706,https://www.google.com/maps?q=27.7996188,78.2931706
store_003386,"SUPERIOR SERVICE (ASP)","Delhi",28.6302455,77.2724507,https://www.google.com/maps?q=28.6302455,77.2724507
store_003385,"Pragya Metro Electronics (Retail)","Delhi",28.6886554,77.2921449,https://www.google.com/maps?q=28.6886554,77.2921449
store_003383,"SEVEN STAR AIRCONDITION (ASP)","Tamil Nadu",11.1271225,78.6568942,https://www.google.com/maps?q=11.1271225,78.6568942
store_003390,"BLUE WEATHER SOLUTIONS (ASP)","Haryana",29.0587757,76.085601,https://www.google.com/maps?q=29.0587757,76.085601
store_003391,"AIR TREAT (ASP)","Tamil Nadu",13.133378,80.256798,https://www.google.com/maps?q=13.133378,80.256798
store_003397,"MAYANK SERVICES (ASP)","Delhi",28.6213092,77.0595312,https://www.google.com/maps?q=28.6213092,77.0595312
store_003394,"NEW ERA AIRCON (ASP)","UP West",27.7996188,78.2931706,https://www.google.com/maps?q=27.7996188,78.2931706
store_003395,"Mahi traders (ASP)","Haryana",29.0587757,76.085601,https://www.google.com/maps?q=29.0587757,76.085601
store_003398,"COMFORT SERVICE (ASP)","Maharashtra",19.7514798,75.7138884,https://www.google.com/maps?q=19.7514798,75.7138884
store_003396,"RS ENTERPRISES (ASP)","Delhi",28.6336114,77.2804617,https://www.google.com/maps?q=28.6336114,77.2804617
store_003399,"TYAGI CLIMATE CONTROL (ASP)","UP West",27.7996188,78.2931706,https://www.google.com/maps?q=27.7996188,78.2931706
store_003400,"BABYLON SALES SERVICE (ASP)","Delhi",28.7040592,77.10249019999999,https://www.google.com/maps?q=28.7040592,77.10249019999999
store_003377,"AR MAGIC COOL (ASP)","UP West",27.7996188,78.2931706,https://www.google.com/maps?q=27.7996188,78.2931706
store_003376,"GRACE ELECTRONICS (ASP)","Delhi",28.7516464,77.14001069999999,https://www.google.com/maps?q=28.7516464,77.14001069999999
store_003375,"BALVIK CONSUMER SOLUTION (ASP)","Tamil Nadu",13.1369117,80.2064101,https://www.google.com/maps?q=13.1369117,80.2064101
store_003410,"SURABHI COOL AIR (ASP)","UP West",27.7996188,78.2931706,https://www.google.com/maps?q=27.7996188,78.2931706
store_003406,"PRAKASH REFRIGERATION ELECTRICAL (ASP)","Delhi",28.6351009,77.101702,https://www.google.com/maps?q=28.6351009,77.101702
store_003409,"OM SERVICES SALES (Retail)","Haryana",28.3471388,77.3389406,https://www.google.com/maps?q=28.3471388,77.3389406
store_003408,"SS ENTERPRISES (ASP)","Tamil Nadu",11.1271225,78.6568942,https://www.google.com/maps?q=11.1271225,78.6568942
store_003402,"CINNY COOL AIR CONDITIONING (ASP)","Delhi",28.7040592,77.10249019999999,https://www.google.com/maps?q=28.7040592,77.10249019999999
store_003435,"AIR COOL SYSTEMS (ASP)","UP West",27.7996188,78.2931706,https://www.google.com/maps?q=27.7996188,78.2931706
store_003411,"ELITE ENTERPRISES (ASP)","Tamil Nadu",11.1271225,78.6568942,https://www.google.com/maps?q=11.1271225,78.6568942
store_003415,"KANPUR COOLING SERVICES P LTD (Retail)","UP East",20.593684,78.96288,https://www.google.com/maps?q=20.593684,78.96288
store_003417,"Hitachi -VS AIRCON (ASP)","Maharashtra",19.7514798,75.7138884,https://www.google.com/maps?q=19.7514798,75.7138884
store_003448,"EUNIKE COOLING SOLUTIONS PVT LTD (ASP)","Karnataka",13.0187786,77.6327128,https://www.google.com/maps?q=13.0187786,77.6327128
store_003419,"DAKSH AIRCONDITIONER INDIA (Retail)","Delhi",28.6082604,77.30299509999999,https://www.google.com/maps?q=28.6082604,77.30299509999999
store_003450,"DMP COOL TECH (ASP)","Tamil Nadu",11.1271225,78.6568942,https://www.google.com/maps?q=11.1271225,78.6568942
store_003437,"MS STANDARD AIRCON (ASP)","UP West",27.7996188,78.2931706,https://www.google.com/maps?q=27.7996188,78.2931706
store_003431,"SHEZA ELECTRO WORLD PRIVATE LIMITED (ASP)","Delhi",28.7171996,77.2036948,https://www.google.com/maps?q=28.7171996,77.2036948
store_003426,"CRYSTAL AIR COOL (ASP)","Maharashtra",19.7514798,75.7138884,https://www.google.com/maps?q=19.7514798,75.7138884
store_003432,"NUTAN ELECTRONICS (Retail)","Delhi",28.68087545868733,77.32048765,https://www.google.com/maps?q=28.68087545868733,77.32048765
store_003429,"SRI AIR CONDITIONER (ASP)","Tamil Nadu",11.1271225,78.6568942,https://www.google.com/maps?q=11.1271225,78.6568942
store_003456,"Airnet (Retail)","Delhi",28.6048551,77.0939588,https://www.google.com/maps?q=28.6048551,77.0939588
store_003451,"YAMUNA ELECTRONICS (Retail)","Delhi",28.7013158,77.2658974,https://www.google.com/maps?q=28.7013158,77.2658974
store_003459,"SHREE SAMARTH KRUPA ENTERPRISES (ASP)","Maharashtra",19.193886,73.0927425,https://www.google.com/maps?q=19.193886,73.0927425
store_003460,"SHARP SERVICE (ASP)","Delhi",28.6861389,77.17143399999999,https://www.google.com/maps?q=28.6861389,77.17143399999999
store_003466,"TECHNOMACH (ASP)","Maharashtra",19.7514798,75.7138884,https://www.google.com/maps?q=19.7514798,75.7138884
store_003477,"SREE SAI AC SERVICE CENTRE (ASP)","Tamil Nadu",11.1271225,78.6568942,https://www.google.com/maps?q=11.1271225,78.6568942
store_003462,"OM ENTERPRISES (ASP)","UP West",27.7996188,78.2931706,https://www.google.com/maps?q=27.7996188,78.2931706
store_003481,"MAHALAKSHMI COOLING SYSTEMS (ASP)","Karnataka",12.9617998,77.63750499999999,https://www.google.com/maps?q=12.9617998,77.63750499999999
store_003467,"UNIVERSAL CARE (ASP)","Haryana",29.0587757,76.085601,https://www.google.com/maps?q=29.0587757,76.085601
store_003469,"MICRO SERVICES (ASP)","Maharashtra",19.7514798,75.7138884,https://www.google.com/maps?q=19.7514798,75.7138884
store_003471,"Kumar Electronics India (Retail)","Delhi",28.7118689,77.1158497,https://www.google.com/maps?q=28.7118689,77.1158497
store_003455,"SAI ENTERPRISES MV PHIII (Retail)","Delhi",28.5354626,77.2807938,https://www.google.com/maps?q=28.5354626,77.2807938
store_003484,"Alfa Air Conditioning (ASP)","Maharashtra",19.7514798,75.7138884,https://www.google.com/maps?q=19.7514798,75.7138884
store_003486,"Shri Balaji Telecom (Retail)","Haryana",29.0587757,76.085601,https://www.google.com/maps?q=29.0587757,76.085601
store_003475,"IQAIR SOLUTIONS (ASP)","Karnataka",15.3172775,75.7138884,https://www.google.com/maps?q=15.3172775,75.7138884
store_003490,"As Engineering Works (Retail)","Lucknow",26.9005601,80.9588577,https://www.google.com/maps?q=26.9005601,80.9588577
store_003489,"Global Enterprises (Retail)","Lucknow",26.8466937,80.94616599999999,https://www.google.com/maps?q=26.8466937,80.94616599999999
store_003488,"Feel Heaven Aircondition (Retail)","Lucknow",26.8861133,80.9951985,https://www.google.com/maps?q=26.8861133,80.9951985
store_003487,"Shivi Enterprises (Retail)","Lucknow",26.8442709,80.88793,https://www.google.com/maps?q=26.8442709,80.88793
store_003491,"Snow Air Conditioner (Retail)","Delhi",28.7040592,77.10249019999999,https://www.google.com/maps?q=28.7040592,77.10249019999999
store_003492,"Radhey Enterprise (Retail)","Delhi",28.6287271,77.08053129999999,https://www.google.com/maps?q=28.6287271,77.08053129999999
store_003496,"Hotspot - Moujpur","Delhi",28.6900409,77.2773667,https://www.google.com/maps?q=28.6900409,77.2773667
store_003500,"Kalka Enterprises (Retail)","Faridabad",28.4790654,77.31934679999999,https://www.google.com/maps?q=28.4790654,77.31934679999999
store_003493,"Mtk Electronics (Retail)","Delhi",28.6894466,77.28599129999999,https://www.google.com/maps?q=28.6894466,77.28599129999999
store_003497,"Gupta Electro Word","Delhi",28.6885591,77.278926,https://www.google.com/maps?q=28.6885591,77.278926
store_003494,"Jain Electronic-Rohtash nagar (Retail)","Delhi",28.6803845,77.2869291,https://www.google.com/maps?q=28.6803845,77.2869291
store_003495,"Gupta Electro Word (Retail)","Delhi",28.6885591,77.278926,https://www.google.com/maps?q=28.6885591,77.278926
store_003501,"Light and Sound","Delhi",28.6579605,77.2844336,https://www.google.com/maps?q=28.6579605,77.2844336
store_003502,"Prince refergeation","Lucknow",26.860172,80.92213199999999,https://www.google.com/maps?q=26.860172,80.92213199999999
store_003505,"SR enterprise","Lucknow",26.7947762,80.90597489999999,https://www.google.com/maps?q=26.7947762,80.90597489999999
store_003503,"Climb Service","Lucknow",26.8362909,80.8481712,https://www.google.com/maps?q=26.8362909,80.8481712
store_003506,"Day Dreamer","Lucknow",26.8639942,80.9982619,https://www.google.com/maps?q=26.8639942,80.9982619
store_003511,"Shadab electronics","Lucknow",26.9045196,80.933403,https://www.google.com/maps?q=26.9045196,80.933403
store_003508,"Sateesh electronics","Lucknow",26.872727,80.890545,https://www.google.com/maps?q=26.872727,80.890545
store_003507,"Golden electronics","Lucknow",26.8711945,80.8996264,https://www.google.com/maps?q=26.8711945,80.8996264
store_003512,"ASP - Depali Enterprise","Delhi",28.7004488,77.2591867,https://www.google.com/maps?q=28.7004488,77.2591867
store_003513,"New Rhtym ( Retail )","Noida",28.6095341,77.3524984,https://www.google.com/maps?q=28.6095341,77.3524984
store_003516,"GOLDEN HITACHI HOME","Kolkata",22.5846499,88.3772212,https://www.google.com/maps?q=22.5846499,88.3772212
store_003515,"Golden refrigeration HO","Kolkata",22.5846499,88.3772212,https://www.google.com/maps?q=22.5846499,88.3772212
store_003517,"GOLDAR AIR-CONDITION ASP","Kolkata",22.5983975,88.4462387,https://www.google.com/maps?q=22.5983975,88.4462387
store_003518,"Cooling Zone","Noida",28.5905695,77.33552949999999,https://www.google.com/maps?q=28.5905695,77.33552949999999
store_003524,"HO ( Salt Lake )","Kolkata",22.5796842,88.414312,https://www.google.com/maps?q=22.5796842,88.414312
store_003526,"VS-Lajpat Nagar","Delhi",28.5649034,77.2403317,https://www.google.com/maps?q=28.5649034,77.2403317
store_003527,"Reliance Digital - Vashi City center","Mumbai",19.0787621,72.9985379,https://www.google.com/maps?q=19.0787621,72.9985379
store_003528,"Refrico","Lucknow",26.8445626,80.9353651,https://www.google.com/maps?q=26.8445626,80.9353651
store_003535,"SADGURU ENTERPRISES","Ahmednagar",19.1109015,74.7292963,https://www.google.com/maps?q=19.1109015,74.7292963
store_003548,"Sanjay electronics","Delhi",28.7040592,77.10249019999999,https://www.google.com/maps?q=28.7040592,77.10249019999999
store_003549,"Anand electronics","Delhi",28.5353212,77.2602816,https://www.google.com/maps?q=28.5353212,77.2602816
store_003533,"Air Corp Engineering","Pune",18.4595971,73.8242491,https://www.google.com/maps?q=18.4595971,73.8242491
store_003532,"CNP AIR FLOW SOLUTION","Pune",18.5246091,73.8786239,https://www.google.com/maps?q=18.5246091,73.8786239
store_003551,"Mahi Traders","Faridabad",28.4116183,77.3352326,https://www.google.com/maps?q=28.4116183,77.3352326
store_003552,"Fine Electronics","Faridabad",28.3392731,77.3209049,https://www.google.com/maps?q=28.3392731,77.3209049
store_003554,"Kolkata Cooling Santoshpur Botkala","Kolkata",22.518683,88.33854439999999,https://www.google.com/maps?q=22.518683,88.33854439999999
store_003556,"The Heritage Asp Centre Rajbadi Uttarpada","Kolkata",22.6429924,88.42234549999999,https://www.google.com/maps?q=22.6429924,88.42234549999999
store_003555,"J P Enterprise Jamuna Nagar","Kolkata",22.4991621,88.4061509,https://www.google.com/maps?q=22.4991621,88.4061509
store_003553,"Cool Care Shyam Bazar","Kolkata",22.5879704,88.36562239999999,https://www.google.com/maps?q=22.5879704,88.36562239999999
store_003562,"Coolcare Air conditioning","Delhi",28.7567533,77.15876589999999,https://www.google.com/maps?q=28.7567533,77.15876589999999
store_003560,"INITIATIVE DATA SYSTEMS","Lucknow",26.7996556,80.9226963,https://www.google.com/maps?q=26.7996556,80.9226963
store_003561,"Sahu electronics","Delhi",28.7412963,77.1199874,https://www.google.com/maps?q=28.7412963,77.1199874
store_003563,"Prakash trading CO.","Delhi",28.6497718,77.2268941,https://www.google.com/maps?q=28.6497718,77.2268941
store_003565,"Cool universe","Kolkata",22.5639935,88.1542511,https://www.google.com/maps?q=22.5639935,88.1542511
store_003564,"S R Enterprise","Kolkata",22.563292,88.3964353,https://www.google.com/maps?q=22.563292,88.3964353
store_003566,"FROSTER Service Center","Kolkata",22.4426432,88.38960639999999,https://www.google.com/maps?q=22.4426432,88.38960639999999
store_003568,"Electromart","Ghaziabad",28.6854378,77.3441114,https://www.google.com/maps?q=28.6854378,77.3441114
store_003569,"A C planet ( ASP )","Kolkata",22.5221296,88.3428295,https://www.google.com/maps?q=22.5221296,88.3428295
store_003653,"Electronics Paradise - Ankur Electronic","Delhi",28.717947,77.0997337,https://www.google.com/maps?q=28.717947,77.0997337
store_003731,"Sachdeva Electronics (P) Ltd","Delhi",28.628566,77.090814,https://www.google.com/maps?q=28.628566,77.090814
store_003734,"New Berco Electronics","Delhi",28.6227575,77.0589959,https://www.google.com/maps?q=28.6227575,77.0589959
store_003721,"Dummy Store","Delhi",28.7040592,77.10249019999999,https://www.google.com/maps?q=28.7040592,77.10249019999999
store_003725,"Razzle Dazzle Electronics","Delhi",28.6582515,77.2842496,https://www.google.com/maps?q=28.6582515,77.2842496
store_003727,"Shri Mangla Electronics","Delhi",28.6777487,77.1624191,https://www.google.com/maps?q=28.6777487,77.1624191
store_003726,"Razzle Dazzle Electronics","Delhi",28.6582515,77.2842496,https://www.google.com/maps?q=28.6582515,77.2842496
store_003831,"Lamba Electronics","Delhi",28.53852,77.25976600000001,https://www.google.com/maps?q=28.53852,77.25976600000001
store_003832,"Mu Engineering Services","Delhi",28.629211,77.09961,https://www.google.com/maps?q=28.629211,77.09961
store_003833,"Neeru Electronics","Delhi",28.5349239,77.2096978,https://www.google.com/maps?q=28.5349239,77.2096978
store_003840,"Daksh Airconditioner (India)","Delhi",28.6082604,77.30299509999999,https://www.google.com/maps?q=28.6082604,77.30299509999999
store_003838,"Thukral Time Center P Ltd","Delhi",28.5429402,77.2522518,https://www.google.com/maps?q=28.5429402,77.2522518
store_003827,"Cool Care Airconditioning","Delhi",28.6761965,77.19976260000001,https://www.google.com/maps?q=28.6761965,77.19976260000001
store_003930,"Value Plus -Jhansi (Sipri Bazaar)","Ghaziabad",28.6691565,77.45375779999999,https://www.google.com/maps?q=28.6691565,77.45375779999999
store_003931,"Value Plus -Agra (Cross Road Mall)","Ghaziabad",28.6691565,77.45375779999999,https://www.google.com/maps?q=28.6691565,77.45375779999999
store_003939,"Value Plus -M/S Jitendra Electronics (Shikohabad)","Ghaziabad",28.6691565,77.45375779999999,https://www.google.com/maps?q=28.6691565,77.45375779999999
store_003934,"Value Plus -Mathura (Dwarkapuri)","Ghaziabad",27.4924134,77.673673,https://www.google.com/maps?q=27.4924134,77.673673
store_003933,"Value Plus -Aligarh (Samad Road)","Ghaziabad",27.8912917,78.0780725,https://www.google.com/maps?q=27.8912917,78.0780725
store_003937,"Value Plus -M/S Shubham Enterprises (Etah)","Ghaziabad",28.6691565,77.45375779999999,https://www.google.com/maps?q=28.6691565,77.45375779999999
store_003932,"Value Plus -Agra(Sanjay Place Agra)","Ghaziabad",27.2002935,78.0083092,https://www.google.com/maps?q=27.2002935,78.0083092
store_003935,"Value Plus -M/S Sarang Electronics (Mainpuri)","Ghaziabad",28.6691565,77.45375779999999,https://www.google.com/maps?q=28.6691565,77.45375779999999
store_003936,"Value Plus -M/S National Electronics (Kasganj)","Ghaziabad",28.6691565,77.45375779999999,https://www.google.com/maps?q=28.6691565,77.45375779999999
store_003938,"Value Plus -M/S S G Enterprises (Hathras)","Ghaziabad",27.5980718,78.0492265,https://www.google.com/maps?q=27.5980718,78.0492265
store_003941,"Value Plus -Brl (Civil Lines)","Ghaziabad",28.7229763,77.3335822,https://www.google.com/maps?q=28.7229763,77.3335822
store_003946,"Value Plus -M/S Digiworld Enterprises (Rampur)","Ghaziabad",28.6691565,77.45375779999999,https://www.google.com/maps?q=28.6691565,77.45375779999999
store_003940,"Value Plus -M/S Swadeshi Electronics(Etawah)","Ghaziabad",26.7829103,79.027659,https://www.google.com/maps?q=26.7829103,79.027659
store_003942,"Value Plus -Brl (Dd Puram)","Ghaziabad",28.6691565,77.45375779999999,https://www.google.com/maps?q=28.6691565,77.45375779999999
store_003949,"Value Plus -Haldwani (Kaladhungi Road)","Haldwani",28.6691565,77.45375779999999,https://www.google.com/maps?q=28.6691565,77.45375779999999
store_003950,"Value Plus -Rudrapur(Udham Singh Nagar)","Ghaziabad",28.9875082,79.4141214,https://www.google.com/maps?q=28.9875082,79.4141214
store_003943,"Value Plus -M/S Sidhbali Retail Private Limited (Chandausi)","Ghaziabad",28.6691565,77.45375779999999,https://www.google.com/maps?q=28.6691565,77.45375779999999
store_003913,"Ace Technomark","Ghaziabad",28.568257,77.32439699999999,https://www.google.com/maps?q=28.568257,77.32439699999999
store_003947,"Value Plus -Ddn (Ballupur Road)","Dehradun",28.6691565,77.45375779999999,https://www.google.com/maps?q=28.6691565,77.45375779999999
store_003912,"Sauraj Electricals","Ghaziabad",28.668038,77.427908,https://www.google.com/maps?q=28.668038,77.427908
store_003944,"Value Plus -M/S Singh Enterprises (Jalalabad)","Ghaziabad",28.7670893,77.5404459,https://www.google.com/maps?q=28.7670893,77.5404459
store_003948,"Value Plus -Ddn (Rajpur Road)","Dehradun",28.6691565,77.45375779999999,https://www.google.com/maps?q=28.6691565,77.45375779999999
store_003945,"Value Plus -M/S Rathore Care (Pilibhit)","Ghaziabad",28.6691565,77.45375779999999,https://www.google.com/maps?q=28.6691565,77.45375779999999
store_003925,"New Rhythm House","Ghaziabad",28.5701426,77.3249538,https://www.google.com/maps?q=28.5701426,77.3249538
store_003920,"Ice Energy Solutions Private Limited","Ghaziabad",28.6755679,77.4811328,https://www.google.com/maps?q=28.6755679,77.4811328
store_003923,"Mishra Refrigeration Engineers Pvt Ltd","Ghaziabad",28.5969965,77.3301335,https://www.google.com/maps?q=28.5969965,77.3301335
store_003921,"Kay Dee Audio Visions Pvt Ltd","Ghaziabad",28.6303373,77.41274609999999,https://www.google.com/maps?q=28.6303373,77.41274609999999
store_003926,"Vimlesh Enterprises","Ghaziabad",28.5868915,77.3365121,https://www.google.com/maps?q=28.5868915,77.3365121
store_003982,"Value Plus -Lko (Gomti Nagar)","Lucknow",28.6691565,77.45375779999999,https://www.google.com/maps?q=28.6691565,77.45375779999999
store_003952,"Value Plus -Ddn (Kashipur)","Dehradun",28.6691565,77.45375779999999,https://www.google.com/maps?q=28.6691565,77.45375779999999
store_003956,"Value Plus -M/S Preet Electricals (Khatima)","Ghaziabad",28.9209151,79.96962769999999,https://www.google.com/maps?q=28.9209151,79.96962769999999
store_003980,"Value Plus -Lko (Abhyuday Tower)","Lucknow",28.6691565,77.45375779999999,https://www.google.com/maps?q=28.6691565,77.45375779999999
store_003953,"Value Plus -Ddn (Rishikesh)","Dehradun",28.6691565,77.45375779999999,https://www.google.com/maps?q=28.6691565,77.45375779999999
store_003951,"Value Plus -Roorkee (Malviya Chowk)","Roorkee",28.6691565,77.45375779999999,https://www.google.com/maps?q=28.6691565,77.45375779999999
store_003957,"Value Plus -M/S Bhagwati Electronics (Kichha)","Ghaziabad",28.6691565,77.45375779999999,https://www.google.com/maps?q=28.6691565,77.45375779999999
store_003958,"Value Plus -Gkp (Deoria)","Gorakhpur",28.6691565,77.45375779999999,https://www.google.com/maps?q=28.6691565,77.45375779999999
store_003954,"Value Plus -M/S Shivam Mart (Bageshwar)","Ghaziabad",28.6691565,77.45375779999999,https://www.google.com/maps?q=28.6691565,77.45375779999999
store_003981,"Value Plus -Lko (Sitapur Road)","Lucknow",28.6691565,77.45375779999999,https://www.google.com/maps?q=28.6691565,77.45375779999999
store_003955,"Value Plus -M/S Titu Enterprises Kbl Plaza (Vikas Nagar Ddn)","Dehradun",28.6691565,77.45375779999999,https://www.google.com/maps?q=28.6691565,77.45375779999999
store_003988,"Value Plus -Lko (Aashiyana)","Lucknow",28.6691565,77.45375779999999,https://www.google.com/maps?q=28.6691565,77.45375779999999
store_003984,"Value Plus -Lko (Mahanagar)","Lucknow",28.6691565,77.45375779999999,https://www.google.com/maps?q=28.6691565,77.45375779999999
store_003983,"Value Plus -Lko Fzb(Ayodhya)","Lucknow",28.6691565,77.45375779999999,https://www.google.com/maps?q=28.6691565,77.45375779999999
store_003985,"Value Plus -Lko (Telibagh)","Lucknow",26.7778797,80.94301720000001,https://www.google.com/maps?q=26.7778797,80.94301720000001
store_003986,"Value Plus -Lko (Vikas Nagar)","Lucknow",28.6691565,77.45375779999999,https://www.google.com/maps?q=28.6691565,77.45375779999999
store_003960,"Value Plus -Gkp (Nasirabad)","Gorakhpur",28.6691565,77.45375779999999,https://www.google.com/maps?q=28.6691565,77.45375779999999
store_003959,"Value Plus -Gkp (Golghar)","Gorakhpur",28.6691565,77.45375779999999,https://www.google.com/maps?q=28.6691565,77.45375779999999
store_003991,"Value Plus -M/S Smart Cooling Solutions (Arjunganj)","Ghaziabad",28.6691565,77.45375779999999,https://www.google.com/maps?q=28.6691565,77.45375779999999
store_003987,"Value Plus -Lko(Gic,Bahraich)","Lucknow",28.6691565,77.45375779999999,https://www.google.com/maps?q=28.6691565,77.45375779999999
store_003989,"Value Plus -Lko (Rai Bareilly)","Lucknow",26.8466937,80.94616599999999,https://www.google.com/maps?q=26.8466937,80.94616599999999
store_003990,"Value Plus -M/S Furniture Point(Shahjahanpur)","Ghaziabad",28.6691565,77.45375779999999,https://www.google.com/maps?q=28.6691565,77.45375779999999
store_003961,"Value Plus -Gkp (Radhika Complex)","Gorakhpur",28.6691565,77.45375779999999,https://www.google.com/maps?q=28.6691565,77.45375779999999
store_003992,"Value Plus -M/S L.D. Enterprises (Gola)","Ghaziabad",28.640038,77.3705108,https://www.google.com/maps?q=28.640038,77.3705108
store_003993,"Value Plus -M/S Shubham Enterprises (Indira Nagar)","Ghaziabad",28.640038,77.3705108,https://www.google.com/maps?q=28.640038,77.3705108
store_003962,"Value Plus -Gkp (Reti Road)","Gorakhpur",28.6691565,77.45375779999999,https://www.google.com/maps?q=28.6691565,77.45375779999999
store_003964,"Value Plus -M/S Singh Electronics (Deoria)","Ghaziabad",28.6691565,77.45375779999999,https://www.google.com/maps?q=28.6691565,77.45375779999999
store_004000,"Value Plus -M/S Sri Balaji Mobiles (Shri Ram Tower)","Ghaziabad",28.6691565,77.45375779999999,https://www.google.com/maps?q=28.6691565,77.45375779999999
store_003997,"Value Plus -M/S Rishi Electronics (Mehmoodabad)","Ghaziabad",28.6691565,77.45375779999999,https://www.google.com/maps?q=28.6691565,77.45375779999999
store_003994,"Value Plus -M/S Agarwal Electronics (Shahjahanpur)","Ghaziabad",28.6691565,77.45375779999999,https://www.google.com/maps?q=28.6691565,77.45375779999999
store_003999,"Value Plus -M/S Amar Agencies (Nanpara)","Ghaziabad",28.6691565,77.45375779999999,https://www.google.com/maps?q=28.6691565,77.45375779999999
store_003996,"Value Plus -M/S Alankar Electronics(Sultanpur)","Ghaziabad",28.6691565,77.45375779999999,https://www.google.com/maps?q=28.6691565,77.45375779999999
store_003995,"Value Plus -M/S Metro Furnitures And Electronics (Hardoi)","Ghaziabad",28.6691565,77.45375779999999,https://www.google.com/maps?q=28.6691565,77.45375779999999
store_003963,"Value Plus -Gkp ( Gorakhnath)","Gorakhpur",26.7605545,83.3731675,https://www.google.com/maps?q=26.7605545,83.3731675
store_003998,"Value Plus -M/S Gaurav Electronics (Gonda)","Ghaziabad",27.1339874,81.96189790000001,https://www.google.com/maps?q=27.1339874,81.96189790000001
store_003969,"Value Plus -M/S Hariyana Traders(Golghar)","Ghaziabad",28.6691565,77.45375779999999,https://www.google.com/maps?q=28.6691565,77.45375779999999
store_003968,"Value Plus -M/S Electronics Palace (Padrauna)","Ghaziabad",28.6691565,77.45375779999999,https://www.google.com/maps?q=28.6691565,77.45375779999999
store_003971,"Value Plus -M/S Shivam Enterprises (Shahjanwa)","Ghaziabad",28.6691565,77.45375779999999,https://www.google.com/maps?q=28.6691565,77.45375779999999
store_003965,"Value Plus -M/S Shri C L Enterprises (Taramandal)","Ghaziabad",28.6691565,77.45375779999999,https://www.google.com/maps?q=28.6691565,77.45375779999999
store_003966,"Value Plus -M/S House Of Electronics (Gandhi Nagar)","Ghaziabad",28.636779,77.369085,https://www.google.com/maps?q=28.636779,77.369085
store_003970,"Value Plus -M/S Jai Hind Electronics (Salempur)","Ghaziabad",28.7185365,77.28992160000001,https://www.google.com/maps?q=28.7185365,77.28992160000001
store_003979,"Value Plus -Knp (Unnao)","Kanpur",28.6691565,77.45375779999999,https://www.google.com/maps?q=28.6691565,77.45375779999999
store_003978,"Value Plus -Knp (Vinoba Nagar)","Kanpur",28.6691565,77.45375779999999,https://www.google.com/maps?q=28.6691565,77.45375779999999
store_003974,"Value Plus -M/S S.A Enterprises (Maharajganj)","Ghaziabad",28.6691565,77.45375779999999,https://www.google.com/maps?q=28.6691565,77.45375779999999
store_003975,"Value Plus -M/S Geetanjali Electronics (Kasia)","Ghaziabad",28.6691565,77.45375779999999,https://www.google.com/maps?q=28.6691565,77.45375779999999
store_003967,"Value Plus -M/S Ashoka Enterprises (Kunraghat)","Ghaziabad",28.6691565,77.45375779999999,https://www.google.com/maps?q=28.6691565,77.45375779999999
store_003977,"Value Plus -Knp (Swaroop Nagar)","Kanpur",28.6691565,77.45375779999999,https://www.google.com/maps?q=28.6691565,77.45375779999999
store_003976,"Value Plus -M/S Shree Balaji Inframart (Siddharthnagar)","Ghaziabad",28.6691565,77.45375779999999,https://www.google.com/maps?q=28.6691565,77.45375779999999
store_003972,"Value Plus -M/S Rajput Enterprises (Khalilabad)","Ghaziabad",28.6691565,77.45375779999999,https://www.google.com/maps?q=28.6691565,77.45375779999999
store_003973,"Value Plus -M/S Electro World And Furniture (Barhalganj)","Ghaziabad",26.2845823,83.5066111,https://www.google.com/maps?q=26.2845823,83.5066111
store_004001,"Value Plus -M/S Satnam Electronics (Gonda)","Ghaziabad",28.6691565,77.45375779999999,https://www.google.com/maps?q=28.6691565,77.45375779999999
store_004013,"Value Plus -M/S Jay Engineering And Electronics (Moradabad)","Ghaziabad",28.8447057,77.65074890000001,https://www.google.com/maps?q=28.8447057,77.65074890000001
store_004002,"Value Plus -M/S Divyansh Enterprises (Maholi Sitapur)","Ghaziabad",28.6691565,77.45375779999999,https://www.google.com/maps?q=28.6691565,77.45375779999999
store_004010,"Value Plus -Saharanpur (Link Road)","Ghaziabad",28.6691565,77.45375779999999,https://www.google.com/maps?q=28.6691565,77.45375779999999
store_004011,"Value Plus -Hapur (New Alok Colony)","Ghaziabad",28.6691565,77.45375779999999,https://www.google.com/maps?q=28.6691565,77.45375779999999
store_004032,"Value Plus -M/S Roop Watch And Mobiles (Ajmer)","Ghaziabad",28.6691565,77.45375779999999,https://www.google.com/maps?q=28.6691565,77.45375779999999
store_004012,"Value Plus -Nod(Ambedkar Road)","Ghaziabad",28.6623572,77.43482139999999,https://www.google.com/maps?q=28.6623572,77.43482139999999
store_004033,"Value Plus -M/S Madaan Electronics (New)","Ghaziabad",28.6774603,77.3710468,https://www.google.com/maps?q=28.6774603,77.3710468
store_004034,"Value Plus -M/S N. K. Plaza(Dholpur)","Ghaziabad",28.6691565,77.45375779999999,https://www.google.com/maps?q=28.6691565,77.45375779999999
store_004035,"Value Plus -M/S Dharmratn Electronics And Mobile (Kekri)","Ghaziabad",28.6691565,77.45375779999999,https://www.google.com/maps?q=28.6691565,77.45375779999999
store_004014,"Value Plus -M/S Mohsin Mobiles (Sambhal)","Ghaziabad",28.6691565,77.45375779999999,https://www.google.com/maps?q=28.6691565,77.45375779999999
store_004019,"Value Plus -M/S Anjani Enterprises (Muradnagar)","Ghaziabad",28.7718326,77.5074593,https://www.google.com/maps?q=28.7718326,77.5074593
store_004016,"Value Plus -M/S K-Mart (Dhanaura)","Ghaziabad",28.6691565,77.45375779999999,https://www.google.com/maps?q=28.6691565,77.45375779999999
store_004040,"Value Plus -M/S Maxx Enterprise (Namchi)","Ghaziabad",28.6691565,77.45375779999999,https://www.google.com/maps?q=28.6691565,77.45375779999999
store_004037,"Value Plus -Slg (Burdwan Road)","Ghaziabad",28.6691565,77.45375779999999,https://www.google.com/maps?q=28.6691565,77.45375779999999
store_004038,"Value Plus -M/S Royal Electronics (Cooch Behar)","Ghaziabad",28.6691565,77.45375779999999,https://www.google.com/maps?q=28.6691565,77.45375779999999
store_004039,"Value Plus -M/S E.T.N.Retails(Birpara)","Ghaziabad",26.7037598,89.1430029,https://www.google.com/maps?q=26.7037598,89.1430029
store_004015,"Value Plus -M/S Jay Engineering And Electronics (Moradabad,Rampur )","Ghaziabad",28.788086,79.02801269999999,https://www.google.com/maps?q=28.788086,79.02801269999999
store_004017,"Value Plus -M/S Ankur Electricals (Sector-18 New)","Ghaziabad",28.6670909,77.4449434,https://www.google.com/maps?q=28.6670909,77.4449434
store_004036,"Value Plus -Slg (Matigara)","Ghaziabad",28.6691565,77.45375779999999,https://www.google.com/maps?q=28.6691565,77.45375779999999
store_004020,"Value Plus -M/S Veetraag Trading Co. (Muzaffarnagar)","Ghaziabad",28.6691565,77.45375779999999,https://www.google.com/maps?q=28.6691565,77.45375779999999
store_004018,"Value Plus -M/S Ankur Electricals (Noida Extn.)","Ghaziabad",28.6063868,77.43959199999999,https://www.google.com/maps?q=28.6063868,77.43959199999999
store_004042,"Value Plus -M/S Maxx Enterprise (Jorethang)","Ghaziabad",28.6691565,77.45375779999999,https://www.google.com/maps?q=28.6691565,77.45375779999999
store_004023,"Value Plus -M/S Mayur T.V. Centre (Baraut)","Ghaziabad",29.1063565,77.2630533,https://www.google.com/maps?q=29.1063565,77.2630533
store_004021,"Value Plus -M/S Goyal Televisions (Jahangirabad)","Ghaziabad",28.665996,77.4400326,https://www.google.com/maps?q=28.665996,77.4400326
store_004004,"Value Plus -M/S V.L.Enterprises(Lakhimpur)","Ghaziabad",28.6691565,77.45375779999999,https://www.google.com/maps?q=28.6691565,77.45375779999999
store_004006,"Value Plus -M/S Manas Electronicd(Faizabad Road)","Ghaziabad",28.6691565,77.45375779999999,https://www.google.com/maps?q=28.6691565,77.45375779999999
store_004047,"Value Plus -Vns (Durgakund)","Varanasi",28.6691565,77.45375779999999,https://www.google.com/maps?q=28.6691565,77.45375779999999
store_004045,"Value Plus -City Electronic ( Thakurganj )","Ghaziabad",28.6691565,77.45375779999999,https://www.google.com/maps?q=28.6691565,77.45375779999999
store_004044,"Value Plus -M/S Manoj Electronics (Jalpaiguri )","Ghaziabad",28.6691565,77.45375779999999,https://www.google.com/maps?q=28.6691565,77.45375779999999
store_004022,"Value Plus -M/S Bharat Television (Bulandshahr)","Ghaziabad",28.406963,77.8498292,https://www.google.com/maps?q=28.406963,77.8498292
store_004041,"Value Plus -M/S Shankar Communication (Maynaguri )","Ghaziabad",28.6691565,77.45375779999999,https://www.google.com/maps?q=28.6691565,77.45375779999999
store_004046,"Value Plus -M/S Samriddhi (Kishanganj)","Ghaziabad",28.6691565,77.45375779999999,https://www.google.com/maps?q=28.6691565,77.45375779999999
store_004049,"Value Plus -Vns(Jaunpur)","Varanasi",28.6691565,77.45375779999999,https://www.google.com/maps?q=28.6691565,77.45375779999999
store_004005,"Value Plus -M/S Jain Electronics(Hardoi)","Ghaziabad",28.6691565,77.45375779999999,https://www.google.com/maps?q=28.6691565,77.45375779999999
store_004003,"Value Plus -M/S Raj Video Centre (Sitapur Road)","Ghaziabad",28.6691565,77.45375779999999,https://www.google.com/maps?q=28.6691565,77.45375779999999
store_004043,"Value Plus -M/S Bhm Commerce Pvt Ltd(Gangtok)","Ghaziabad",28.6691565,77.45375779999999,https://www.google.com/maps?q=28.6691565,77.45375779999999
store_004027,"Value Plus -M/S Anand Shri Enterprises (Bhawani Mandi)","Ghaziabad",24.4054876,75.8214371,https://www.google.com/maps?q=24.4054876,75.8214371
store_004048,"Value Plus -Vns (Maldia)","Varanasi",28.644942,77.335388,https://www.google.com/maps?q=28.644942,77.335388
store_004050,"Value Plus -Vns (Pandeypur)","Varanasi",25.3507382,82.99595630000002,https://www.google.com/maps?q=25.3507382,82.99595630000002
store_004025,"Value Plus -M/S Madhur Sales (Gulaothi)","Ghaziabad",28.5860609,77.7895241,https://www.google.com/maps?q=28.5860609,77.7895241
store_004024,"Value Plus -M/S Tomo Enterprises (Dhampur)","Ghaziabad",29.3080255,78.5033076,https://www.google.com/maps?q=29.3080255,78.5033076
store_004026,"Value Plus -M/S Harish Electronics (Dadri)","Ghaziabad",28.553601,77.55388099999999,https://www.google.com/maps?q=28.553601,77.55388099999999
store_004007,"Value Plus -Nod (Crossing Republic)","Ghaziabad",28.6299672,77.43507699999999,https://www.google.com/maps?q=28.6299672,77.43507699999999
store_004008,"Value Plus -Nod (Vasundhra)","Ghaziabad",28.6586725,77.3652876,https://www.google.com/maps?q=28.6586725,77.3652876
store_004029,"Value Plus -M/S Punjab Electronics(Hindaun)","Ghaziabad",28.6691565,77.45375779999999,https://www.google.com/maps?q=28.6691565,77.45375779999999
store_004028,"Value Plus -M/S Goyal Electronics(Kishangarh)","Ghaziabad",28.6691565,77.45375779999999,https://www.google.com/maps?q=28.6691565,77.45375779999999
store_004009,"Value Plus -Meerut (Chipi Tank)","Ghaziabad",28.6691565,77.45375779999999,https://www.google.com/maps?q=28.6691565,77.45375779999999
store_004031,"Value Plus -M/S Shilu Electronics(Behror)","Ghaziabad",28.6691565,77.45375779999999,https://www.google.com/maps?q=28.6691565,77.45375779999999
store_004030,"Value Plus -M/S Tara Mahendra Agencies (Bharatpur)","Ghaziabad",28.6691565,77.45375779999999,https://www.google.com/maps?q=28.6691565,77.45375779999999
store_004051,"Value Plus -Vns(Nadesar)","Varanasi",28.6691565,77.45375779999999,https://www.google.com/maps?q=28.6691565,77.45375779999999
store_004054,"Value Plus -M/S P.K. Enterprises (Pratapgarh)","Ghaziabad",28.6691565,77.45375779999999,https://www.google.com/maps?q=28.6691565,77.45375779999999
store_004053,"Value Plus -Vns (Sunderpur)","Varanasi",25.2813818,82.985919,https://www.google.com/maps?q=25.2813818,82.985919
store_004052,"Value Plus -Vns (Shivpur)","Varanasi",25.3550649,82.9599637,https://www.google.com/maps?q=25.3550649,82.9599637
store_004055,"Value Plus -M/S Durga Electricals (Shakti Nagar )","Ghaziabad",28.6800116,77.1976346,https://www.google.com/maps?q=28.6800116,77.1976346
store_004056,"Value Plus -M/S Gokul Enterprises (Pratapgarh)","Ghaziabad",28.6691565,77.45375779999999,https://www.google.com/maps?q=28.6691565,77.45375779999999
store_004058,"Value Plus -M/S R.G. Electronics (Ghazipur)","Ghaziabad",28.644942,77.335388,https://www.google.com/maps?q=28.644942,77.335388
store_004059,"Value Plus -M/S Electro World(Azamgarh)","Varanasi",25.3176452,82.9739144,https://www.google.com/maps?q=25.3176452,82.9739144
store_004057,"Value Plus -M/S Radhe Shyam Brajesh Kumar (Mau)","Varanasi",25.3176452,82.9739144,https://www.google.com/maps?q=25.3176452,82.9739144
store_004060,"Value Plus -M/S Shubhkamna Electronics (Mirzapur)","Ghaziabad",28.6500925,77.41640629999999,https://www.google.com/maps?q=28.6500925,77.41640629999999
store_004063,"Value Plus -M/S Utsav Paints Store (Rasra)","Ghaziabad",28.6691565,77.45375779999999,https://www.google.com/maps?q=28.6691565,77.45375779999999
store_004100,"M/S Fine Electronics","Gurgaon",28.4594965,77.0266383,https://www.google.com/maps?q=28.4594965,77.0266383
store_004099,"Koolex Air Conditioners","Gurgaon",28.4598917,77.08348409999999,https://www.google.com/maps?q=28.4598917,77.08348409999999
store_004062,"Value Plus -M/S M R Electricals (Belthara Road)","Ghaziabad",28.6691565,77.45375779999999,https://www.google.com/maps?q=28.6691565,77.45375779999999
store_004061,"Value Plus -M/S Roopa Electronics (Renukoot)","Ghaziabad",28.6691565,77.45375779999999,https://www.google.com/maps?q=28.6691565,77.45375779999999
store_004107,"Prakash Trading Co","Gurgaon",28.4594965,77.0266383,https://www.google.com/maps?q=28.4594965,77.0266383
store_004111,"Anand Electronics","Gurgaon",28.457037,77.0166798,https://www.google.com/maps?q=28.457037,77.0166798
store_004117,"Shree Jee Electronics","Gurgaon",28.4806144,77.09508509999999,https://www.google.com/maps?q=28.4806144,77.09508509999999
store_004143,"Ruchi Electronics","Lucknow",26.9072931,80.94488609999999,https://www.google.com/maps?q=26.9072931,80.94488609999999
store_004140,"Airo-Dynamics","Lucknow",26.8531194,81.001632,https://www.google.com/maps?q=26.8531194,81.001632
store_004141,"Pratap Air Conditioners","Lucknow",26.8810871,80.942788,https://www.google.com/maps?q=26.8810871,80.942788
store_004127,"Soni Electricals","Lucknow",26.8466937,80.94616599999999,https://www.google.com/maps?q=26.8466937,80.94616599999999
store_004146,"Singhal Airconditioning","Lucknow",26.8375705,80.9242233,https://www.google.com/maps?q=26.8375705,80.9242233
store_004133,"Agarwal Electric Co.","Lucknow",26.8436388,80.9279961,https://www.google.com/maps?q=26.8436388,80.9279961
store_004137,"Silver Leaf And Company","Lucknow",26.8466937,80.94616599999999,https://www.google.com/maps?q=26.8466937,80.94616599999999
store_004136,"A & K Infotech Solutions","Lucknow",26.8747019,80.99304090000001,https://www.google.com/maps?q=26.8747019,80.99304090000001
store_004299,"SHREE JAIN TRADERS","Mumbai",18.9539883,72.827257,https://www.google.com/maps?q=18.9539883,72.827257
store_004296,"NAVDEEP ENTERPRISES","Mumbai",19.2287075,72.85977609999999,https://www.google.com/maps?q=19.2287075,72.85977609999999
store_004267,"Amit Distributor","Pune",18.5091944,73.8525283,https://www.google.com/maps?q=18.5091944,73.8525283
store_004316,"IND -SUNSHINE ELECTRONICS","Indore",22.726849,75.8818982,https://www.google.com/maps?q=22.726849,75.8818982
store_004344,"Value Plus Retail","Jaipur",26.9080939,75.742823,https://www.google.com/maps?q=26.9080939,75.742823
store_004367,"KESHAV SALES","Surat",21.215186,72.8223869,https://www.google.com/maps?q=21.215186,72.8223869
store_004369,"D B ENGINEERS","Surat",21.1861246,72.779054,https://www.google.com/maps?q=21.1861246,72.779054
store_004376,"KRISHNA CORPORATION","Surat",21.1910447,72.8842708,https://www.google.com/maps?q=21.1910447,72.8842708
store_004432,"Vasanth & Co","Tamil Nadu",11.1271225,78.6568942,https://www.google.com/maps?q=11.1271225,78.6568942
store_004456,"Rathna Cools Pvt Ltd","Tamil Nadu",13.0410922,80.23725379999999,https://www.google.com/maps?q=13.0410922,80.23725379999999
store_004567,"G K Enterprise","kolkata",22.5743545,88.3628734,https://www.google.com/maps?q=22.5743545,88.3628734
store_004569,"TOTA ENTERPRISE","kolkata",22.5096714,88.3935195,https://www.google.com/maps?q=22.5096714,88.3935195
store_004571,"Himalaya Engineering","kolkata",22.5743545,88.3628734,https://www.google.com/maps?q=22.5743545,88.3628734
store_004572,"A R Cooling","kolkata",22.586225,88.3264492,https://www.google.com/maps?q=22.586225,88.3264492
store_004566,"South point ASP","kolkata",22.5260155,88.3700095,https://www.google.com/maps?q=22.5260155,88.3700095
store_004552,"S D Aircon","Lucknow",26.8730017,80.98715849999999,https://www.google.com/maps?q=26.8730017,80.98715849999999
store_004565,"A D Enterprise ASP","kolkata",22.5743545,88.3628734,https://www.google.com/maps?q=22.5743545,88.3628734
store_004576,"Active service enterprise","kolkata",22.5743545,88.3628734,https://www.google.com/maps?q=22.5743545,88.3628734
store_004577,"H R cooling","kolkata",22.565219,88.35447409999999,https://www.google.com/maps?q=22.565219,88.35447409999999
store_004556,"Computer Electronics","Delhi",28.6817553,77.1980868,https://www.google.com/maps?q=28.6817553,77.1980868
store_004555,"Aradhya Traders (ASP)","Faridabad",28.462217,77.297794,https://www.google.com/maps?q=28.462217,77.297794
store_004559,"Dummy Store","Delhi",28.6967044,77.1442623,https://www.google.com/maps?q=28.6967044,77.1442623
store_004557,"Kashika Trading Co.","Delhi",28.6811521,77.1917465,https://www.google.com/maps?q=28.6811521,77.1917465
store_004554,"Ashoka Trading","Faridabad",28.410537,77.3201442,https://www.google.com/maps?q=28.410537,77.3201442
store_004561,"Happy Refrigeration & Airconditioning Works","Delhi",28.5078681,77.32453780000002,https://www.google.com/maps?q=28.5078681,77.32453780000002
store_004579,"Haier - HO saltlake","kolkata",22.5796842,88.414312,https://www.google.com/maps?q=22.5796842,88.414312
store_004580,"AUM G Electronics","Delhi",28.6737747,77.0897226,https://www.google.com/maps?q=28.6737747,77.0897226
store_004582,"Babajee electronics","Delhi",28.6446722,77.11407439999999,https://www.google.com/maps?q=28.6446722,77.11407439999999
store_004581,"Bbd & Sons Electronics","Lucknow",26.8375461,80.9242252,https://www.google.com/maps?q=26.8375461,80.9242252
store_004584,"Mahajan Electronics","Delhi",28.6510822,77.12503869999999,https://www.google.com/maps?q=28.6510822,77.12503869999999
store_004583,"Super electronics","Delhi",28.7040592,77.10249019999999,https://www.google.com/maps?q=28.7040592,77.10249019999999
store_004585,"Haryana TV centre","Delhi",28.6872224,77.0712818,https://www.google.com/maps?q=28.6872224,77.0712818
store_004587,"Godrej - ASP - Digi Care","Delhi",28.6552134,77.1830698,https://www.google.com/maps?q=28.6552134,77.1830698
store_004586,"R.K. Digital World","Delhi",28.6030975,77.0620847,https://www.google.com/maps?q=28.6030975,77.0620847
store_004597,"Haier - Elsons Electronics","Indore",22.780135,75.909735,https://www.google.com/maps?q=22.780135,75.909735
store_004625,"Haier - R.K. Marketing","Agra",27.1988582,78.00569279999999,https://www.google.com/maps?q=27.1988582,78.00569279999999
store_004635,"Haier - Sahu Agencies Pvt.Ltd-Warehouse09Aadcs4965Q1Zg","Lucknow",26.8214304,80.9104456,https://www.google.com/maps?q=26.8214304,80.9104456
store_004667,"Value Plus Retail Pvt.Ltd-Wh-Vns","Varanasi",25.3185144,82.9916122,https://www.google.com/maps?q=25.3185144,82.9916122
store_004826,"Haier - Kunal Electronics M T H Indore","Indore",22.7188771,75.8631331,https://www.google.com/maps?q=22.7188771,75.8631331
store_004900,"Haier - New Sky Fairy Electronics","Indore",22.7343755,75.831175,https://www.google.com/maps?q=22.7343755,75.831175
store_004969,"Haier - Bulbul Electronic","Indore",22.7381202,75.8473368,https://www.google.com/maps?q=22.7381202,75.8473368
store_005008,"BEHERA REFRIGERATION","Bhubaneshwar",20.2852842,85.866535,https://www.google.com/maps?q=20.2852842,85.866535
store_005012,"ABHIPSA ENTERPRISES","Bhubaneshwar",20.3269048,85.81953050000001,https://www.google.com/maps?q=20.3269048,85.81953050000001
store_005011,"Sai Utility Services","Bhubaneshwar",20.3249254,85.8092403,https://www.google.com/maps?q=20.3249254,85.8092403
store_005013,"COMFORT COOL","Bhubaneshwar",20.2841827,85.8204653,https://www.google.com/maps?q=20.2841827,85.8204653
store_005014,"M/S G N Services","Bhubaneshwar",20.2676573,85.8466456,https://www.google.com/maps?q=20.2676573,85.8466456
store_005020,"J.N Enterprises","Bhubaneshwar",20.2852842,85.866535,https://www.google.com/maps?q=20.2852842,85.866535
store_005019,"Shree Services","Bhubaneshwar",20.2959847,85.8246101,https://www.google.com/maps?q=20.2959847,85.8246101
store_005059,"AA Aircon","Kolkata",22.4662072,88.3021133,https://www.google.com/maps?q=22.4662072,88.3021133
store_005058,"R k Refrigeration","Kolkata",22.5177558,88.3826641,https://www.google.com/maps?q=22.5177558,88.3826641
store_005060,"AN Airtech","Kolkata",22.5415024,88.26925059999999,https://www.google.com/maps?q=22.5415024,88.26925059999999
store_005151,"Shri Mangla Electronics","Delhi",28.6777487,77.1624191,https://www.google.com/maps?q=28.6777487,77.1624191
store_005172,"R.K. Digital World","Delhi",28.6030975,77.0620847,https://www.google.com/maps?q=28.6030975,77.0620847
store_005148,"Om Sai Traders","Delhi",28.7040592,77.10249019999999,https://www.google.com/maps?q=28.7040592,77.10249019999999
store_005256,"Value Plus -Agra (Cross Road Mall)","Ghaziabad",28.6691565,77.45375779999999,https://www.google.com/maps?q=28.6691565,77.45375779999999
store_005265,"Value Plus -M/S Swadeshi Electronics(Etawah)","Ghaziabad",26.7829103,79.027659,https://www.google.com/maps?q=26.7829103,79.027659
store_005255,"Value Plus -Jhansi (Sipri Bazaar)","Ghaziabad",28.6691565,77.45375779999999,https://www.google.com/maps?q=28.6691565,77.45375779999999
store_005266,"Value Plus -Brl (Civil Lines)","Ghaziabad",28.7229763,77.3335822,https://www.google.com/maps?q=28.7229763,77.3335822
store_005267,"Value Plus -Brl (Dd Puram)","Ghaziabad",28.6691565,77.45375779999999,https://www.google.com/maps?q=28.6691565,77.45375779999999
store_005258,"Value Plus -Aligarh (Samad Road)","Ghaziabad",27.8912917,78.0780725,https://www.google.com/maps?q=27.8912917,78.0780725
store_005259,"Value Plus -Mathura (Dwarkapuri)","Ghaziabad",27.4924134,77.673673,https://www.google.com/maps?q=27.4924134,77.673673
store_005268,"Value Plus -M/S Sidhbali Retail Private Limited (Chandausi)","Ghaziabad",28.6691565,77.45375779999999,https://www.google.com/maps?q=28.6691565,77.45375779999999
store_005269,"Value Plus -M/S Singh Enterprises (Jalalabad)","Ghaziabad",28.7670893,77.5404459,https://www.google.com/maps?q=28.7670893,77.5404459
store_005257,"Value Plus -Agra(Sanjay Place Agra)","Ghaziabad",27.2002935,78.0083092,https://www.google.com/maps?q=27.2002935,78.0083092
store_005270,"Value Plus -M/S Rathore Care (Pilibhit)","Ghaziabad",28.6691565,77.45375779999999,https://www.google.com/maps?q=28.6691565,77.45375779999999
store_005260,"Value Plus -M/S Sarang Electronics (Mainpuri)","Ghaziabad",28.6691565,77.45375779999999,https://www.google.com/maps?q=28.6691565,77.45375779999999
store_005272,"Value Plus -Ddn (Ballupur Road)","Dehradun",28.6691565,77.45375779999999,https://www.google.com/maps?q=28.6691565,77.45375779999999
store_005271,"Value Plus -M/S Digiworld Enterprises (Rampur)","Ghaziabad",28.6691565,77.45375779999999,https://www.google.com/maps?q=28.6691565,77.45375779999999
store_005262,"Value Plus -M/S Shubham Enterprises (Etah)","Ghaziabad",28.6691565,77.45375779999999,https://www.google.com/maps?q=28.6691565,77.45375779999999
store_005261,"Value Plus -M/S National Electronics (Kasganj)","Ghaziabad",28.6691565,77.45375779999999,https://www.google.com/maps?q=28.6691565,77.45375779999999
store_005263,"Value Plus -M/S S G Enterprises (Hathras)","Ghaziabad",27.5980718,78.0492265,https://www.google.com/maps?q=27.5980718,78.0492265
store_005264,"Value Plus -M/S Jitendra Electronics (Shikohabad)","Ghaziabad",28.6691565,77.45375779999999,https://www.google.com/maps?q=28.6691565,77.45375779999999
store_005273,"Value Plus -Ddn (Rajpur Road)","Dehradun",28.6691565,77.45375779999999,https://www.google.com/maps?q=28.6691565,77.45375779999999
store_005274,"Value Plus -Haldwani (Kaladhungi Road)","Haldwani",28.6691565,77.45375779999999,https://www.google.com/maps?q=28.6691565,77.45375779999999
store_005276,"Value Plus -Roorkee (Malviya Chowk)","Roorkee",28.6691565,77.45375779999999,https://www.google.com/maps?q=28.6691565,77.45375779999999
store_005275,"Value Plus -Rudrapur(Udham Singh Nagar)","Ghaziabad",28.9875082,79.4141214,https://www.google.com/maps?q=28.9875082,79.4141214
store_005277,"Value Plus -Ddn (Kashipur)","Dehradun",28.6691565,77.45375779999999,https://www.google.com/maps?q=28.6691565,77.45375779999999
store_005278,"Value Plus -Ddn (Rishikesh)","Dehradun",28.6691565,77.45375779999999,https://www.google.com/maps?q=28.6691565,77.45375779999999
store_005279,"Value Plus -M/S Shivam Mart (Bageshwar)","Ghaziabad",28.6691565,77.45375779999999,https://www.google.com/maps?q=28.6691565,77.45375779999999
store_005281,"Value Plus -M/S Preet Electricals (Khatima)","Ghaziabad",28.9209151,79.96962769999999,https://www.google.com/maps?q=28.9209151,79.96962769999999
store_005283,"Value Plus -Gkp (Deoria)","Gorakhpur",28.6691565,77.45375779999999,https://www.google.com/maps?q=28.6691565,77.45375779999999
store_005282,"Value Plus -M/S Bhagwati Electronics (Kichha)","Ghaziabad",28.6691565,77.45375779999999,https://www.google.com/maps?q=28.6691565,77.45375779999999
store_005280,"Value Plus -M/S Titu Enterprises Kbl Plaza (Vikas Nagar Ddn)","Dehradun",28.6691565,77.45375779999999,https://www.google.com/maps?q=28.6691565,77.45375779999999
store_005303,"Value Plus -Knp (Vinoba Nagar)","Kanpur",28.6691565,77.45375779999999,https://www.google.com/maps?q=28.6691565,77.45375779999999
store_005304,"Value Plus -Knp (Unnao)","Kanpur",28.6691565,77.45375779999999,https://www.google.com/maps?q=28.6691565,77.45375779999999
store_005309,"Value Plus -Lko (Mahanagar)","Lucknow",25.3176452,82.9739144,https://www.google.com/maps?q=25.3176452,82.9739144
store_005305,"Value Plus -Lko (Abhyuday Tower)","Lucknow",28.6691565,77.45375779999999,https://www.google.com/maps?q=28.6691565,77.45375779999999
store_005306,"Value Plus -Lko (Sitapur Road)","Lucknow",28.6691565,77.45375779999999,https://www.google.com/maps?q=28.6691565,77.45375779999999
store_005285,"Value Plus -Gkp (Nasirabad)","Gorakhpur",28.6691565,77.45375779999999,https://www.google.com/maps?q=28.6691565,77.45375779999999
store_005308,"Value Plus -Lko Fzb(Ayodhya)","Lucknow",28.6691565,77.45375779999999,https://www.google.com/maps?q=28.6691565,77.45375779999999
store_005311,"Value Plus -Lko (Vikas Nagar)","Lucknow",28.6691565,77.45375779999999,https://www.google.com/maps?q=28.6691565,77.45375779999999
store_005307,"Value Plus -Lko (Gomti Nagar)","Lucknow",28.6691565,77.45375779999999,https://www.google.com/maps?q=28.6691565,77.45375779999999
store_005310,"Value Plus -Lko (Telibagh)","Lucknow",26.7778797,80.94301720000001,https://www.google.com/maps?q=26.7778797,80.94301720000001
store_005288,"Value Plus -Gkp ( Gorakhnath)","Gorakhpur",26.7605545,83.3731675,https://www.google.com/maps?q=26.7605545,83.3731675
store_005316,"Value Plus -M/S Smart Cooling Solutions (Arjunganj)","Ghaziabad",28.6691565,77.45375779999999,https://www.google.com/maps?q=28.6691565,77.45375779999999
store_005286,"Value Plus -Gkp (Radhika Complex)","Gorakhpur",28.6691565,77.45375779999999,https://www.google.com/maps?q=28.6691565,77.45375779999999
store_005289,"Value Plus -M/S Singh Electronics (Deoria)","Ghaziabad",28.6691565,77.45375779999999,https://www.google.com/maps?q=28.6691565,77.45375779999999
store_005314,"Value Plus -Lko (Rai Bareilly)","Lucknow",26.8466937,80.94616599999999,https://www.google.com/maps?q=26.8466937,80.94616599999999
store_005312,"Value Plus -Lko(Gic,Bahraich)","Lucknow",28.6691565,77.45375779999999,https://www.google.com/maps?q=28.6691565,77.45375779999999
store_005284,"Value Plus -Gkp (Golghar)","Gorakhpur",28.6691565,77.45375779999999,https://www.google.com/maps?q=28.6691565,77.45375779999999
store_005313,"Value Plus -Lko (Aashiyana)","Lucknow",28.6691565,77.45375779999999,https://www.google.com/maps?q=28.6691565,77.45375779999999
store_005317,"Value Plus -M/S L.D. Enterprises (Gola)","Ghaziabad",28.640038,77.3705108,https://www.google.com/maps?q=28.640038,77.3705108
store_005315,"Value Plus -M/S Furniture Point(Shahjahanpur)","Ghaziabad",28.6691565,77.45375779999999,https://www.google.com/maps?q=28.6691565,77.45375779999999
store_005318,"Value Plus -M/S Shubham Enterprises (Indira Nagar)","Ghaziabad",28.640038,77.3705108,https://www.google.com/maps?q=28.640038,77.3705108
store_005287,"Value Plus -Gkp (Reti Road)","Gorakhpur",28.6691565,77.45375779999999,https://www.google.com/maps?q=28.6691565,77.45375779999999
store_005291,"Value Plus -M/S House Of Electronics (Gandhi Nagar)","Ghaziabad",28.636779,77.369085,https://www.google.com/maps?q=28.636779,77.369085
store_005319,"Value Plus -M/S Agarwal Electronics (Shahjahanpur)","Ghaziabad",28.6691565,77.45375779999999,https://www.google.com/maps?q=28.6691565,77.45375779999999
store_005321,"Value Plus -M/S Alankar Electronics(Sultanpur)","Ghaziabad",28.6691565,77.45375779999999,https://www.google.com/maps?q=28.6691565,77.45375779999999
store_005320,"Value Plus -M/S Metro Furnitures And Electronics (Hardoi)","Ghaziabad",28.6691565,77.45375779999999,https://www.google.com/maps?q=28.6691565,77.45375779999999
store_005300,"Value Plus -M/S Geetanjali Electronics (Kasia)","Ghaziabad",28.6691565,77.45375779999999,https://www.google.com/maps?q=28.6691565,77.45375779999999
store_005293,"Value Plus -M/S Electronics Palace (Padrauna)","Ghaziabad",28.6691565,77.45375779999999,https://www.google.com/maps?q=28.6691565,77.45375779999999
store_005290,"Value Plus -M/S Shri C L Enterprises (Taramandal)","Ghaziabad",28.6691565,77.45375779999999,https://www.google.com/maps?q=28.6691565,77.45375779999999
store_005322,"Value Plus -M/S Rishi Electronics (Mehmoodabad)","Ghaziabad",28.6691565,77.45375779999999,https://www.google.com/maps?q=28.6691565,77.45375779999999
store_005292,"Value Plus -M/S Ashoka Enterprises (Kunraghat)","Ghaziabad",28.6691565,77.45375779999999,https://www.google.com/maps?q=28.6691565,77.45375779999999
store_005301,"Value Plus -M/S Shree Balaji Inframart (Siddharthnagar)","Ghaziabad",28.6691565,77.45375779999999,https://www.google.com/maps?q=28.6691565,77.45375779999999
store_005302,"Value Plus -Knp (Swaroop Nagar)","Kanpur",28.6691565,77.45375779999999,https://www.google.com/maps?q=28.6691565,77.45375779999999
store_005296,"Value Plus -M/S Shivam Enterprises (Shahjanwa)","Ghaziabad",28.6691565,77.45375779999999,https://www.google.com/maps?q=28.6691565,77.45375779999999
store_005294,"Value Plus -M/S Hariyana Traders(Golghar)","Ghaziabad",28.6691565,77.45375779999999,https://www.google.com/maps?q=28.6691565,77.45375779999999
store_005297,"Value Plus -M/S Rajput Enterprises (Khalilabad)","Ghaziabad",28.6691565,77.45375779999999,https://www.google.com/maps?q=28.6691565,77.45375779999999
store_005298,"Value Plus -M/S Electro World And Furniture (Barhalganj)","Ghaziabad",26.2845823,83.5066111,https://www.google.com/maps?q=26.2845823,83.5066111
store_005295,"Value Plus -M/S Jai Hind Electronics (Salempur)","Ghaziabad",28.7185365,77.28992160000001,https://www.google.com/maps?q=28.7185365,77.28992160000001
store_005299,"Value Plus -M/S S.A Enterprises (Maharajganj)","Ghaziabad",28.6691565,77.45375779999999,https://www.google.com/maps?q=28.6691565,77.45375779999999
store_005328,"Value Plus -M/S Raj Video Centre (Sitapur Road)","Ghaziabad",28.6691565,77.45375779999999,https://www.google.com/maps?q=28.6691565,77.45375779999999
store_005353,"Value Plus -M/S Goyal Electronics(Kishangarh)","Ghaziabad",28.6691565,77.45375779999999,https://www.google.com/maps?q=28.6691565,77.45375779999999
store_005354,"Value Plus -M/S Punjab Electronics(Hindaun)","Ghaziabad",28.6691565,77.45375779999999,https://www.google.com/maps?q=28.6691565,77.45375779999999
store_005323,"Value Plus -M/S Gaurav Electronics (Gonda)","Ghaziabad",27.1339874,81.96189790000001,https://www.google.com/maps?q=27.1339874,81.96189790000001
store_005324,"Value Plus -M/S Amar Agencies (Nanpara)","Ghaziabad",28.6691565,77.45375779999999,https://www.google.com/maps?q=28.6691565,77.45375779999999
store_005326,"Value Plus -M/S Satnam Electronics (Gonda)","Ghaziabad",28.6691565,77.45375779999999,https://www.google.com/maps?q=28.6691565,77.45375779999999
store_005327,"Value Plus -M/S Divyansh Enterprises (Maholi Sitapur)","Ghaziabad",28.6691565,77.45375779999999,https://www.google.com/maps?q=28.6691565,77.45375779999999
store_005351,"Value Plus -M/S Harish Electronics (Dadri)","Ghaziabad",28.553601,77.55388099999999,https://www.google.com/maps?q=28.553601,77.55388099999999
store_005352,"Value Plus -M/S Anand Shri Enterprises (Bhawani Mandi)","Ghaziabad",24.4054876,75.8214371,https://www.google.com/maps?q=24.4054876,75.8214371
store_005355,"Value Plus -M/S Tara Mahendra Agencies (Bharatpur)","Ghaziabad",28.6691565,77.45375779999999,https://www.google.com/maps?q=28.6691565,77.45375779999999
store_005329,"Value Plus -M/S V.L.Enterprises(Lakhimpur)","Ghaziabad",28.6691565,77.45375779999999,https://www.google.com/maps?q=28.6691565,77.45375779999999
store_005325,"Value Plus -M/S Sri Balaji Mobiles (Shri Ram Tower)","Ghaziabad",28.6691565,77.45375779999999,https://www.google.com/maps?q=28.6691565,77.45375779999999
store_005357,"Value Plus -M/S Roop Watch And Mobiles (Ajmer)","Ghaziabad",28.6691565,77.45375779999999,https://www.google.com/maps?q=28.6691565,77.45375779999999
store_005362,"Value Plus -Slg (Burdwan Road)","Ghaziabad",28.6691565,77.45375779999999,https://www.google.com/maps?q=28.6691565,77.45375779999999
store_005356,"Value Plus -M/S Shilu Electronics(Behror)","Ghaziabad",28.6691565,77.45375779999999,https://www.google.com/maps?q=28.6691565,77.45375779999999
store_005358,"Value Plus -M/S Madaan Electronics (New)","Ghaziabad",28.6774603,77.3710468,https://www.google.com/maps?q=28.6774603,77.3710468
store_005330,"Value Plus -M/S Jain Electronics(Hardoi)","Ghaziabad",28.6691565,77.45375779999999,https://www.google.com/maps?q=28.6691565,77.45375779999999
store_005359,"Value Plus -M/S N. K. Plaza(Dholpur)","Ghaziabad",28.6691565,77.45375779999999,https://www.google.com/maps?q=28.6691565,77.45375779999999
store_005331,"Value Plus -M/S Manas Electronicd(Faizabad Road)","Ghaziabad",28.6691565,77.45375779999999,https://www.google.com/maps?q=28.6691565,77.45375779999999
store_005360,"Value Plus -M/S Dharmratn Electronics And Mobile (Kekri)","Ghaziabad",28.6691565,77.45375779999999,https://www.google.com/maps?q=28.6691565,77.45375779999999
store_005361,"Value Plus -Slg (Matigara)","Ghaziabad",28.6691565,77.45375779999999,https://www.google.com/maps?q=28.6691565,77.45375779999999
store_005372,"Value Plus -Vns (Durgakund)","Varanasi",28.6691565,77.45375779999999,https://www.google.com/maps?q=28.6691565,77.45375779999999
store_005370,"Value Plus -City Electronic ( Thakurganj )","Ghaziabad",28.6691565,77.45375779999999,https://www.google.com/maps?q=28.6691565,77.45375779999999
store_005365,"Value Plus -M/S Maxx Enterprise (Namchi)","Ghaziabad",28.6691565,77.45375779999999,https://www.google.com/maps?q=28.6691565,77.45375779999999
store_005337,"Value Plus -Nod(Ambedkar Road)","Ghaziabad",28.6623572,77.43482139999999,https://www.google.com/maps?q=28.6623572,77.43482139999999
store_005364,"Value Plus -M/S E.T.N.Retails(Birpara)","Ghaziabad",26.7037598,89.1430029,https://www.google.com/maps?q=26.7037598,89.1430029
store_005367,"Value Plus -M/S Maxx Enterprise (Jorethang)","Ghaziabad",28.6691565,77.45375779999999,https://www.google.com/maps?q=28.6691565,77.45375779999999
store_005366,"Value Plus -M/S Shankar Communication (Maynaguri )","Ghaziabad",28.6691565,77.45375779999999,https://www.google.com/maps?q=28.6691565,77.45375779999999
store_005334,"Value Plus -Meerut (Chipi Tank)","Ghaziabad",28.6691565,77.45375779999999,https://www.google.com/maps?q=28.6691565,77.45375779999999
store_005363,"Value Plus -M/S Royal Electronics (Cooch Behar)","Ghaziabad",28.6691565,77.45375779999999,https://www.google.com/maps?q=28.6691565,77.45375779999999
store_005371,"Value Plus -M/S Samriddhi (Kishanganj)","Ghaziabad",28.6691565,77.45375779999999,https://www.google.com/maps?q=28.6691565,77.45375779999999
store_005332,"Value Plus -Nod (Crossing Republic)","Ghaziabad",28.6299672,77.43507699999999,https://www.google.com/maps?q=28.6299672,77.43507699999999
store_005333,"Value Plus -Nod (Vasundhra)","Ghaziabad",28.6586725,77.3652876,https://www.google.com/maps?q=28.6586725,77.3652876
store_005368,"Value Plus -M/S Bhm Commerce Pvt Ltd(Gangtok)","Ghaziabad",28.6691565,77.45375779999999,https://www.google.com/maps?q=28.6691565,77.45375779999999
store_005335,"Value Plus -Saharanpur (Link Road)","Ghaziabad",28.6691565,77.45375779999999,https://www.google.com/maps?q=28.6691565,77.45375779999999
store_005336,"Value Plus -Hapur (New Alok Colony)","Ghaziabad",28.6691565,77.45375779999999,https://www.google.com/maps?q=28.6691565,77.45375779999999
store_005369,"Value Plus -M/S Manoj Electronics (Jalpaiguri )","Ghaziabad",28.6691565,77.45375779999999,https://www.google.com/maps?q=28.6691565,77.45375779999999
store_005338,"Value Plus -M/S Jay Engineering And Electronics (Moradabad)","Ghaziabad",28.8447057,77.65074890000001,https://www.google.com/maps?q=28.8447057,77.65074890000001
store_005350,"Value Plus -M/S Madhur Sales (Gulaothi)","Ghaziabad",28.5860609,77.7895241,https://www.google.com/maps?q=28.5860609,77.7895241
store_005339,"Value Plus -M/S Mohsin Mobiles (Sambhal)","Ghaziabad",28.6691565,77.45375779999999,https://www.google.com/maps?q=28.6691565,77.45375779999999
store_005343,"Value Plus -M/S Ankur Electricals (Noida Extn.)","Ghaziabad",28.6063868,77.43959199999999,https://www.google.com/maps?q=28.6063868,77.43959199999999
store_005342,"Value Plus -M/S Ankur Electricals (Sector-18 New)","Ghaziabad",28.6670909,77.4449434,https://www.google.com/maps?q=28.6670909,77.4449434
store_005341,"Value Plus -M/S K-Mart (Dhanaura)","Ghaziabad",28.6691565,77.45375779999999,https://www.google.com/maps?q=28.6691565,77.45375779999999
store_005340,"Value Plus -M/S Jay Engineering And Electronics (Moradabad,Rampur )","Ghaziabad",28.788086,79.02801269999999,https://www.google.com/maps?q=28.788086,79.02801269999999
store_005344,"Value Plus -M/S Anjani Enterprises (Muradnagar)","Ghaziabad",28.7718326,77.5074593,https://www.google.com/maps?q=28.7718326,77.5074593
store_005346,"Value Plus -M/S Goyal Televisions (Jahangirabad)","Ghaziabad",28.665996,77.4400326,https://www.google.com/maps?q=28.665996,77.4400326
store_005347,"Value Plus -M/S Bharat Television (Bulandshahr)","Ghaziabad",28.406963,77.8498292,https://www.google.com/maps?q=28.406963,77.8498292
store_005348,"Value Plus -M/S Mayur T.V. Centre (Baraut)","Ghaziabad",29.1063565,77.2630533,https://www.google.com/maps?q=29.1063565,77.2630533
store_005345,"Value Plus -M/S Veetraag Trading Co. (Muzaffarnagar)","Ghaziabad",28.6691565,77.45375779999999,https://www.google.com/maps?q=28.6691565,77.45375779999999
store_005349,"Value Plus -M/S Tomo Enterprises (Dhampur)","Ghaziabad",29.3080255,78.5033076,https://www.google.com/maps?q=29.3080255,78.5033076
store_005374,"Value Plus -Vns(Jaunpur)","Varanasi",28.6691565,77.45375779999999,https://www.google.com/maps?q=28.6691565,77.45375779999999
store_005373,"Value Plus -Vns (Maldia)","Varanasi",28.644942,77.335388,https://www.google.com/maps?q=28.644942,77.335388
store_005377,"Value Plus -Vns (Shivpur)","Varanasi",28.6691565,77.45375779999999,https://www.google.com/maps?q=28.6691565,77.45375779999999
store_005378,"Value Plus -Vns (Sunderpur)","Varanasi",25.2813818,82.985919,https://www.google.com/maps?q=25.2813818,82.985919
store_005379,"Value Plus -M/S P.K. Enterprises (Pratapgarh)","Ghaziabad",28.6691565,77.45375779999999,https://www.google.com/maps?q=28.6691565,77.45375779999999
store_005375,"Value Plus -Vns (Pandeypur)","Varanasi",28.6691565,77.45375779999999,https://www.google.com/maps?q=28.6691565,77.45375779999999
store_005376,"Value Plus -Vns(Nadesar)","Varanasi",28.6691565,77.45375779999999,https://www.google.com/maps?q=28.6691565,77.45375779999999
store_005381,"Value Plus -M/S Gokul Enterprises (Pratapgarh)","Ghaziabad",28.6691565,77.45375779999999,https://www.google.com/maps?q=28.6691565,77.45375779999999
store_005380,"Value Plus -M/S Durga Electricals (Shakti Nagar )","Ghaziabad",28.6800116,77.1976346,https://www.google.com/maps?q=28.6800116,77.1976346
store_005383,"Value Plus -M/S R.G. Electronics (Ghazipur)","Ghaziabad",28.644942,77.335388,https://www.google.com/maps?q=28.644942,77.335388
store_005384,"Value Plus -M/S Electro World(Azamgarh)","Ghaziabad",28.6691565,77.45375779999999,https://www.google.com/maps?q=28.6691565,77.45375779999999
store_005382,"Value Plus -M/S Radhe Shyam Brajesh Kumar (Mau)","Ghaziabad",28.6691565,77.45375779999999,https://www.google.com/maps?q=28.6691565,77.45375779999999
store_005417,"Gur - Suraj Business Pvt. Ltd.","Gurgaon",28.5082177,77.0309012,https://www.google.com/maps?q=28.5082177,77.0309012
store_005388,"Value Plus -M/S Utsav Paints Store (Rasra)","Ghaziabad",28.6691565,77.45375779999999,https://www.google.com/maps?q=28.6691565,77.45375779999999
store_005387,"Value Plus -M/S M R Electricals (Belthara Road)","Ghaziabad",28.6691565,77.45375779999999,https://www.google.com/maps?q=28.6691565,77.45375779999999
store_005385,"Value Plus -M/S Shubhkamna Electronics (Mirzapur)","Ghaziabad",28.6500925,77.41640629999999,https://www.google.com/maps?q=28.6500925,77.41640629999999
store_005386,"Value Plus -M/S Roopa Electronics (Renukoot)","Ghaziabad",28.6691565,77.45375779999999,https://www.google.com/maps?q=28.6691565,77.45375779999999
store_005450,"Value Plus -Lko (sadar)","Lucknow",26.8466937,80.94616599999999,https://www.google.com/maps?q=26.8466937,80.94616599999999
store_005549,"MAHARASHTRA ELECTRONICS CORPORATION","Pune",18.5101006,73.8465464,https://www.google.com/maps?q=18.5101006,73.8465464
store_005579,"NAVDEEP ENTERPRISES","Mumbai",19.2287075,72.85977609999999,https://www.google.com/maps?q=19.2287075,72.85977609999999
store_005625,"Value Plus Retail","Jaipur",26.9080939,75.742823,https://www.google.com/maps?q=26.9080939,75.742823
store_005710,"Vasanth & Co","Tamil Nadu",11.1271225,78.6568942,https://www.google.com/maps?q=11.1271225,78.6568942
store_005845,"Razzle Dazzle (Shahdara)","Delhi",28.6657899,77.2932455,https://www.google.com/maps?q=28.6657899,77.2932455
store_005846,"Razzle Dazzle","Delhi",28.71084,77.1208223,https://www.google.com/maps?q=28.71084,77.1208223
store_005851,"Lloyd - Khattar Electronics","Delhi",28.8459748,77.0894902,https://www.google.com/maps?q=28.8459748,77.0894902
store_005850,"Kumar electronics Narela","Delhi",28.8502705,77.0874918,https://www.google.com/maps?q=28.8502705,77.0874918
store_005852,"Haier - Samrat electronics","Kolkata",22.4813308,88.3574416,https://www.google.com/maps?q=22.4813308,88.3574416
store_005853,"Haier - Sur sangeet","Kolkata",22.573972,88.389443,https://www.google.com/maps?q=22.573972,88.389443
store_005854,"Haier - Rumi Electronics","Kolkata",22.5743545,88.3628734,https://www.google.com/maps?q=22.5743545,88.3628734
store_005857,"hitachi sales office","Vijay Nagar",22.75521,75.8968202,https://www.google.com/maps?q=22.75521,75.8968202
store_005858,"LG Laminates","Lucknow",26.8279704,80.9429964,https://www.google.com/maps?q=26.8279704,80.9429964
store_005860,"Haier - Wonderland electronics","Kolkata",22.6473469,88.3505826,https://www.google.com/maps?q=22.6473469,88.3505826
store_005862,"Electro cool","Kolkata",22.5743545,88.3628734,https://www.google.com/maps?q=22.5743545,88.3628734
store_005864,"Air care","Lucknow",26.8795226,81.040528,https://www.google.com/maps?q=26.8795226,81.040528
store_005877,"Haier- Durga Electronics, Borivali","Mumbai",19.2289698,72.8593463,https://www.google.com/maps?q=19.2289698,72.8593463
store_005878,"Haier- Lakhani (Opposite to Deluxe Inn, Byculla)","Mumbai",18.9756851,72.8360678,https://www.google.com/maps?q=18.9756851,72.8360678
store_005874,"Nutan Electronics, Santacruz East.","Mumbai",19.0878236,72.90410179999999,https://www.google.com/maps?q=19.0878236,72.90410179999999
store_005882,"Haier- New Raj, Ulhasnagar","Mumbai",18.9582347,72.8319514,https://www.google.com/maps?q=18.9582347,72.8319514
store_005880,"Haier- Raj Ratan, Kalyan West","Mumbai",19.2435741,73.12696849999999,https://www.google.com/maps?q=19.2435741,73.12696849999999
store_005884,"Haier- Nutan Electronics, Santacruz East.","Mumbai",19.0878236,72.90410179999999,https://www.google.com/maps?q=19.0878236,72.90410179999999
store_005885,"Reliance Digital - Kharvela nagar","Bhubaneswar",20.2681649,85.8436476,https://www.google.com/maps?q=20.2681649,85.8436476
store_005887,"Reliance Digital - Patia","Bhubaneswar",20.3510209,85.825289,https://www.google.com/maps?q=20.3510209,85.825289
store_005886,"Reliance Digital - Janpath","Bhubaneswar",20.2565404,85.8331063,https://www.google.com/maps?q=20.2565404,85.8331063
store_005889,"Jeevanjee Plaza","Delhi",28.5403751,77.2579877,https://www.google.com/maps?q=28.5403751,77.2579877
store_005890,"Reliance Digital - Esplanade mall","Bhubaneswar",20.2915292,85.85612189999999,https://www.google.com/maps?q=20.2915292,85.85612189999999
store_005891,"Dinesh jain & sons","Lucknow",26.895717,80.955185,https://www.google.com/maps?q=26.895717,80.955185
store_005914,"Croma - Gujarat High Court","Ahmedabad",23.0788444,72.5254896,https://www.google.com/maps?q=23.0788444,72.5254896
store_005892,"Vasanth &co-tambaram","Chennai",12.9249308,80.1000026,https://www.google.com/maps?q=12.9249308,80.1000026
store_005960,"Patra Electronics-cuttack","Bhubaneswar",20.4598025,85.8816137,https://www.google.com/maps?q=20.4598025,85.8816137
store_005954,"Total Gadget World-north Delhi","Delhi",28.7012434,77.101164,https://www.google.com/maps?q=28.7012434,77.101164
store_005956,"Mobile Mania","Bhubaneswar",20.2044125,85.8497266,https://www.google.com/maps?q=20.2044125,85.8497266
store_005959,"Nilakantha Agency-cuttack","Bhubaneswar",20.462521,85.8829895,https://www.google.com/maps?q=20.462521,85.8829895
store_006009,"Durgashree","Bhubaneswar",20.3484221,85.82458129999999,https://www.google.com/maps?q=20.3484221,85.82458129999999
store_005998,"Kalinga Sales-kantapada","Bhubaneswar",20.289543,85.8459682,https://www.google.com/maps?q=20.289543,85.8459682
store_006052,"Bagga Electronics","Gurgaon",28.4594965,77.0266383,https://www.google.com/maps?q=28.4594965,77.0266383
store_006085,"New Pankaj Electronics","Delhi",28.6066018,77.29544039999999,https://www.google.com/maps?q=28.6066018,77.29544039999999
store_006084,"Nutan Electronics Hardavpuri","Delhi",28.68961060869047,77.2975532,https://www.google.com/maps?q=28.68961060869047,77.2975532
store_006121,"Rakesh Electronic","Delhi",28.7040592,77.10249019999999,https://www.google.com/maps?q=28.7040592,77.10249019999999
store_006125,"Hitachi - Hitachi Home - Lamba Electronic-kalkaji","Delhi",28.5673669,77.24456620000001,https://www.google.com/maps?q=28.5673669,77.24456620000001
store_006141,"Gupta Enterprises","Delhi",28.5755771,77.2273541,https://www.google.com/maps?q=28.5755771,77.2273541
store_006152,"Sai Enterprises","Delhi",28.5354626,77.2807938,https://www.google.com/maps?q=28.5354626,77.2807938
store_006176,"Croma - South Extension","Delhi",28.5684282,77.2177086,https://www.google.com/maps?q=28.5684282,77.2177086
store_006201,"New Tarun Mobile- Nit Faridabad","Gurgaon",28.4594965,77.0266383,https://www.google.com/maps?q=28.4594965,77.0266383
store_006175,"Mohan Electrovision","Gurgaon",28.4717496,77.0242622,https://www.google.com/maps?q=28.4717496,77.0242622
store_006226,"Ms Distributors-raj Nagar Extn","Ghaziabad",28.7250585,77.4493095,https://www.google.com/maps?q=28.7250585,77.4493095
store_006233,"Hitachi - Hitachi Home - Airnet East Delhi","Delhi",28.6034592,77.33531099999999,https://www.google.com/maps?q=28.6034592,77.33531099999999
store_006235,"Krishna Electronics","Delhi",28.7152104,77.1192751,https://www.google.com/maps?q=28.7152104,77.1192751
store_006263,"Pooja Enterprises","Gurgaon",28.4594965,77.0266383,https://www.google.com/maps?q=28.4594965,77.0266383
store_006291,"Sanjay Electricals- Ballabgarh","Gurgaon",28.4594965,77.0266383,https://www.google.com/maps?q=28.4594965,77.0266383
store_006277,"Shree Balaji Appliances","Ghaziabad",28.6235014,77.41536339999999,https://www.google.com/maps?q=28.6235014,77.41536339999999
store_006279,"National Maintainance -sitapur Road","Lucknow",26.8295045,80.8939733,https://www.google.com/maps?q=26.8295045,80.8939733
store_006284,"Gupta Distributors","Bhubaneswar",20.2772344,85.7959111,https://www.google.com/maps?q=20.2772344,85.7959111
store_006301,"Aas Electronic Vasant Kunj","Delhi",28.5267279,77.1524646,https://www.google.com/maps?q=28.5267279,77.1524646
store_006322,"Hitec Industry","Bhubaneswar",20.2780945,85.7943477,https://www.google.com/maps?q=20.2780945,85.7943477
store_006300,"Mk Electronic & Refrigeration Moti Bagh","Delhi",28.5816863,77.1787152,https://www.google.com/maps?q=28.5816863,77.1787152
store_006302,"Rpg Electronic","Delhi",28.7040592,77.10249019999999,https://www.google.com/maps?q=28.7040592,77.10249019999999
store_006353,"Ankur Electronics-noida","Ghaziabad",28.5400728,77.3673695,https://www.google.com/maps?q=28.5400728,77.3673695
store_006331,"N K P Electronics-cantt Lko","Lucknow",26.818768,80.9629884,https://www.google.com/maps?q=26.818768,80.9629884
store_006358,"Malik Electronic","Delhi",28.7040592,77.10249019999999,https://www.google.com/maps?q=28.7040592,77.10249019999999
store_006369,"Mishra Refrigeration-greater Noida West","Ghaziabad",28.5755228,77.4465484,https://www.google.com/maps?q=28.5755228,77.4465484
store_006372,"Bharat Electronics-bapuji Nagar","Bhubaneswar",20.2568457,85.8334457,https://www.google.com/maps?q=20.2568457,85.8334457
store_006407,"Hitachi - Hitachi Home - Supreme Air Con","Delhi",28.6485289,77.1648149,https://www.google.com/maps?q=28.6485289,77.1648149
store_006422,"Om Sai Traders South Sant Nagar","Delhi",28.5541775,77.2512917,https://www.google.com/maps?q=28.5541775,77.2512917
store_006415,"Hitachi - Hitachi Home - Malhotra Enterprises","Gurgaon",28.4777062,77.0736589,https://www.google.com/maps?q=28.4777062,77.0736589
store_006388,"Unbox Electronics-south Delhi","Delhi",28.5476548,77.2292405,https://www.google.com/maps?q=28.5476548,77.2292405
store_006396,"Hitachi - Hitachi Home - R K Vision Lodhi Road","Delhi",28.5844923,77.2203203,https://www.google.com/maps?q=28.5844923,77.2203203
store_006442,"Kumar Electronics-sec-7 Rohini","Delhi",28.7118689,77.1158497,https://www.google.com/maps?q=28.7118689,77.1158497
store_006428,"Hitachi Studio - Super Electronics Vikaspuri","Delhi",28.6393713,77.0822695,https://www.google.com/maps?q=28.6393713,77.0822695
store_006425,"Hitachi Studio - Pragya Communcation","Delhi",28.688867,77.294677,https://www.google.com/maps?q=28.688867,77.294677
store_006460,"Sadana Electric Store-aliganj","Lucknow",26.8942044,80.94238,https://www.google.com/maps?q=26.8942044,80.94238
store_006462,"Haryana T.v. Centre-sultan Puri","Delhi",28.6872224,77.0712818,https://www.google.com/maps?q=28.6872224,77.0712818
store_006461,"Baba Ji Electronics Tegore Garden","Delhi",28.6492702,77.1099409,https://www.google.com/maps?q=28.6492702,77.1099409
store_006470,"Hitachi Studio - Bahadurgarh","Gurgaon",28.4594965,77.0266383,https://www.google.com/maps?q=28.4594965,77.0266383
store_006450,"Sangam Vardhman Electronics-near Mangla Chowk","Delhi",28.6505331,77.23033699999999,https://www.google.com/maps?q=28.6505331,77.23033699999999
store_006451,"Neeru Electronics-malviya Nagar","Delhi",28.5349239,77.2096978,https://www.google.com/maps?q=28.5349239,77.2096978
store_006439,"Amit Enterprises-sarojini Nagar Market","Delhi",28.5770752,77.1965026,https://www.google.com/maps?q=28.5770752,77.1965026
store_006457,"Pahuja Aircon Pvt Ltd-bhawan Road","Gurgaon",28.4577021,77.063102,https://www.google.com/maps?q=28.4577021,77.063102
store_006473,"Happy Refrigeration-dwarka","Delhi",28.5909446,77.044533,https://www.google.com/maps?q=28.5909446,77.044533
store_006476,"Kohli Brothers-karol Bagh","Delhi",28.6549254,77.18901029999999,https://www.google.com/maps?q=28.6549254,77.18901029999999
store_006505,"Deep Paras Electrovision-sectro -10, Faridabad","Gurgaon",28.3692501,77.3265152,https://www.google.com/maps?q=28.3692501,77.3265152
store_006519,"Rakesh Electronices","Delhi",28.7040592,77.10249019999999,https://www.google.com/maps?q=28.7040592,77.10249019999999
store_006502,"Jain Electronics-shahdara","Delhi",28.6803845,77.2869291,https://www.google.com/maps?q=28.6803845,77.2869291
store_006493,"Saraf Cooling Company Pvt Ltd-kanpur","kanpur",26.8466937,80.94616599999999,https://www.google.com/maps?q=26.8466937,80.94616599999999
store_006526,"A Square Electronics- Zakir Nagar South Delhi","Delhi",28.5667113,77.2780645,https://www.google.com/maps?q=28.5667113,77.2780645
store_006546,"New Berco Electronics-hari Nagar","Delhi",28.6281402,77.0999078,https://www.google.com/maps?q=28.6281402,77.0999078
store_006601,"Shree Ram Enterprises Pehladpur","Delhi",28.4997379,77.2909742,https://www.google.com/maps?q=28.4997379,77.2909742
store_006574,"Raj Electronics-r.k Puram-sec 6","Delhi",28.566285,77.1762548,https://www.google.com/maps?q=28.566285,77.1762548
store_006578,"Sahu Electronics-north Delhi","Delhi",28.7412963,77.1199874,https://www.google.com/maps?q=28.7412963,77.1199874
store_006616,"Reliance Digital Cbd Shahdara","Delhi",28.6893144,77.2919663,https://www.google.com/maps?q=28.6893144,77.2919663
store_006614,"Kataria Sales Corporation","Delhi",28.6596335,77.26727389999999,https://www.google.com/maps?q=28.6596335,77.26727389999999
store_006592,"Shyam Lal & Co-delhi Cantt","Delhi",28.7146674,77.1771006,https://www.google.com/maps?q=28.7146674,77.1771006
store_006637,"Sadana Electric Store","Lucknow",26.8142315,80.9033833,https://www.google.com/maps?q=26.8142315,80.9033833
store_006643,"Hitachi - Hitachi Home - Swipetrend Pvt Lmd-danapur","Patna",25.624052,85.0491842,https://www.google.com/maps?q=25.624052,85.0491842
store_006666,"Sai World-mahanadivihar, Nayabazar","Bhubaneswar",20.4630224,85.91052859999999,https://www.google.com/maps?q=20.4630224,85.91052859999999
store_006728,"Shree Bharat Electronics-bhubaneswar","Bhubaneswar",20.2335138,85.81571509999999,https://www.google.com/maps?q=20.2335138,85.81571509999999
store_006758,"Hitachi - Hitachi Home - Golden Refrigeration Co-kolkata","Kolkata",22.5846499,88.3772212,https://www.google.com/maps?q=22.5846499,88.3772212
store_006737,"Hitachi - Hitachi Home - Golden Refrigeration-chadni Chowk","Kolkata",22.5682495,88.3523991,https://www.google.com/maps?q=22.5682495,88.3523991
store_006814,"Great Eastern Trading Co - Vijay Nagar,indore","Indore",22.75521,75.8968202,https://www.google.com/maps?q=22.75521,75.8968202
store_006801,"Rathna Fan House","Chennai",13.0409835,80.2393894,https://www.google.com/maps?q=13.0409835,80.2393894
store_006808,"Ramesh Corporation","Ahmedabad",23.0255542,72.5566812,https://www.google.com/maps?q=23.0255542,72.5566812
store_006792,"Bombay Radio-jail Road","Indore",22.772875,75.9024338,https://www.google.com/maps?q=22.772875,75.9024338
store_006789,"Dial Tone Electronics","Indore",22.7175551,75.8644075,https://www.google.com/maps?q=22.7175551,75.8644075
store_006823,"Vishwa Enterprise-vastral","Ahmedabad",23.0023285,72.6525692,https://www.google.com/maps?q=23.0023285,72.6525692
store_006853,"Jain Traders - Naupada","Mumbai",19.1883622,72.9724142,https://www.google.com/maps?q=19.1883622,72.9724142
store_006854,"Jain Traders-thane Gb Road","Mumbai",19.2672426,72.96088639999999,https://www.google.com/maps?q=19.2672426,72.96088639999999
store_006877,"Jain Traders-samata Nagar","Mumbai",19.2074981,72.9644835,https://www.google.com/maps?q=19.2074981,72.9644835
store_006878,"Db Engineers-surat","Surat",21.1861246,72.779054,https://www.google.com/maps?q=21.1861246,72.779054
store_006925,"Vasanth & Co","Chennai",13.0843007,80.2704622,https://www.google.com/maps?q=13.0843007,80.2704622
store_007010,"Vijay sales - bhatar","Surat",21.168878,72.8206991,https://www.google.com/maps?q=21.168878,72.8206991
store_007024,"Croma - Ashram Road","Ahmedabad",23.0298842,72.5701857,https://www.google.com/maps?q=23.0298842,72.5701857
store_007050,"Vasanth & Co","Chennai",13.0843007,80.2704622,https://www.google.com/maps?q=13.0843007,80.2704622
store_007053,"Vijay Sales-mota Varachha","Surat",21.2375688,72.8765741,https://www.google.com/maps?q=21.2375688,72.8765741
store_007031,"Vasanth & Co","Coimbatore",10.9973691,76.9588876,https://www.google.com/maps?q=10.9973691,76.9588876
store_007033,"Vasanth & Co-singanallur","Coimbatore",11.0007151,77.0289675,https://www.google.com/maps?q=11.0007151,77.0289675
store_007045,"Vijay Sales - Agarkar Nagar Stn Road","Pune",18.5267691,73.8766981,https://www.google.com/maps?q=18.5267691,73.8766981
store_007047,"Vasanth & Co-salem","Coimbatore",10.9973691,76.9588876,https://www.google.com/maps?q=10.9973691,76.9588876
store_007126,"Mann Electronics","Ahmedabad",23.0015301,72.6540868,https://www.google.com/maps?q=23.0015301,72.6540868
store_007130,"Amit Distributor – Sadashiv Peth","Pune",18.5091944,73.8525283,https://www.google.com/maps?q=18.5091944,73.8525283
store_007137,"Alka Electronics","Surat",21.1825913,72.82834559999999,https://www.google.com/maps?q=21.1825913,72.82834559999999
store_007141,"Tv Palace","Surat",21.2103803,72.8530803,https://www.google.com/maps?q=21.2103803,72.8530803
store_007271,"Angel Sales","Surat",21.2115461,72.86433550000001,https://www.google.com/maps?q=21.2115461,72.86433550000001
store_007272,"Vasanth & Co-tindivanam","Chennai",13.0843007,80.2704622,https://www.google.com/maps?q=13.0843007,80.2704622
store_007239,"Vasanth & Co - Nanganallur","Chennai",12.9838085,80.2182128,https://www.google.com/maps?q=12.9838085,80.2182128
store_007250,"Sahjanand Electronics-varachha","Surat",21.20785,72.87061,https://www.google.com/maps?q=21.20785,72.87061
store_007312,"Vasanth &co-ngarcoil","Coimbatore",10.9973691,76.9588876,https://www.google.com/maps?q=10.9973691,76.9588876
store_007311,"Vasanth & Co-dindigul","Coimbatore",11.0172735,76.968608,https://www.google.com/maps?q=11.0172735,76.968608
store_007364,"Kirti Radio And Tv Centre","Mumbai",19.1738922,72.8605986,https://www.google.com/maps?q=19.1738922,72.8605986
store_007368,"Vasanth & Co-namakkal","Coimbatore",10.9973691,76.9588876,https://www.google.com/maps?q=10.9973691,76.9588876
store_007373,"Vijay Sales - Kharadi","Pune",18.5539311,73.9476257,https://www.google.com/maps?q=18.5539311,73.9476257
store_007394,"Vasanth & Co - Mth Road, Padi","Chennai",13.0989817,80.1842368,https://www.google.com/maps?q=13.0989817,80.1842368
store_007449,"Haier - Electrokraft","Bistupur",22.7952005,86.1821544,https://www.google.com/maps?q=22.7952005,86.1821544
store_007448,"Haier - Electrokraft","Jamshedpur",22.7957593,86.2173401,https://www.google.com/maps?q=22.7957593,86.2173401
store_007451,"ASC - R A enterprises","Jamshedpur",22.8045665,86.2028754,https://www.google.com/maps?q=22.8045665,86.2028754
store_007444,"National Electronics","Jamshedpur",22.8018142,86.2050941,https://www.google.com/maps?q=22.8018142,86.2050941
store_007452,"Balaji Electronics, Baramunda","Bhubaneswar",20.2779837,85.79535469999999,https://www.google.com/maps?q=20.2779837,85.79535469999999
store_007453,"Balaji Electronics, Patia","Bhubaneswar",20.3547521,85.82729119999999,https://www.google.com/maps?q=20.3547521,85.82729119999999
store_007446,"Electrokraft","Bistupur",22.7952005,86.1821544,https://www.google.com/maps?q=22.7952005,86.1821544
store_007455,"National electronics","Sakchi",22.8018142,86.2050941,https://www.google.com/maps?q=22.8018142,86.2050941
store_007454,"National electronics Mango","Sakchi",22.8239198,86.2207698,https://www.google.com/maps?q=22.8239198,86.2207698
store_007456,"Haier - Sadana Electric Store","Lucknow",26.8142315,80.9033833,https://www.google.com/maps?q=26.8142315,80.9033833
store_007458,"Samsung office, Goregaon","Mumbai",19.1699547,72.86004539999999,https://www.google.com/maps?q=19.1699547,72.86004539999999
store_007461,"Vijay Sales, HO, Andheri","Mumbai",19.1142318,72.8612493,https://www.google.com/maps?q=19.1142318,72.8612493
store_007463,"Haier - Electromart","Dimna road",22.8399894,86.2303411,https://www.google.com/maps?q=22.8399894,86.2303411
store_007464,"Haier - Electromart","Purulia road",23.3610493,85.4239151,https://www.google.com/maps?q=23.3610493,85.4239151
store_007462,"Samsung - Tata Croma","Bistupur",22.7986055,86.18359389999999,https://www.google.com/maps?q=22.7986055,86.18359389999999
store_007465,"Z M Enterprises ASC Mango","Jamshedpur",22.8186406,86.2158062,https://www.google.com/maps?q=22.8186406,86.2158062
store_007466,"ASP - Plus Service","Ahemdabad",23.0309214,72.5487468,https://www.google.com/maps?q=23.0309214,72.5487468
store_007470,"VS - Marathalli","Bangalore",12.956924,77.701127,https://www.google.com/maps?q=12.956924,77.701127
store_007471,"VS - Jaynagar","Bangalore",12.9259711,77.5620022,https://www.google.com/maps?q=12.9259711,77.5620022
store_007472,"Hitachi home Bhubaneswar","Bhubaneswar",20.2884223,85.85035409999999,https://www.google.com/maps?q=20.2884223,85.85035409999999
store_007473,"ASP - Streamline service centre","Indore",22.7195687,75.8577258,https://www.google.com/maps?q=22.7195687,75.8577258
store_007474,"VS - RR nagar","Bangalore",12.9148603,77.5206395,https://www.google.com/maps?q=12.9148603,77.5206395
store_007475,"VS - kanakpura","Bangalore",12.9427853,77.57792649999999,https://www.google.com/maps?q=12.9427853,77.57792649999999
store_007487,"Sakshi Service","Patna",25.6098313,85.1422922,https://www.google.com/maps?q=25.6098313,85.1422922
store_007483,"Om Prakash Refrigeration","Patna",25.5940942,85.1375784,https://www.google.com/maps?q=25.5940942,85.1375784
store_007476,"A R Cooling - Dum Dum Cantonment","Kolkata",22.6377316,88.4772184,https://www.google.com/maps?q=22.6377316,88.4772184
store_007479,"N & R Services","Patna",25.6165004,85.1120724,https://www.google.com/maps?q=25.6165004,85.1120724
store_007480,"Art Cooling Point And Services","Patna",25.598443,85.2033197,https://www.google.com/maps?q=25.598443,85.2033197
store_007481,"M/S Cool Air Conditioning","Patna",25.6175018,85.0454216,https://www.google.com/maps?q=25.6175018,85.0454216
store_007486,"V2 Services","Patna",25.6070152,85.0911924,https://www.google.com/maps?q=25.6070152,85.0911924
store_007485,"United Air Conditioning Service Center","Patna",25.5940947,85.1375645,https://www.google.com/maps?q=25.5940947,85.1375645
store_007484,"Libya Services","Patna",25.5940947,85.1375645,https://www.google.com/maps?q=25.5940947,85.1375645
store_007478,"A2 Refrigeration","Patna",25.5971049,85.15057259999999,https://www.google.com/maps?q=25.5971049,85.15057259999999
store_007489,"Head office","Patna",25.6120405,85.14039869999999,https://www.google.com/maps?q=25.6120405,85.14039869999999
store_007490,"Grow Nexus Hitach Home","Patna",25.6001098,85.15075680000001,https://www.google.com/maps?q=25.6001098,85.15075680000001
store_007492,"Value Plus - Vns (KANCHANPUR CHITAIPUR)","Varanasi",25.2740023,82.96730219999999,https://www.google.com/maps?q=25.2740023,82.96730219999999
store_007491,"Value Plus -Vns (Ballia)","Varanasi",25.3176452,82.9739144,https://www.google.com/maps?q=25.3176452,82.9739144
store_007493,"Value Plus -Vns (Azamgarh)","Varanasi",25.3176452,82.9739144,https://www.google.com/maps?q=25.3176452,82.9739144
store_007494,"Value Plus - Vns(BABATPUR)","Varanasi",25.4506565,82.8559854,https://www.google.com/maps?q=25.4506565,82.8559854
store_007495,"Value Plus - Vns(RAMNAGAR)","Varanasi",25.27646,83.0334524,https://www.google.com/maps?q=25.27646,83.0334524
store_007496,"Hitachi Home Ventos Enterprises Patna","Patna",25.6161141,85.0825988,https://www.google.com/maps?q=25.6161141,85.0825988
store_007497,"Bosch Home Comfort India (Johnson Control Hitachi)","Ahemdabad",23.2848676,72.3908043,https://www.google.com/maps?q=23.2848676,72.3908043
